id,title,handle,country,subs,videos,views,avg_per_video,views_per_sub,desc_draw_signal,desc_anim_signal,desc_snippet
UCIB5684Q8SDmulSK0zO38Fg,Whiteboard animations,@whiteboardanimations4768,,2,1,4,4.0,2.0,1,1,Here you will see great whiteboard contents.
UC-Kz-zgylcYE7177Dq24Giw,Doodle Video UK- Whiteboard Animation Company,@doodlevideouk,GB,349,142,112632,793.1830985915493,322.72779369627506,1,1,"Doodle Video Whiteboard Videos are amazingly good at getting your point across - whether it's for a company website or a sales presentation, doodle vi"
UCF-uUxo43IPpnEwnR62WGlA,Learn with Whiteboard,@learnwithwhiteboard,IN,98800,288,10260368,35626.27777777778,103.84987854251013,1,1,"Your Visual Guide to Today’s Toughest Topics  At Learn with Whiteboard, we specialize in transforming dense, intricate subjects into concise and capti"
UCrqwCSZdcdPFl-guIUM0RUA,White Board Animation,@whiteboardanimationseries,US,4,5,838,167.6,209.5,1,1,"🎨 Welcome to White Board Animation! We bring general knowledge, fascinating stories, and cool ideas to life through simple, engaging hand-drawn whiteb"
UC5UVK5FDe6yl80_5IH-lbpQ,whiteboardanimations,@whiteboardanimations,,14,14,4212,300.85714285714283,300.85714285714283,1,1,"Got something you want explaining to a wider audience ? Maybe its a service, a product, an app, maybe its a procedure, a concept your trying to sell t"
UCADdFRb3CgwYXr38VhPZnhQ,Doodle Animation-TV,@doodleanimation-tv-long,,10,1,424,424.0,42.4,1,1,"Doodle Animation TV is a channel dedicated to all things doodle animation! We love creating fun, creative, and engaging videos that feature our unique"
UCTJGEVglRiootrEG84Cxuow,Doodle Education,@doodleeducation-b6f,,11,2,1976,988.0,179.63636363636363,1,1,"Doodle Education shares quick, easy-to-understand lessons through doodle animations. From science to history to random fun facts, every video teaches "
UCUIzkOzR1631KeN33_ffA-g,MotioAI – AI Whiteboard Explainer Video Generator,@motioai,ES,5,9,1226,136.22222222222223,245.2,1,0,MotioAI is an AI-powered video creation platform that lets you turn simple prompts into professional whiteboard explainer videos in minutes.  Create e
UCMuwkNtYRSx0VV4MgkA4W3A,The Doodle Station,@thedoodlestation,,2110,359,376483,1048.699164345404,178.42796208530805,1,1,your favorite brown animator    ——|SUBSCRIBE FOR MORE CONTENT !! |——
UCrBVAGfmK_LdmGmgMA2Ammw,Whiteboard Animation Productions,@whiteboardanimationagency,,4,3,1887,629.0,471.75,1,1,Whiteboard Animation Agency called WhiteboardAnimationProductions – by Explainsalot. 
UCou9umbEERJHIzTNI-XdgHQ,Oodle The Doodle,@oodlethedoodle-q4i,,15,4,291,72.75,19.4,1,1,"Why hello there! I'm Oodle The Doodle, and I make Cartoons for a living.  This channel will mainly focus on storytime animations, as well as some anim"
UCumoRe2scdfc4aHGGaCrzXQ,Notio - Whiteboard History & Science,@notioexplained,IN,2,18,317,17.61111111111111,158.5,1,1,"Welcome to Notio— where history, science, and the wildest ""what if"" questions come to life through whiteboard animation.  Ever wondered what would hap"
UC9IIp-JBBGnH-AUSP0fD04w,DOODLE,@doodle.animated,US,360,35,95731,2735.1714285714284,265.9194444444444,1,1,Welcome to Doodle animated! 👋 We make animated cartoon parodies!  We create an animated cartoon every day. It takes a lot of time to create one cartoo
UCQ7G-Fw-tU0LLLLEQafw6mA,DooDle Kids TV,@doodlekidstv.12,US,0,13,49,3.769230769230769,0.0,1,1,"Welcome to Doodle Kids TV – Where Learning Meets Fun! 🌈🎵  Doodle Kids TV is a fun, safe, and educational YouTube channel for toddlers, preschoolers, a"
UCrHikoAQmjQJCFALYuPk58w,Doodle Kids Tv,@doodle_kidstv,US,0,1,0,0.0,0.0,1,1,"Welcome to Doodle Kids TV! 🌟 We create colorful kids cartoons, engaging animated stories, and fun educational videos designed to spark creativity in c"
UCMTTCnubETcqZRahhYWbshg,Danny Doodles,@dannydoodles,GB,41300,33,4303626,130412.90909090907,104.20401937046005,1,1,"Greetings,  If you were to shout Danny in a crowded room, I should turn around - because... welll... that's me!!   Unless I am eating or something shi"
UCvKZpbjtx7nsNGbzLt9YvRg,Doodle Animation ,@doodle-1-d,US,52,26,32291,1241.9615384615386,620.9807692307693,1,1,"Dream 100k subscribers ❤️❤️ Welcome to EchoVerse Stories, where history, science, mystery, and imagination come together.  Explore the world’s greates"
UC_By0mC651QCrX4VQ19qJpA,Doodling Through Education,@doodlingthrougheducation,US,5360,152,163887,1078.203947368421,30.575932835820897,1,0,Doodling Through Education is your go-to YouTube channel for fun and engaging history and science doodling videos accompanied by educational worksheet
UCyAE5OUvmEd1oW4PUOmRVow,Whiteboard Animation Story,@whiteboardanimationstory,IN,1,1,6,6.0,6.0,1,1,We create whiteboard Animation Stories for you.  If you like our Subscribe to our channel and share with you friends 😁  I know you will do it 😜
UCQdXjretJe4Phe3ApnSEK7Q,Exaltus Whiteboard Animation,@exaltusca,CA,2940,102,277537,2720.950980392157,94.40034013605442,1,1,"At Exaltus, we love to turn your complex information into a compelling story with award-winning whiteboard videos. Browse our series of influencer vid"
UC1fDdzv87VdLJ6hue5tBrPA,Doodle Tv,@doodletv.shorts,IN,30,21,20003,952.5238095238096,666.7666666666667,1,1,"🎨 Welcome to Doodle TV! 🧠✨ Your ultimate destination for fun, colorful, and educational animated videos made just for kids!  At Doodle TV, we believe "
UC4nhCRdxFzm3c1Lo1Ey3o7g,whiteboard Animation,@whiteboardanimationnew,,1,3,498,166.0,498.0,1,1,Gross Mind Where Science come into play. Artificial intelligence is changing the world rapidly. We make videos using  AI.
UCdAfYp-CDNJlDYWIMshmPVQ,Doodle Animaker,@doodleanimaker6077,,13,7,1211,173.0,93.15384615384616,1,1,Creative Doodle & Whiteboard Animation using Doodle Animaker software.  Find out more at www.doodleanimaker.com
UChTGHUIf-ejKTQcaQg1nW2Q,Doodle Education,@doodleeducation-l9n,,10,217,1108,5.105990783410138,110.8,1,1,"Meet Doodle, the cheerful yellow and blue learning buddy who makes education fun, creative, and exciting for kids! Doodle helps young learners discove"
UCPNoCO-IKY1PIQZCUqf4OfA,Draw The Life TikTak,@drawthelifetiktak,ES,1450000,1167,363703119,311656.4858611825,250.8297372413793,1,0,Welcome to our channel ❤️  Draw The Life TikTak brings you the best Draw My Life videos! Stories made only with a whiteboard and a marker pen so you c
UCWqKRbCTmGzovzc6lNpxj2A,Doodle Animation,@dodleanimation0,,2,9,154,17.11111111111111,77.0,1,1,Welcome to DOODLE ANIMATION    early learning and fun come together through the power of music. Our videos support toddlers and preschoolers in buildi
UCEaY-Aph96BSRDd3MWtqb0Q,Cartoon Media,@cartoonmedia,GB,342,173,102671,593.4739884393064,300.2076023391813,1,1,"Since 2012, Cartoon Media has been one of the most trusted names in Explainer Video production.  We specialise in animated marketing, training, and co"
UCo72AXCZS4_7ly6sqOLd6tg,Whiteboard Animation Video,@whiteboard-animation-video,EG,1,17,71,4.176470588235294,71.0,1,1,"We have all seen a great teacher use a whiteboard to explain and inspire students. Well, a whiteboard animation videos can do exactly the same. Drawin"
UCoJWyV_ve9T-z6AUm9zR6Lw,Ducky Doodle TV,@duckydoodletv,,146,11,55211,5019.181818181818,378.1575342465753,1,1,"Hi! Welcome to Ducky Doodle TV! A fun place where kids learn English through cheerful songs, cute animations, and our adorable yellow duck friend. Lea"
UCoZHe0WjZ-9CRoeh1-ffBUA,White Board Stories,@mokshved80,,1,2,65,32.5,65.0,1,1,"# Welcome to WhiteBoard Stories! ✍️📖 Welcome to **WhiteBoard Stories**, where learning is simple, fun, and easy to remember. We create whiteboard anim"
UCB4_mc-lEm2USMoUg34U7Hg,Doodle Tv,@doodletvz,IN,3,3,3,1.0,1.0,1,1,Welcome to Doodle Tv Channel!                               + DoodleTV+  Fun & catchy rhymes for kids! Sing and learn with us!  Doodle Tv creates educ
UCaTNrYdNrRvJDyMlU3FX3BA,Whiteboard Finance Explained,@whiteboardfinanceexplained,DE,1,1,7,7.0,7.0,1,1,"Welcome to Whiteboard Finance Explained – your go-to source for simple, visual breakdowns of complex financial topics.  Whether you're a beginner look"
UCwGR_KDiG2lnlIncIcP3wvQ,Doodle Animation ,@doodleanimations-h6c,,5,3,35,11.666666666666666,7.0,1,1,"Welcome to Doodle Animation!  This channel creates fun and educational animation videos for kids. Here you will find nursery rhymes, kids songs, and s"
UCYch71MNFk_Zi3N3gj9ZmHg,Cartoon&Whiteboard Animation,@cartoonwhiteboardanimation,PH,1,7,62,8.857142857142858,62.0,1,1,Welcome to a channel where simple animation meets powerful ideas! 🎨🧠  We create engaging Cartoon and Whiteboard Animation videos that make complex top
UCWJ77pTV0-pcLlilwJYJbxg,Whiteboardly,@whiteboardly,US,4,14,1012,72.28571428571429,253.0,1,1,"Welcome to WHITEBOARDLY  Whiteboardly creates animated explainer videos about science, history, psychology, technology, space, biology, the human body"
UC0JVmxdKrLam80M33jvcIHQ,Draw It Out,@drawitout-10,PK,21,7,2421,345.85714285714283,115.28571428571428,1,1,"Welcome to Draw It Out – Where Ideas Come to Life in Every Stroke!  Hi, My name is Maria Tauqeer. Here, we transform valuable insights into captivatin"
UCFFM55u3C11eQ5hxTZmzQpg,Taani Doodle | Best SaaS & Web Explainer Animation,@taanidoodle,US,67,18,4910,272.77777777777777,73.28358208955224,1,1,"🎨✨ Welcome to my channel! I'm a passionate freelance animator with a magical touch—having had the privilege to work with Disney, I bring that same cre"
UCnGjISG6KQ2IXM_wgnRGRJw,Doodle Animation,@doodleanimation7297,,12,8,418,52.25,34.833333333333336,1,1,Hello everyone I’m an animator and I will animated some random stuff for you so subscribe and i have companion called spidey the spider
UCztJ2g9HGG50oFWu45Tg_0Q,Pill Whiteboard,@pillwhiteboard,AE,11500,13,967191,74399.30769230769,84.1035652173913,1,1,"Pill whiteboard is a medical education channel, simplifying pharmacology in a very light whiteboard animation fashion"
UCQBxA94s18_DShKfgBIwYVw,Doodle Arts ,@doodle-arts,,133000,58,50207228,865641.8620689656,377.4979548872181,1,0,An art chanel 
UC2ssjhUEUsQLbEeBlEkfdmQ,🌈 Doodle Kids Learning,@doodlekidslearningtv,GB,3,37,1878,50.75675675675676,626.0,1,1,"Welcome to **Doodle Kids Learning** 🌈🎓  A fun and colorful learning channel for preschoolers, toddlers, and little beginners! 🧒👧  We make simple, enga"
UCHKN6DYaoybI__z1PI-PvLA,Doodle Animation,@doodleanimation2888,,22,8,655,81.875,29.772727272727277,1,1,
UCsYYksPHiGqXHPoHI-fm5sg,Whiteboard Crypto,@whiteboardcrypto,US,1020000,152,34165661,224774.0855263158,33.495746078431374,1,0,"Welcome to whiteboard crypto, the #1 YouTube channel for crypto education and here we explain topics of the cryptocurrency world using analogies, stor"
UCZ_Fa1cY46v98q2sCXt1NRQ,Jenny - Doodle Animation Channel,@jennyytofficial,,5,3,79,26.33333333333333,15.8,1,1,Hey! Jenny is a tiny animated character who lives with me! She’s coconut animations’ and morphle animation’s old friends from animation school. She al
UCaLLP6hdd6_Dzu68jP2xNfg,Doodle,@doodlemc,,745000,371,163123910,439687.0889487871,218.95826845637583,1,0,cool and fun minecraft videos :)
UC65TVIAWHNfMq5sH6prdwZw,White board animation ,@muhammadmaaz-i3y,,0,2,62,31.0,0.0,1,1," Unlock the Power of Whiteboard Animation Ads!  Boost conversions and engagement with interactive, explainer-style videos that:  Explain complex ideas"
UCROb3QUUpbNzVPBsPebo6Gw,Doodle Fun Toons,@doodlefuntoons,,92,25,6050,242.0,65.76086956521739,1,1,"Welcome to DoodleFunToons!  This is the best place for super fun, colorful, and engaging animated videos just for kids!  We bring silly characters, ex"
UC5XsU2NF7sUnE6_rkaiV6vQ,knowledge whiteboard animation,@knowledgewhiteboardanimati2655,IN,14,8,1159,144.875,82.78571428571429,1,1,"!   Hi , friends  welcome to my about section Here you can find my videos topics !   《》《》《》《》《》《》《》《》《》《》   I  upload a interesting fact about  Knowle"
UC9HzuRQGseyqFPct9phIfUw,The Whiteboard Mindset,@thewhiteboardmindset,US,2,10,82,8.2,41.0,1,1,"Welcome to The Whiteboard Mindset — where big ideas meet simple visuals. We turn powerful self-improvement concepts into short, animated lessons that "
UCnuf06xsaSO8f2svzMENyBw,Doodle and Arkey,@doodleandarkey,US,2580000,1047,1026961025,980860.5778414516,398.0469089147287,1,0,Funny Roblox Content! Subscribe 4 laugh :D  For Business Inquiries: DoodleArkeyYT@Gmail.com 
UCQtFBYBcMzqmsQDr6OMkIdg,The Doodle Explainer ,@doodle_explainer0,,32,2,41,20.5,1.28125,1,1," This channel turns human evolution, psychology, and behavioral science into simple, addictive hand-drawn doodle animations. Using nothing but stick f"
UCqejw6Vn6U509bragaZnM-A,The Human Explainer,@thehumanexplainer-yt,GB,0,1,35,35.0,0.0,1,1,"Why You Are Like This explains the science behind everyday human behavior — sleep, fear, memory, attraction, habit — using real research in hand-drawn"
UCLuIudjbquBATgqkIJxQi6A,Animated History ,@animatedhistoryy,NL,70700,15,7767969,517864.6,109.8722630834512,1,1,Most animated videos today are heavily AI generated. We chose a different path. Every scene in our videos is hand drawn and animated frame by frame by
UCCbuteQQsYomGFk-YbT1Qlg,Draw The Life Tiktak Horror Stories,@drawthelifetiktakhorror,GB,188000,360,14039860,38999.61111111111,74.68010638297872,0,0,Welcome to our channel ❤️   
UCSIEoNkIw_YfJSkIEB8YPFQ,ExplainVisually,@explainvisually6576,,682,223,436955,1959.439461883408,640.6964809384165,1,1,𝐄𝐱𝐩𝐥𝐚𝐢𝐧 𝐕𝐢𝐬𝐮𝐚𝐥𝐥𝐲 - 𝐁𝟐𝐁 𝐚𝐧𝐢𝐦𝐚𝐭𝐢𝐨𝐧 𝐬𝐭𝐮𝐝𝐢𝐨: - We create whiteboard animations for businesses - We create corporate explainer videos - We create visual st
UCp5FN4T3nmtlNcZHPrbvCBw,The Untold Explanation,@theuntoldexplanation,,0,3,0,0.0,0.0,1,1,"The Untold Explanation is an animated explainer channel about the hidden reasons behind everyday things; why supermarkets are laid out like mazes, why"
UCxw5rXp2DpEV8cjuaJ8yWBQ,Draw My Life,@drawmylifeen,US,66900,462,9714153,21026.305194805194,145.20408071748878,1,0,"Welcome to Draw My Life! Do you love being on the edge of your seat? If so, you've come to the right place! Our specialty is to tell scary and horror "
UCCRhZd_Vcv3w-J7B98VET8A,Bra1nly,@bra1nly,VN,4,3,40,13.333333333333334,10.0,1,0,"Bra1nly breaks down the strange, hidden mechanics behind how your mind actually works — memory, perception, behavior, and the science most people neve"
UCD3iV3j8l2ICTYIsLMjwnGQ,Whiteboard Wonders,@whiteboardwonders-k6n,CA,2,2,37,18.5,18.5,1,1,  Whiteboard Wonders  Welcome to **Whiteboard Wonders** – where complex ideas become simple.  We create engaging whiteboard animation videos that expl
UCl5P5LicJTvmos8WTzl6VHQ,eLL cartoons,@ellcartoons,US,1030000,111,165264306,1488867.6216216215,160.45078252427186,0,1,"🐀  Hi  🐀  I’m Lauren ell, but you can call me ell. I have a pet rat named Sweet Potato who is not plastic… (Don’t question it). I have a husband/BFF n"
UCXQy7mNd4Wa29huq2SL-kkA,Here's My Story,@heresmystory,US,895000,139,245010576,1762666.0143884893,273.7548335195531,0,1,You can subscribe to Here's My Story to watch interesting and inspiring short animated stories. We publish new videos every week.   Disclaimer: The ch
UCYzEMRKqrh01-tauv7MYyVQ,MSA,@msa.official,US,27400000,1037,13477686955,12996805.163934426,491.8863852189781,0,1,MSA (My story animated) is a digital platform that provides teenagers and adults the most interesting and life changing stories with the world. 
UCf5ZKoDy80dq-GH6e0_-L5g,Draw My Story,@drawmystory_,US,217000,191,40452379,211792.5602094241,186.4164930875576,0,0,"Hey Folks, Welcome to DRAW MY STORY!!! You can watch here all kind of draw my story horror videos. Yes you heard it right!!! All kind horror and creep"
UCkQ3eqNNaFrBZ_WbnCIMN8w,shgurr_,@shgurr,US,2470000,75,455225621,6069674.946666666,184.3018708502024,0,0, 
UClzXH7iJpGQL5ZbfevOtVjg,Explain In Brush,@explaininbrush,US,3,5,0,0.0,0.0,1,1,"We turn history's strangest, darkest, and most surprising stories into short, hand-drawn animated explainers — from forgotten ancient professions and "
UCcJObmRWopywvCf_4wMuxGw,TikTak Draw - Português,@tiktakdraw-portugues,ES,597000,498,90537768,181802.7469879518,151.65455276381908,1,0,"Bem-vindos a TikTak Draw! Um lugar onde contamos histórias desenhando 😃 No nosso canal você encontrará vídeos tipo Draw My Life sobre curiosidades, at"
UCwD7d7mWTG5yIgOy-2H7wXw,White Circle Productions,@whitecircle638,IN,65,19,2426,127.6842105263158,37.323076923076925,0,1,"Welcome to the ""White Circle Productions"" YouTube Channel! We specialize in creating entertaining animated stories based on folk tales, fairy tales, a"
UCK0wM3KL9rqLojdwa7yc7lg,Animated Videos,@animatedvideos-h3b,,1300,25,14501,580.04,11.154615384615385,1,1,"Welcome to a world where creativity meets simplicity! On this channel, you’ll find unique whiteboard animations and hand-drawn sketch videos that brin"
UCCbwmAuDHUlEHApzqRig_rw,Ruslan | Whiteboard Animation Studio,@ruslanwhiteboardanimation,BR,2,20,222,11.1,111.0,1,1,"I create clear, engaging whiteboard animation and explainer videos for businesses, YouTube channels, and online courses.  If your idea is complex and "
UCyGpbkHLQBDosXghAivSOIQ,Draw My Life Styles,@drawmylifestyles,US,87,165,103910,629.7575757575758,1194.367816091954,1,1,"Draw My Life is a channel where stories come to life through drawings! 🎨✨  Join us as we turn amazing, funny, mysterious, and sometimes scary stories "
UCAtNjkCZ4RrhD-St_KAFPXA,Motionfly,@motionflysocial,,11,15,651,43.4,59.18181818181818,0,0,Storytelling that moves. Unlimited motion design to bring your ideas to life.
UCRDt8v58Utb2lVXG2034w2g,Drawingstories Animated,@drawingstoriesanimated6210,IN,778,20,3967,198.35,5.098971722365039,1,1,Hello! welcome to our channel💞 Drawingstories Animated channel  brings you the most  best stories!🤷‍♀️ In which stories of different characters  is on
UC89TGwQo43S2eauCoYg4H5A,Draw My Story,@drawmystory2019,CA,1220,75,423353,5644.706666666667,347.0106557377049,1,1,"Welcome to Draw My Story!  The purpose of this channel is to give people the opportunity to share their story about heartbreaks, unusual experiences, "
UC6WE9W5O3YCbRsU-qdQpnJw,Naomi_animation,@naomi_animation_011,MA,17,8,3764,470.5,221.41176470588235,1,1,"Welcome to my digital sketchbook! 🎨✨ I’m [Your Name], and I spend way too much time drawing instead of sleeping. What’s going on here? Funny Storytime"
UCu6v4AdYxVH5fhfq9mi5llA,Let Me Explain Studios,@letmeexplainstudios,US,4950000,105,864964913,8237761.076190476,174.74038646464646,0,1,"The creative brain drippings of animator and all around dork, Rebecca Parham!"
UCD3NJ1CCoSfnQujDwqesJpQ,DRAW MY LIFE INDONESIA,@drawmylifeindonesiaofficial,ID,1740000,208,66664437,320502.10096153844,38.312894827586206,1,0,"Hai all, Draw My Life Indonesia adalah konten kreator asli dari Indonesia. Kami sangat menghargai kolaborasi dan kami juga terbuka kepada pihak siapap"
UCZG4zyS2jrptJMg90slv0iw,WeAnim8,@weanim8650,NL,646,86,186206,2165.186046511628,288.24458204334366,0,1,"Ready to finally tell your story in a clear, effective and entertaining way?   WeAnim8 is a full-service animation company that specializes in creatin"
UCYTcaDHnWChAHsJuRfqFjRA,Draw my life for anime,@drawmylifeforanime8644,,2,4,382,95.5,191.0,1,0,
UCYxOCJSL93GtAnj6eexGYfw,The Explainer Man,@explainermanumerwasim,,1,20,112,5.6,112.0,0,1,"Hi, The Explainer Man YouTube Channel is officially managing and started by Umer Wasim, My goal is to help my Client's by having the custom-based 2D A"
UCvHkXcpg8GGCJ-fWnFDtIXg,Dani Explains ,@daniexplainsofficial,BR,0,2,14,7.0,0.0,1,1,"Welcome to Dani Explains 🧠  Every week, I break down the strangest, most disturbing experiments and psychological studies ever conducted — the ones sc"
UCRISCeT0Qq3T9djYz3aGfgQ,My Life Animated,@mylifeanimated7045,US,9,2,121,60.5,13.444444444444445,0,1,"im just a simple person with a family, who happens to know how to draw and animate. So why not tell those  embarrassing stories here, in an animated f"
UCxEloHlVRJxlmU9TMQ8v11Q,Kelsey Animated,@kelseyanimated,US,692000,123,63111384,513100.68292682926,91.20142196531792,1,1,"heyy it's kelsey!! I make all sorts of content ranging from storytimes, sketchbook tours, to whatever artistic endeavors I put myself through. I hope "
UC5ykg312a2ZQrNvQmoDcLug,OsLoop Whiteboard & Animated Explainer Videos,@osloopmediaproduction,US,13000,109,785990,7210.917431192661,60.46076923076923,1,1,OsLoop Media Production is a video and media production company that produces: - Explainer videos. - Whiteboard animation. - Cartoon Animation - 3D Mo
UCpJCE2-PNPRkgOhbGB7AknQ,2D Explainer,@the2dexplaineryt,,5,1,32,32.0,6.4,1,1,"Your brain is full of questions. We're here to answer them.  2D Explainer breaks down the biggest ideas in science, psychology, history, and human beh"
UCzAWTqHFvvVVfBakllwceZg,The Hashtech Ltd,@thehashtechltd,US,0,30,139,4.633333333333334,0.0,0,0,
UCXFOJHeQIKkNyMUIwgHEoMg,Fun Explainers,@funexplainersforeveryone,CA,2,1,195,195.0,97.5,1,1,"Fun Explainers breaks down the hidden technology, infrastructure and systems running your everyday life, in short hand-drawn animated explainer videos"
UChSIKuYundVfsx_ISA8zOhA,SM Story Animated,@smstoryanimated9192,US,3130000,350,513903106,1468294.5885714286,164.18629584664538,0,1,Welcome to SM Story Animated Channel!!! I'm very happy to welcome You.  Here we will create animation and a lot of positive emotions! All audio and vi
UCztGg5gPRwT6bvY5-KOQLaw,"Life, Animated",@lifeanimated1544,BE,6,4,159,39.75,26.5,0,1,"We are Youtubers that animate stories from our life. I do the voice acting, write the scriptand edit, my sister animates. Twitter: https://twitter.com"
UCka-mT6nh7lhfDJdC7QHUpg,The RoxxAi,@theroxxai,IN,2,5,4763,952.6,2381.5,1,1,Welcome to my youtube channel Roxxai  In this channel I share my journey from humble beginnings to building a successful  Follow every step of my stor
UCXW9I3tejb37PGHyHcQc6hA,TikTak Draw,@tiktakdraw,ES,11600000,1532,2396441524,1564256.8694516972,206.58978655172413,1,0,¡Bienvenidos a TikTak Draw! Un lugar donde os contamos historias dibujando :) En nuestro canal podéis encontrar vídeos tipo Draw My Life sobre curiosi
UCJmJG43FjusIv6S8eYnVUhQ,Whiteboard Animated Video,@whiteboardanimatedvideo,US,2,3,1374,458.0,687.0,1,1,"Whiteboard Animated Video is your go-to YouTube channel for engaging, hand-drawn explainer videos! We simplify complex ideas with creative whiteboard "
UCk_exR2F-MF9Tr18qdUaUrw,WeAnimate,@weanimate8495,,0,6,176,29.33333333333333,0.0,0,1,"Our Studio Specializes In Making Custom Made Animation And Explainer Videos For Your Business , We Encourage Making Each Video Special And Matching Th"
UCjcHi9HoVlmWLizpzlLo6aw,Draw My Story Español,@drawmystoryespanol2706,ES,40400,52,9358155,179964.51923076922,231.6375,0,0,Bienvenido a Draw My Story español !!!!
UCkB1RFx1zhs4_IVM_N6vltA,Hand On A Whiteboard,@handonawhiteboard-o6n,,1,1,0,0.0,0.0,1,1,"Hand On A Whiteboard is Canada’s leading whiteboard animation studio, specializing in high-impact visual storytelling through fully hand-drawn, custom"
UC2hm5rD_IrfYRMfq5YQudgA,Haminations,@haminations,US,8980000,118,2376925353,20143435.194915254,264.6910192650334,0,1,College dropout who tells silly little stories about his silly little life on his silly little YouTube channel.  Hi! My name is Bryson and I am an ama
UCSkMF3PSVOejJjG6ZcjPeKw,Del animation ,@del-animation,,13,23,3349,145.6086956521739,257.61538461538464,0,1,animation and story bout my life   
UCN2iTjv-RydCz2wfwmqvpBA,Verstiuk Production,@verstiukproduction1746,US,575,36,117685,3269.027777777778,204.6695652173913,1,1,"▶️ Verstiuk Production is an animated video company serving startups, SMEs, and digital agencies.   ⚡ We create hand-drawn animations, motion graphics"
UCDOqUsgBSU4HPAiNeMBf6pQ,Ambsan Animatics,@ambsananimatics,,2,16,45,2.8125,22.5,0,1,
UCuCRmuX7ETEcrF5rq03M0pg,i-presentations,@i-presentations,,62,38,45166,1188.578947368421,728.483870967742,1,1,"The i-Presentations channel showcases genuine hand drawn presentation videos, SpeedDraw Stop Motion videos and hand crafted high quality videos from i"
UCdVditJRiFjVV_Qvl1bJSww,Leapfrog Animation,@leapfroganimation7942,,7,28,1393,49.75,199.0,1,1,"Tell the story of your brand with a bespoke, hand-drawn film from Leapfrog Animation. Visit us now at  http://leapfroganimation.co.uk/"
UC1p8i9rulVl-GllZg51DNfg,Chhota Market,@chhotamarket,,92,33,23993,727.060606060606,260.7934782608696,0,0,
UCnyrbg0-3GvZyqDSUqVXo2Q,Sticko Explains,@stickoexplains,US,130000,125,11103306,88826.448,85.41004615384615,1,1,"Welcome to Sticko Explains — the stickman survival guide for parents running on snacks, sarcasm, and suspicious silence.  I’m Sticko. I turn real pare"
UCeN7dJXYIc7jx_1uuqWwvpw,Think Ink,@thinkinkgap,GH,5,1,19,19.0,3.8,1,1,"Curiosity changes the way you see the world.  Welcome to Think Ink, where psychology, history, science, and human behavior come together through engag"
UCssJTFJwUbd16Ojdo56nr2A,Goo Jitzu,@goo-jitzu,AU,827000,1251,491365456,392778.1422861711,594.1541185006046,0,0,Welcome to the Official Home of Heroes of Goo Jitzu! 💥 Meteor Madness has arrived… Watch the latest episodes of our heroes stretching beyond limits! G
UC_qs3c0ehDvZkbiEbOj6Drg,Alphablocks,@officialalphablocks,GB,4000000,2097,1904866120,908376.785884597,476.21653,0,0,"The Alphablocks are 26 living letters who discover that whenever they hold hands and make a word, something magical happens. With adventures, songs an"
UCGwu0nbY2wSkW8N-cghnLpA,JaidenAnimations,@jaidenanimations,US,15300000,254,3202259749,12607321.846456692,209.29802281045752,0,1,hi it's jaiden and bird  channel profile picture made by: me channel banner art made by: https://twitter.com/motiCHIKUBI 
UC4mbGBtX6KsE6cHyR6S7--Q,Noviqo,@noviqolearn,YE,32,3,563,187.66666666666663,17.59375,1,1,"Welcome to Noviqo — where complex ideas become simple.  We create engaging Whiteboard Animation videos covering History, Geography, Science, Technolog"
UCv1ulnrecU29kjtIlJfWaIQ,StickFigure Explains,@stickfigure_explains,CA,109000,18,7768412,431578.4444444445,71.26983486238532,0,0,Welcome to my Channel. This is a channel where I just post random videos. Hope you enjoy and have a nice time here.  email: waichunyt205@gmail.com
UCU9iHFmrNgFp1gP75lSkIdA,Unicorn Academy - Official Channel,@unicornacademyofficial,US,682000,1211,307166074,253646.63418662263,450.390137829912,0,0,Welcome unicorn riders 🦄 to your hub for all things Unicorn Academy! Ride with us to unlock the magic and secrets in store at Unicorn Academy. Embrace
UCvM8yl55-61pT3MblIayGGQ,MindTricks,@mindtricks-cat,,0,4,0,0.0,0.0,1,1,"Welcome to MindTricks 🧠  If you are an ambitious overthinker whose mind never shuts off, you're in the right place.   We live in a world of constant n"
UCp-XD7bew6ciUmznDMpV0YQ,"Animation,Drawing and Comedy!!",@animationdrawingandcomedy484,,1,30,404,13.466666666666669,404.0,0,1,Drawing with some animation and some dedpool comedy!!!!
UCb8eZIXGxwX9HLMq77lOuQw,The Real Growth,@itsrealgrowth,PK,0,4,21,5.25,0.0,0,0,"Welcome to The Real Growth – where men level up. We share powerful lessons on mindset, masculinity, success psychology, discipline, and the dark truth"
UCQUnqaW8Q33siyLYhisN7HQ,Antidote,@antidote_thechannel,FR,286000,22,15189854,690447.9090909091,53.11137762237762,0,1,"Hand-crafted animated summaries of the best personal development books. I break down psychology, money, and productivity into ideas you can apply in r"
UCF3MtatHhzwUnxKbhVpKl-Q,The Shadow Will ,@theshadowwill_official,US,4,7,95,13.571428571428571,23.75,0,0,"Welcome to The Shadow Will.  This channel is dedicated to exploring the deepest corners of dark psychology, human nature, and philosophy. We reject to"
UCp6AqhXx9JGiXFSKNl_pmZw,DoodleFoxHub,@doodlefoxhub,NG,266,6,74,12.333333333333334,0.2781954887218045,1,1,🎨✨ Welcome to DoodleFoxHub! 🎥 Dive into the world of funny doodle educational stories where learning meets laughter! From quirky facts and hilarious h
UCAnOPo9FO8-2ag-mRQspeiA,YoyleBook,@yoylebook24,,33,22,14841,674.5909090909091,449.7272727272728,0,0,hi guy I make video
UCxzTKMZKMrcPpCQ8LyGPDUw,Sabrina The Teenage Witch - WildBrain,@sabrinateenagewitchwildbrain,US,131000,836,74516791,89134.91746411483,568.830465648855,0,0,"In the little town of Greendale lives Sabrina Spellman, a cute twelve year-old with a big heart and an even bigger secret.  Sabrina is half mortal and"
UCqjp3vFM1Z-mtpZ4cSoh0Jw,Animated Book Summaries,@animatedbooksummaries4641,CA,2800,17,150127,8831.0,53.61678571428571,0,1,"My goal is to help you make more money, get more done, and have more fun in your day-to-day life. If you want to be healthy, wealthy, wise, and happy,"
UCT_QEGH0myu6lgbE_biQPuw,Drew Talbert,@drewtalbert,US,2720000,866,4364200099,5039492.031177829,1604.485330514706,0,0,"I make funny videos - usually about my 23 years as a waiter. I am also an actor and teach, coach and perform improv."
UC-JLyCgTXDD0OUJ2NAtQwQg,TheCookieRhino,@thecookierhino2385,US,100000,54,5761148,106687.92592592593,57.61148,0,1, I draw cartoons and I like to think I'm funny. 
UCAxYH9DWyVmMpS9NgyxoTFQ,AlanBeckerTutorials,@alanbeckertutorials,,1130000,67,73820990,1101805.8208955224,65.32830973451327,0,1,"My name is Alan Becker, most famous for ""Animator vs. Animation"", a viral video from 2006. Here is where I put my tutorials. I teach animation using A"
UC1-PB6d22auF1pzRMLhFyOg,Sateesh Stories,@sateeshstories,,4,7,21,3.0,5.25,1,1,"""Welcome to Sateeshstories- Where Whiteboard Animation Meets Psychology! 🧠✏️  Explore captivating whiteboard animations and delve into the fascinating"
UCqGilAgLCUkrk6OCJMOSqng,Whiteboard Mind1,@whiteboardmind1,,4,5,463,92.6,115.75,1,1,"Welcome to Whiteboard Mind — your go-to channel for psychology insights, mental health tips, and personal growth, explained in simple whiteboard anima"
UCZzvDDvaYti8Dd8bLEiSoyQ,Beast Animations,@beastanimations,US,9560000,13,63911017,4916232.076923077,6.685252824267782,0,1,
UCRGFP28yMUQWSDObjbioFbw,Daniel Explains,@danielexplains-j6,,0,4,29,7.25,0.0,1,1," Welcome to Daniel Explains.  We simplify psychology, money, and self-improvement with clear whiteboard animations and practical insights.  New videos"
UCwm6s7NBEddS_QtdnEn6-WQ,Dan Abrahams Sport Psychology,@danabrahamssportpsychology,,890,30,12307,410.23333333333335,13.828089887640449,0,0,"Hi, welcome to my Sport Psychology Channel. I`ll be sharing videos from my Soccer Academy, press interviews and lots more on this channel. It will cov"
UC7ZNwQCAIziXf8FrfY7N3IA,Marker Theory,@markertheory,US,10,14,664,47.42857142857143,66.4,1,1,"Why do we do what we do? Marker Theory draws out the answers — human behavior psychology, explained on a whiteboard.  Every episode is a whiteboard-an"
UC3EvIaCx863uhG7ZCUeYvRw,Robotboy,@robotboy9347,GB,393000,175,56264477,321511.2971428572,143.16660814249363,0,0,"Robotboy is a cute, cutting-edge, butt-kicking battle robot who dreams of becoming a real boy.    Created by world-renowned scientist Professor Moshim"
UCo8bcnLyZH8tBIH9V1mLgqQ,TheOdd1sOut,@theodd1sout,US,20800000,207,5873161629,28372761.492753625,282.3635398557692,0,0,"What I use: I have a Wacom Cintiq Pro 24  a Smudge Guard Glove.  https://amzn.to/2zvvUzj  I record on a Shure sm7b,  https://amzn.to/2NKBtwP  I have a"
UCb-KVpN2DBz4p4H8LDlssMQ,sarano,@saranodoodles,IN,11,5,45,9.0,4.090909090909091,1,1,"Simple lines. Big ideas. Sarano turns stick figures into stories that make you think, laugh, and see things differently  mind-bending explainers, and "
UCFyfta6NC_x-iChNNYo5_Dg,Drawing cartoon 2 PRO,@drawingcartoon2pro992,,6,19,2368,124.63157894736842,394.6666666666667,0,1,
UCCEYtEt_X3y0aO24e4Is7uQ,Dristi ,@dristi7742,,0,2,24,12.0,0.0,0,0,
UC2UhuvjTIrR0Ck2KrkvRcuA,Ben and Holly’s Little Kingdom – Official Channel,@benandhollyofficial,GB,4850000,2947,4419173818,1499549.9891415,911.1698593814432,0,0,Welcome to Ben and Holly's Little Kingdom! ✨    A tiny land where flowers and grass rise above the tallest towers! 🌸 The Little Kingdom is home to Pri
UCh0MOhrzWNIgwXtMzss88gw,Quik and Clear,@quikandclear,,1,6,71,11.833333333333334,71.0,1,1,"Explaining ideas with fewer words and more doodles. quick and clear, doodle explainer, whiteboard animation, life advice, psychology simplified, easy "
UCILF1JoX0AAPL96JIN3zeug,Psyche Unfold,@psyche_unfold,,2,9,343,38.11111111111112,171.5,1,1,"Welcome to Psyche Unfold — where we unwrap the mysteries of the human mind.  Dive into fascinating insights about psychology, behavior, emotions, deci"
UC17Z0Z7d3fgiIlQhi9uUcyQ,Sticky Nodes,@stickynodes,US,6,20,833,41.65,138.83333333333334,1,1,"The science of your emotional health and psychology, explained like you're 5, by a stickman who's been there. You can call us your stickman mental-hea"
UCxcnsr1R5Ge_fbTu5ajt8DQ,Bob Ross,@bobross_thejoyofpainting,US,6580000,1333,815845521,612037.1500375094,123.98868100303952,0,0,"The official YouTube channel of ""The Joy of Painting"" and Bob Ross. Watch and paint along with every episode of The Joy of Painting! Happy painting!  "
UC1rf511TyJlFICTvOZhHo1w,CS Ghost Animation,@csghostanimation,,618000,38,87694101,2307739.5,141.89983980582525,1,1,"Stick figures are still cool, right?  Right?  Software: Opentoonz 1.1.2 (NOT FLIPNOTE) Davinci Resolve 1.4"
UCYWF9-qVAEDXuZPo0P915Cw,PsyDraw,@psydraw-f2i,US,96,5,145,29.0,1.5104166666666667,1,1,"🧠 **Welcome to PsyDraw!**  PsyDraw transforms complex psychology concepts into simple, engaging whiteboard animations. Explore the hidden workings of "
UCTBEHfvT9qB0PQ-_UfXJkZg,Jennifer Geller,@jennifergeller6284,,5,6,267,44.5,53.4,0,0,
UCXYh5S8011VgrnlNfl5DuWg,Renwick Psychology,@renwickpsychology,GB,3790,258,659244,2555.2093023255816,173.94300791556728,1,1,"Welcome to the channel!  This channel is dedicated to animated AQA A-Level Psychology lessons, designed to make complex psychological theories clear, "
UC3CnkXjpfiNWeWUKFagSspg,Sickni Drawing and animation,@sicknidrawingandanimation,,67,36,13378,371.6111111111111,199.6716417910448,0,1,
UCca621GeiqO5Cki_SUtKQAg,Drawn To Psyche,@drawntopsyche,NO,9,6,894,149.0,99.33333333333331,1,1,Drawn to Psyche makes deep psychology visible.  We use whiteboard animation to explore the darker and deeper corners of the human mind—from spotting m
UCHu2KNu6TtJ0p4hpSW7Yv7Q,Jazza,@jazza,,6730000,1589,1502109206,945317.310258024,223.19601872213968,0,0,"Subscribe for Audacious Art! I make all sorts of crazy creations, every week!"
UCPRHu3VGmOSH001Coouxp9w,South Park Therapy,@southparktherapy1,US,0,1,21,21.0,0.0,1,1,"Welcome to South Park Therapy — where mental health meets sarcasm.  This channel explains therapy concepts, psychology tricks, and emotional survival "
UCqcXMdm7vew8n6_lepvmuPA,THE DOODLE LAB,@thedoodlelabpro,US,0,1,10,10.0,0.0,1,1,Welcome to The Doodle Lab — where science comes to life through hand-drawn animation. The Doodle Lab creates engaging science explainer videos that tr
UCLT8ktP4l5MZ8lEvO3fKhUw,improvement secrets,@improvementsecrets,US,630,114,77942,683.7017543859649,123.71746031746032,0,0,"Welcome to my channel  IMPROVEMENT SECRETS is dedicated to giving high_quality and informative videos to everyone.  I draw from different  fields, suc"
UC9Ng2uTbBkR8lNF570RNwAQ,The Bias Board,@thebiasboard,,1,6,39,6.5,39.0,1,1,The Bias Board is a whiteboard-animation channel breaking down the cognitive biases and psychology tricks that quietly control your everyday decisions
UCbKWv2x9t6u8yZoB3KcPtnw,Alan Becker,@alanbecker,US,34000000,270,9866256459,36541690.58888889,290.1840135,1,1,"My name is Alan Becker! My team and I make animations about stick figures that live on a computer desktop screen. There is no dialogue, but a lot of h"
UCKDYCHY47yvz-XQRU6EsNKA,The Drawing Cut - Illustrated Movie Commentary,@thedrawingcut,US,74,23,14003,608.8260869565217,189.2297297297297,1,0,"Welcome to The Drawing Curtain, a channel created by artist and creative director Rafael Dante, where cinema and illustration meet.  Here I create ill"
UCdrXiCvqvw9EI4CI411USYA,StickSense,@sticksense13,IN,37,18,10501,583.3888888888889,283.81081081081084,1,1,"Welcome to StickSense — where stick figures make life make sense! 🖊️  We take complicated ideas, life lessons, motivational stories, and everyday stru"
UCYkUeFcjIfouloT82qnr7Ng,Whiteboard Biology,@whiteboardbiology7651,,9160,17,3215490,189146.4705882353,351.0360262008734,1,0,Bringing you interesting scientific concepts in easy to understand whiteboard videos.
UCKZDfTkVzSbtKYRA40lFhqQ,Whiteboard School AI,@whiteboardschoolai,IN,6,5,212,42.4,35.333333333333336,1,1,"Welcome to Whiteboard School! 🎨  Learn complex topics through beautiful AI-powered whiteboard animations. We simplify education with clear, engaging, "
UCOuwU6aYcIgpKDdbekbUS2Q,ChainsFR,@chainsfr,,5460000,73,481813359,6600183.0,88.24420494505495,0,0,i love you
UCpbamk__5xSfzCjc5530zlQ,What If Stick Theory,@whatifsticktheory16,PK,997,1,29,29.0,0.029087261785356,1,1,"Welcome to Stick Theory! We create fun and exciting ""What If"" videos using simple stick figure animations. Explore dinosaurs, space, science, history,"
UCnlQU6wCUV2zCJRSxSzvrAg,History Doodles,@jacqhistorydoodles,US,4670,41,19865,484.5121951219512,4.253747323340472,1,1,"Welcome to History Doodles!   We turn history’s strangest stories, mind-bending psychology, and surprising science into fast-paced, hand-drawn animate"
UCMect4TVPoPYVP5KxarhnQg,Rank Explained,@rankexplainedyt,TR,348,13,27846,2142.0,80.01724137931035,1,1,Welcome to Rank Explained!  Have you ever wondered what it takes to climb to the top of the world’s most dangerous and secretive organizations?  We ex
UCwDJKkLjA6bLIV5w-5JhWRg,doodle learn,@doodlelearnyt,US,9,12,233,19.416666666666668,25.88888888888889,1,0,"History is dark… but it’s also downright ridiculous. From people hanged for stealing a cabbage to peasants executed for talking to cats, we uncover th"
UCy8KBeOp4g2B749unbq1I_Q,WhiteboardDoodles,@whiteboarddoodles24,BA,68900,53,3384063,63850.24528301887,49.1155732946299,1,1,Welcome to WhiteboardDoodles! We simplify tech concepts with engaging and easy-to-follow whiteboard animations. Whether you're diving into computer ba
UCWh3XJDBGfrBb47FrozC41g,Stick Mechanics,@stickmechanics95,US,171,50,64329,1286.58,376.1929824561403,1,1,"Welcome to Stick Mechanics 🚀  At Stick Mechanics, we explain Automobiles, Mechanical Engineering, Physics, and Chemistry using simple and engaging sti"
UCEYElz-o1ES-2wRV7ZEYWTg,Doodle History,@doodlehistoryy,US,2300,66,696879,10558.772727272728,302.9908695652174,1,0,Me like to doodle about history
UCh52NMr1eAwE3w4CvNMm3kg,"Animation, Stick Figures And Live-Action Fan2007",@asfalaf2007,,5490,1638,3466059,2116.0311355311355,631.34043715847,1,1,"Hello guys, this is ASFALAF2007 here. I sometimes do logo blooper videos, animations, crossovers and spoofs, and I do villains defeat videos, because "
UCgEIRLU5jhRMcRLAa0QhJPw,History Doodles,@historiapicta,US,168,26,6940,266.9230769230769,41.30952380952381,1,0,"I make videos about the history's big questions, greatest art, and best stories. I'm a software engineer by trade, and tend to process historical even"
UClar6Ah48mqnEpvo18ExiyA,Historical Doodle,@historicaldoodle-1,,261,86,70615,821.1046511627907,270.55555555555554,1,0,"📜 History, but with simple doodles."
UCPp1F0uKLlqFm1EFkNQCi8w,Stick Figure History,@stickfigurehistory-c9m,,0,2,54,27.0,0.0,1,1,Explaining human history through simple stick-figure animations.  From the first stone tools to the rise of civilization — one story at a time. 
UCLGtqDkvn6JD7CrWPvovsEQ,Doodle History,@historydoodled,JP,23,7,4726,675.1428571428571,205.4782608695652,1,1,"Welcome to Doodle History! 🖍️  We bring the world’s craziest, most epic historical moments to life through retro crayon doodle animation and hilarious"
UCbrHQFqGF3yUYHxaRolFrUA,Stick Explained,@stickexplainedreal,,21,4,437,109.25,20.80952380952381,1,1,"Stick Explained  Welcome to Stick Explained.  Have you ever wondered about the most random, ridiculous, or oddly specific questions? We have too.  Usi"
UC_FStSURaDad8-xo6jH1j4Q,Bernard,@bernardanimationofficial,US,356000,80,34878675,435983.4375,97.97380617977528,1,0,I love making Stick Figure Videos to Discuss Why Life Sucks
UCszwKNzo_rfChvqZj1waUiQ,Infinity Science WHITEBOARD,@infinitysciencewhiteboard,IN,16,9,9259,1028.7777777777778,578.6875,1,1,"Welcome to Infinity Science Whiteboard.  ⭐ Infinity Science Whiteboard explains science and technology concepts in a clear, simple, and engaging way f"
UC9gA0k_brREYQ1arPj_dnCw,WhiteBoard by Akbar,@whiteboardbyakbar,IN,5780,226,462537,2046.6238938053095,80.02370242214533,1,0,"Show your support by like,share and subscribe."
UC72GyQ0o750H-kkoRlBWmoQ,Whiteboard Medicine Simplified,@whiteboardmedicinesimplified,IN,1340,101,111122,1100.217821782178,82.92686567164179,1,0,"""Whiteboard Medicine Simplified"" is an educational YouTube channel dedicated to breaking down complex medical concepts into easy-to-understand explana"
UCgaPif_0rMlOV1F2k5XVb7g,Whiteboard classes,@whiteboardclasses,IN,11500,828,747367,902.6171497584542,64.98843478260869,1,0,"Welcome to my channel! Here you’ll find complete guidance for Banking Exams (IBPS PO, Clerk, SBI PO, Clerk, RRB PO, Clerk, RBI, LIC and other insuranc"
UCdLSow8MG-5ajcxJ9MjqSUA,Gildedguy,@gildedguy,US,893000,120,138591220,1154926.8333333333,155.19733482642778,0,1,"Storytelling through animation, music, and a little golden knight.  Support on Patreon► https://www.patreon.com/gildedguy Watch Live ► http://www.twit"
UCFAm3YFwZMIn09CcuU6KcLQ,White board education,@whiteboardeducation1695,IN,933,245,121863,497.4,130.61414790996784,1,0,Welcome to white board education. The purpose of this channel is to provide best education. #whiteboardeducation  
UCvgvBrxGRasKGrRGv5BSwrQ,White Board Academy,@sonu.ansari94,IN,282,65,50312,774.0307692307692,178.4113475177305,1,0,White Board Academy mein aapka swagat hai😊🙏. Yeh channel un students 🧑‍🎓👩‍🎓 ke liye hai jo  Science & Maths ko simple aur clear tareeke se samajhna ch
UClHClS64yELGkrAnMjPucsA,Alfaisal University Whiteboard,@alfaisaluniversitywhiteboa7539,,6070,14,348108,24864.85714285714,57.3489291598023,1,0,
UCgH0HN0Uk8-q_0toSlHK8VA,History Doodles,@historydoodlessss,US,13,25,4672,186.88,359.38461538461536,1,1,Welcome to History Doodles  where history comes to life through fun stickman animations and hand-drawn doodles!  We create entertaining and educationa
UCly58gB7268VKzsH4zlMMvQ,Siebert Science,@siebertscience,US,481000,163,24339237,149320.47239263804,50.60132432432432,1,0,"Videos to help you learn Anatomy & Physiology!  Welcome to Siebert Science! My name is Justin Siebert, and I have taught science for over a decade: pr"
UC-BHPxmpTTIZ0N2V2Llp7GQ,Whiteboard Academy ,@whiteboardacademy-2023,IN,44000,284,2152371,7578.771126760564,48.917522727272726,1,0,"For all competitive exams        #first grade #first grade vacancy 2024 #1st grade,rpsc 1st grade new vacancy 2024,rpsc 1st grade new vacancy,1st grad"
UCaOfk-PrR2EoImkIihPfbyg,Stick_Mind ,@stickmind26-m7j,AU,6,1,33,33.0,5.5,1,1,"Welcome to StickMind!  Simple stick figures. Powerful ideas.  We create engaging animated videos about psychology, self-improvement, life lessons, suc"
UCmd5Mq39cHKHvLZbEjADXjQ,Stick Figure Animation,@stickfiguranimation-w1f,PK,100,1,14,14.0,0.14,1,1,"Stick Figure Animation brings fun, creative, and engaging stick figure animations to life. On this channel, you’ll find stick figure stories, stick fi"
UClHptD5dWbr9IoWkZ0ElOVQ,The Whiteboard Biologist,@thewhiteboardbiologist,IN,41,2,4940,2470.0,120.48780487804878,1,1,"Welcome to ""The Whiteboard Biologist""!  This is an option for anyone who loves life science and wants to learn more about the fascinating world of bio"
UCQRj36Y2gpLmfydMe2sTEQg,Whiteboard Psychology,@whiteboardpsych,,3,4,44,11.0,14.666666666666666,1,0,"Welcome to Whiteboard Psych — where we break down the psychology of money, behavioral finance, and cognitive biases that quietly control your decision"
UCMmtliJhOOZsHJBx4MU5CZg,StickToons,@sticktoons003,,20,12,17181,1431.75,859.05,1,1,StickToons creates simple stick figure animations that explain relatable psychology and everyday human behavior.  Ever wondered why we overthink conve
UCIE9fd2JZS-Oap6DdQW-qUg,Whiteboard Explanations,@whiteboardexplanations,,12,14,1999,142.78571428571428,166.58333333333334,1,0,"A learning channel, where concepts are explained clearly to make learning easy, logical, and effective. Subscribe to learn with clarity."
UCvRV-y46YcIwwQkOFlhb3Jg,SmartBoardAI,@smartboardai,,12,9,508,56.44444444444444,42.333333333333336,1,1,SmartBoardAI is an AI-powered whiteboard learning channel that helps you learn complex concepts visually.  We create educational videos using AI-drive
UC8v8TbVZ6wAhPtxSO9ErY5A,Zenn,@zennn008,GB,12,2,43,21.5,3.583333333333333,1,1,"Welcome to Zenn — a channel where minimalist stick figure animation meets real stories, psychology, science, comedy, and everyday life. Every video is"
UCoDS8qMSU5SLamZkf1ABDIA,The Whiteboard Engineer,@thewhiteboardengineer,,1,2,16,8.0,16.0,1,0,Teach and discuss about Data and AI!
UCLcSynBLpIf51CfKpcRkImA,Magical Whiteboard Educational Channel,@anantadevpal,IN,6100,1765,4841091,2742.82776203966,793.6214754098361,1,0,THIS CHANNEL IS  DEDICATED TO ALL LEARNERS TO HELP THEM TO LEARN BASIC AND DEEP KNOWLEDGE OF EVERY TOPICS OF COMPUTER SCIENCE & ENGINEERING & COMPETIT
UCQ-PA2GYKYMJ1oauBtqqZHw,Stick Figure Blueprint,@stickfigureblueprint,,49,55,15376,279.5636363636364,313.7959183673469,1,1,"This channel turns big life lessons into clean, visual stick-figure animations that are easy to understand and impossible to forget.  If you want to: "
UCFFg9Im60Rq6jrojQCrryCA,Whiteboard Science,@whiteboardscience2194,,3,2,45,22.5,15.0,1,0,Easy to understand science tutorials made by two siblings! We specialize in physics and math. Our channel aims to teach science concepts through the u
UCt8AFtdYHHCh85QKN4dbusg,Doodle History,@doodlehistoryhq,PT,56,142,22388,157.66197183098592,399.7857142857143,1,0,"Doodle History turns the past into fast, dramatic, stick‑figure stories. Big moments, strange turns, and the people behind them — drawn simple so the "
UC8czjuG47EgqZGRbAPzpmsw,Mici Animations,@micianimations,,1340000,189,275871486,1459637.492063492,205.8742432835821,0,1,
UCEGcXNR0i6fG7NEUS5lDMgw,Stick Man Solves,@stickmansolves-s4x,IN,159,94,43392,461.6170212765957,272.9056603773585,1,1,Stick Man Solves  Tired of complex explanations? You've come to the right place! Stick Man breaks down big ideas—from the Pareto Principle and Psychol
UCt7vN_ihqLbL9P6T0Iu9Vmg,Whiteboard Wise,@whiteboardwise,IN,9,11,1003,91.1818181818182,111.44444444444444,1,1,"Welcome to Whiteboard Wise!  We make complex topics simple and entertainment more insightful.  Join us as we demystify the world of Science, Technolo"
UCKYb7dZwd5VQT2ArAOn2g2A,Zeruel82Mk2,@zeruel82mk2,SE,434000,395,232332765,588184.2151898735,535.3289516129032,1,1,"I make stick figure animations with action, humor, emotion, and excitement!  This channel has three ongoing series:  *The Cliff and The Stickworld:  T"
UCl1BaAUlba9Ro22QvTTlHTw,Rai Lukasha,@railukasha,GB,40100,60,4234522,70575.36666666667,105.59905236907731,1,1,"2D Stick Figure Animator on Stick Nodes, posting animations, time-lapses, and collaborations.  Welcome to the channel‼️ My name is Rai, and I animate "
UCLuqAaFpnTZVNAOC_j409Gw,Stickman Kingdom,@stickmankingdom,,74300,58,14548448,250835.3103448276,195.80683714670252,0,0,Stickman Kingdom is a place where the stickmans live. I am creating the whole new world of Stickman. Subscribe and Become a part of the Kingdom.    St
UCAqO2LsbxDwo7TfuJsK-ApQ,Whiteboard classes by Devipriya,@whiteboardphysicsmaths.,IN,1430,65,125659,1933.215384615385,87.87342657342657,1,0,Dear students ..... This channel is completely made for learning physics  and complementary mathematics ..The channel provides you classes of physics 
UCwNnp0g_rwx7KISPG_qF02g,Whiteboard Science,@whiteboardscience952,IE,2,1,87,87.0,43.5,1,0,Science explained simply.
UC3cm2xrWY0evUfbg-1Fdz0w,Light Lizard,@thelightlizard,US,2,2,33,16.5,16.5,1,1,"LightLizard brings ideas to life through whiteboard animation. Explore fascinating topics from science, history, psychology, philosophy, mysteries, an"
UCUtEssPBikYzgn5pXyf9zCw,Doodle Stories,@doodlestories34,IN,5,4,94,23.5,18.8,1,1,"Welcome to Doodle Stories! ✏️📖  History isn't boring—it's full of mysteries, forgotten civilizations, unbelievable discoveries, and incredible true st"
UCcvvKL3oigjGWvaZNomESgQ,Sketchosophy,@sketchosophy,IN,0,1,5,5.0,0.0,1,1,"Sketchosophy  Simple drawings. Deep ideas. This channel takes the biggest questions in philosophy, history, and stoicism — and breaks them down with h"
UCs-cEuOtI2ScnD3VEdGvqqg,History with Doodles,@historywithdoodles8182,US,225,48,9463,197.14583333333331,42.05777777777778,1,0,There is a great deal of scientific research that tells us how different parts of our brain play different roles in processing information.  While one
UCE8S3xYjCGfYErGYWaLLEXw,DraftFable | Whiteboard Stories ,@draftfable_official,PK,7,1,45,45.0,6.428571428571429,1,1,"🎨 Welcome to DraftFable! ✏️ Where Whiteboard Stories Come to Life 📖    We transform complex ideas into engaging, hand-drawn tales that stick. From bus"
UCtGwOYMRnVxs8Ge38d8lxVg,The Wealth Board,@thewealthboardhq1,US,42,8,1045,130.625,24.88095238095238,1,1,"The Wealth Board is a finance and investing YouTube channel dedicated to breaking down money, wealth building, business, and investing concepts using "
UCqzummrpV19LxmJxvDnpk2Q,Whiteboard Vault ,@whiteboardvault,,1,3,1698,566.0,1698.0,1,1,"🎉 Welcome to Whiteboard Vault — where complex ideas become simple, visual, and unforgettable! 🧠 We break down fascinating concepts across science, his"
UCjzuLwOTSRxxmWaPWXJsMCQ,Whiteboard Academy UK,@whiteboardacademyuk,GB,18,62,3103,50.04838709677419,172.38888888888889,1,0,"🎓 Whiteboard Academy   GCSE learning made simple. Short, whiteboard‑style videos that break down Citizenship, PE Theory, and Business Studies into cle"
UCL_v4tC26PvOFytV1_eEVSg,Marko - WhiteBoard Finance,@whiteboardfinance,US,1030000,425,69726050,164061.29411764705,67.69519417475728,1,0,My mission is to provide my viewers with actionable content that enables them to create financial wealth. My videos are a reflection of my real-world 
UCt6C_RdHBW2gng9jtGD9mGQ,Daria Moque,@darmoque,,75,30,56741,1891.3666666666663,756.5466666666666,0,1,Adult cartoons with intellectual pretensions.  
UCQbn37TjVJbw46HZbRmFLaQ,Doodle Origins,@doodleorigins-i6b,IN,5,1,31,31.0,6.2,1,1,"Doodle Origins is a hand-drawn animated YouTube channel exploring human evolution, anthropology, psychology, and history — the real science behind eve"
UCd9C8QQ9ZosyLyClyeerlfw,Jonathon Durno,@jonathondurno_art,,9,8,3376,422.0,375.1111111111111,0,0,Art
UCQ1BDN-6vS-_2r3F6SLWaMg,Ugly Sketches Explain,@uglysketchesexplain,,0,1,16,16.0,0.0,1,1,"Can you learn complex life lessons, financial freedom, and deep philosophy through terrible MS Paint drawings? Yes, you can!  On this channel, we stri"
UCnwUjPK7dXety-AJ4fNw_RQ,The Paint Explainer,@thepaintexplainer,,1980000,164,308490503,1881039.6524390243,155.80328434343434,0,0,"I explain interesting stuff.  💼 Business Mail (for sponsorship inquiries, etc.): operamp4@gmail.com  How I use AI: The voiceover is generated using st"
UC2Mk7yY2ZvgxsGXcj9pjh8A,Pastel Cosmos,@thepastelcosmos,TR,7,6,278,46.333333333333336,39.71428571428572,1,1,Welcome to Pastel Cosmos — where the greatest stories of humanity are told through the simplicity of pastel crayon drawings.  We explore the epic jour
UCGv0wVi4clMkFyCYq0HWp1w,The Historic Doodle,@thehistoricdoodle,US,0,2,114,57.0,0.0,1,1,"Welcome to The Historic Doodle, where the strange story of humanity is explained through simple stickman drawings.  We explore ancient humans, human e"
UCRA5P6XfDApc7YuwKRUIeZw,Whiteboard PMP,@whiteboardpmp,,4,41,1113,27.146341463414632,278.25,1,0,"Studying for the PMP® exam? You're in the right place.  Whiteboard PMP breaks down the **2026 PMP exam** — built on the **PMBOK® Guide, 8th edition** "
UCgkWCivQ7hTxSPKX2UY0nfw,Doodle Chronicles,@doodlechronicles-y3s,,14,12,5077,423.0833333333333,362.6428571428572,1,1,✏️ Welcome to Doodle Chronicles — where history comes to life through fun animated drawings!  📜 Every video is a 2-minute animated short covering the 
UCq68z1TXXNhpsiT2xUGoMww,Stick Theory,@sticktheory-v4j8t,TH,1,3,9,3.0,9.0,0,1,"Big ideas made simple through engaging stickman animations. Psychology, science, history, and life lessons explained in minutes. Learn something valua"
UCeLe9gr7c9CsAtFusECY18g,ToonStarterz Doodles,@toonstarterzdoodles,US,79200,96,10064760,104841.25,127.08030303030304,1,0,I draw things. Coherency not guaranteed. business: toonstarterz.business@gmail.com  Support me on Patreon: https://www.patreon.com/ToonStarterz Follow
UC_aDIy72T1xTYLQ8TIf102Q,Drawntology,@drawntology,US,100,64,36676,573.0625,366.76,1,1,"Welcome to Drawntology: The study of reality through terrible drawings. We explain the universe, geopolitics, history, and philosophy using stick figu"
UCAh5CuyvW-bQqgIe_WO8zTw,Toadlet,@toadlet-knowledge,,12,9,6744,749.3333333333334,562.0,0,1,Complicated topics explained in short simple easy to understand yet humorous animations by a cute little toadlet.   Everything is human voiced and dra
UC-fsWUABzMGi7QQffpLjLYQ,fissionmarketing whiteboard ,@fissionmarketingwhiteboard,,6,23,208,9.043478260869565,34.666666666666664,1,0,"🌟 Discover, Learn & Grow with [FISSION MARKETING] Welcome to a channel where creativity meets knowledge. We bring you valuable content on [insert your"
UCPfI1Qx_PiG5fDhiutu_0Vg,Whiteboard Accountant,@whiteboardaccountant,,20,6,339,56.5,16.95,1,0,Welcome to Whiteboard Accountant - Your Ultimate Guide to Accounting & Finance!  Are you looking to master accounting and finance from scratch? Whethe
UCdkozybZ-oL4hoaQPYOxryw,Explain with Doodles,@explainwithdoodles,US,5,30,706,23.53333333333333,141.2,1,1,"Welcome to ""Explain with Doodles"" — your animated gateway to the fascinating world of ancient history, human evolution, lost civilizations, and mind-b"
UCBLyCtUKs7X8EK7cTV9sl0Q,Whiteboard-kp,@whiteboard-kp,IN,148,49,12466,254.4081632653061,84.22972972972973,1,0,"✨  Welcome to My Channel   Whiteboard-kp our Learning, world of motivation, success, investing, mindset, and self-growth.    Here you’ll find powerful"
UCRRnSCecOdSu5FXXAzLMXMw,Whiteboard Nation,@whiteboardnation,IN,38400,202,1947960,9643.366336633664,50.728125,1,0,"Videos Related to Personal Finance, Self Development, Book Summaries  Business Queries whiteboardnation@gmail.com "
UCHo0_6iJMCllAPM1xumXBNQ,doodle timeline,@doodletimeline,,4,3,1614,538.0,403.5,1,0,
UCERmbpbfrcIrsJoaGrE8kXg,Sketch Sagas,@sketchsagas1,GB,39,36,17942,498.3888888888889,460.0512820512821,1,1,"Welcome to a world of animated stories, hilarious stand-up comedy, surprising science, fascinating history, psychology, and thought-provoking ideas—al"
UC5DYfx3zy2gTb4N1ZOgS0vA,Whiteboard,@whiteboard.ai96,PK,2,4,18,4.5,9.0,1,0,"Whiteboard is dedicated to cutting through the noise of the digital economy. If you are looking for actionable strategies on how to make money online,"
UCroV52yaP8hYtBzFVNDHOrw,EB Whiteboard Finance,@ebwhiteboard-finance,IN,0,2,8,4.0,0.0,1,1,"Welcome to EB Whiteboard Finance! At EB Whiteboard Finance, we explain Stock Market, Investing, Personal Finance, Business, Economics, IPOs, Sensex, N"
UCeNcrdixBRmEOGECPjnsKLA,Whiteboard Circuit,@whiteboardcircuit,,5,30,374,12.466666666666669,74.8,1,0,"Becoming The Leaders of The Future, One Step at a Time.  Welcome to Whiteboard Circuit. I share Business and Leadership stories, often with lessons th"
UCTPWoDceQ7Mktjh7LlUFVJA,Doodle Why,@doodlewhy26,,1,1,14,14.0,14.0,1,1,"Big questions explained with simple drawings.  This channel turns curious facts, everyday mysteries, history, and unusual ideas into short animated st"
UCDNwktWMeZNe29lCQvp90tA,WHITEBOARD PROJECT MANAGEMENT,@whiteboardprojectmanagement,CZ,1820,87,56941,654.4942528735633,31.286263736263734,1,0,WPM    [Whiteboard Project Management]:  -------------------------------------------------------------------- This Channel has been created to upload 
UCdL0Zdq18Wrtx5yRLFgiwDA,Wealthboard ,@wealthxboard,,106000,339,15153686,44701.13864306785,142.95930188679245,1,0,This platform is dedicated to providing high-quality financial education and market awareness in a simple and practical way. We share well-researched 
UCZwtH49UnDTPzY76_PhUB1Q,History with Jack,@historywithjacktv,,2,4,108,27.0,54.0,1,1,"History is full of stories stranger, darker, and more fascinating than fiction — and most of them never made it into your textbook. History with Jack "
UChrxpbC7S9AMVi0k0MUvpKA,Whiteboard master,@whiteboardmaster-q9u,,6,4,1768,442.0,294.6666666666667,1,0,"Welcome to Whiteboard Master — where everything is explained simply.  From science, history, business, finance, technology, psychology, gaming, movies"
UCq2ZlIv9JV5l7BbE1TqxMSg,Doodle Why,@doodlewhyy,,6,29,11202,386.2758620689655,1867.0,1,1,"Why do we do the things we do?  Welcome to Doodle Why, where we explore the deepest questions about human psychology, ancient history, biology, and ph"
UCuLo_NnnRXlUOYN4IexYhRQ,whiteboard financials,@whiteboardfinancials,KE,3,3,182,60.66666666666666,60.66666666666666,1,1," The content on this channel is for entertainment purposes only.  👋 Hi, I’m John, and welcome to my channel! If you're looking for practical tips on m"
UCQfbyVrp95P2gjDm7VJWXtw,Doom and Doodles,@doomanddoodles,PK,490,16,1354,84.625,2.763265306122449,1,1,"Doom & Doodles is history with the boring parts drawn out of it.  Every week we take the darkest, strangest, most morbidly fascinating corners of the "
UC9sjrQZK_nI2WYfbQJhAAww,Whiteboard Explained,@whiteboardexplainedsimply,US,7,4,98,24.5,14.0,1,0,"Whiteboard Explained makes complex ideas simple.  From finance and business to money, science and technology, we turn complicated topics into clear, e"
UC0ZH5ZRBzAMPB82YK-6s42Q,Whiteboard Investors,@whiteboardinvestors4984,,4,2,799,399.5,199.75,1,0,
UCrnBb12Z1vQQQ4CFSf8yf0Q,Doodle Documentaries,@doodledocumentaries-1,,16,2,2262,1131.0,141.375,1,1,"Doodle Documentaries history, sketched to life. Every episode breaks down a huge moment in history in under 10 minutes, using simple stickman animatio"
UC2lKzOkJ3m-3ooMtrOkX1nQ,History Doodles,@historydoodlesyt,,2,3,15,5.0,7.5,1,1,"Welcome to History Doodles! 🏛️ History has never been this fun! We turn fascinating historical events, ancient civilizations, famous people, and unbel"
UCHLkx5ezEfdTx_EVD1t5eSA,Whiteboard Investing,@whiteboard-investing,NO,627,36,24983,693.9722222222222,39.845295055821374,1,0,"Want to learn about investing and personal finance? Subscribe to the channel for more videos on how to earn more money, how to manage debt, how to mak"
UCNtvL2HAfkg9C2gEp57ffcA,Far East Philosophy,@fareastphilosophy,,108,55,4423,80.41818181818182,40.9537037037037,0,1,"Welcome to Far East Philosophy — ancient wisdom, modern perspective. This channel introduces Eastern philosophy through modern animation and visual st"
UCf673ziD5hpT3UJVX02l3oQ,Doodle It Out,@doodleitout26,,12,9,5177,575.2222222222222,431.4166666666667,1,0,"Doodle It Out breaks down big topics — history, government, science, and the weird stuff nobody explains well — using nothing but a marker, Paint, and"
UC-GRqSZRLXSLVHL_YUIDKGA,Whiteboard Visuals,@doodlesketch-y5d,,1,5,36,7.2,36.0,1,0,"1. Business Growth Tips ""Discover 5 proven strategies to grow your business and boost your success!""  2. Productivity Hacks ""Learn 7 simple hacks to b"
UC9Bk2J0Fr-XVRSYEcjEjm2g, Doodle Decoded,@doodledecoded4,IN,56,8,1369,171.125,24.446428571428573,1,0,
UCq3aHwjERCcPArJdQAIln-w,Whiteboard Files,@whiteboardfiles,US,11,55,4991,90.74545454545456,453.7272727272728,1,0,
UCk-FTeFBbuhuIK5UHiAazZw,Drawn and Explained ,@drawn_and_explained,,5,7,3433,490.4285714285714,686.6,0,1,"Terribly drawn, poorly animated, simply explained.   My dream is to make this channel your go-to-channel for all things Anime, Manga, Manwha and more."
UCT6kl8HDMCYI1UwTbf9RPyw,Sketchy Growth,@sketchygrowth,,137,8,2084,260.5,15.211678832116789,1,1,"Welcome to Sketchy Growth – Animated Ideas for a Better You!  At Sketchy Growth, we turn powerful growth concepts into simple, engaging sketch-style v"
UCX6b17PVsYBQ0ip5gyeme-Q,CrashCourse,@crashcourse,US,17200000,1707,2285425627,1338855.0831868777,132.87358296511627,0,0,"At Crash Course, we believe that high-quality educational videos should be available to everyone for free! Subscribe for weekly videos from our curren"
UCg5JwZL80HoiT3D-kc3s6QQ,Mind Hack Sketch,@mindhacksketch,,14,24,2059,85.79166666666667,147.07142857142858,1,0,"Your mind keeps you stuck, overthinking, procrastinating, repeating the same patterns. MindHack Sketch shows you why, through simple stickman sketches"
UCom6cHr3gZRClfiBv9vdKew,SketchitOut,@sketchitouttv,,68,14,13582,970.1428571428572,199.73529411764707,1,0,
UCNq1R2fl98rlANcAA0mULrg,The Modern Philosophical Scroll ,@themodernphilosophicalscroll1,,46,25,9368,374.72,203.65217391304347,0,1,Welcome to The Modern Philosophical Scroll! 📜✨ We believe that timeless wisdom and powerful stories are just as relevant today as they were thousands 
UChRpYIW7rEpXK5wCOWr2oWA,The Stress Sketch,@thestresssketch,US,4,2,25,12.5,6.25,1,1,Welcome to **The Stress Sketch**.  This channel uses simple stick-figure animations to explain complex mental health topics in a relatable way.  We ex
UCzUF4lceTko8INn1M-H67AQ,Caelum_Astros,@caelum_astros,US,157000,642,28385144,44213.619937694704,180.7970955414013,0,0,Trans man Demon Artist | Content Creator & Streamer | Voice Actor | Designer 
UCNIuvl7V8zACPpTmmNIqP2A,OverSimplified,@oversimplified,US,9610000,33,1414810146,42873034.72727273,147.22269989594173,0,0,Explaining things in an OverSimplified way  
UC0Ehu42_No5pa5tOuGAxVbw,Stick Figure Thoughts,@stickfigurethoughts,US,2,6,0,0.0,0.0,1,1,"Welcome. 🧠✨  Simple drawings. Deep questions.  Every short here is a small piece of a bigger thought — about life, meaning, fear, growth, and the thin"
UCD4HON5GCouCk3kSfCIwt6A,C9 Sketching Animation ,@c9sketchinganimation,,68,25,36895,1475.8,542.5735294117648,1,1,"Welcome to my sketching world!    Here I create pictures that speak louder than words — sometimes funny, sometimes emotional, sometimes informative, b"
UCRc1aVWcfJH07jDb68eTPpQ,Mind Minute,@mindminute-v1w,,1,1,1,1.0,1.0,1,1,"Welcome to SketchMind 🧠✏️  Your mind shapes your life—and understanding it is the first step to changing it.  At SketchMind, we create engaging 60-sec"
UCv3QBO6bYZeti9n1TRgY2LA,MindSketch,@mindsketchlesj,PH,11,43,507,11.790697674418604,46.09090909090909,1,1,"MindSketch — Psychology, Neuroscience & Self-Improvement Explained Through Hand-Drawn Animation  MindSketch breaks down the psychology and neuroscienc"
UCtnOT-_MBhxKvpPcdr9Y7Cw,The Sketch Explainer,@thesketchexplainer,US,1460,34,75554,2222.176470588235,51.74931506849315,1,0,"Welcome to a channel that simplifies complex ideas! Here, we explain political, historical, and cultural concepts in a fun and easy-to-understand way "
UC5uMo8FSsFp1HREYG8wGk2g,The Art of life [ Regalia Noir],@regalianoir_artoflife,,13,30,2285,76.16666666666667,175.76923076923077,0,0,Art. Anime. Music. Pop culture. I like looking into the joy I get out of things and would like to share that love with others! Have a good day! Bless 
UCkCaLdcijqs0Ucxdvkyfq2w,SI Animated,@si_animated,,1,1,2768,2768.0,2768.0,0,1,I draw cool self improvement animations to motivate you
UCPbot6X7eboUOksvAKDB5KA,Susskind Explained Universe,@susskindexplaineduniverse,,1210,103,86977,844.4368932038835,71.88181818181818,0,0,This channel challenges everything you think you know about reality.  We explore theoretical physics as existential disruption. Each video dismantles 
UCO-pqTj0MpQZzvG8A1Mk6Ag,Paperminds by Skaiya,@papermindsbyskaiya,PK,11,113,4199,37.15929203539823,381.7272727272728,1,1,Welcome to Paper Minds By Skaiya We explore psychology and self-improvement through simple stick figure animation. Overthinking. Habits. Focus. Dopami
UCxJWzpuZ_ngJW8JVMikLxSw,Simple toon animation,@simpletoonanimation,,12,14,902,64.42857142857143,75.16666666666667,1,1,A frame by frame animation channel that shows my animation skill and my traditional animation tests. I will show some sketchy animation videos of vari
UCdoIyvLLjJ31u4iJsZH2Zqw,SketchMind Lab,@sketchmindlab,IN,0,1,47,47.0,0.0,1,1,"Welcome to SketchMind Lab – where psychology meets pencil sketch animation.  Explore the science of the human mind through engaging psychology videos,"
UCVsrfsTppspGElKSjDv4NiA,Drawn & Explained,@drawnandexxplained,US,30,2,1,0.5,0.0333333333333333,1,1,Drawn and Explained is a simple educational doodle channel that breaks down ideas using easy stick figure animations and hand-drawn sketches.  We turn
UC0UVnEbl3KtpBiAEMryRYtw,ms paint explainer,@mspaintexplainer,GB,1120,0,0,0.0,0.0,1,0,"simple, visual-first channel where complex ideas are broken down into clear, hand-drawn explanations using basic sketches and straightforward storytel"
UCYZ-6aziVBBqB5RycHdJphA,Betterman Sketches,@bettermansketches,,18,2,530,265.0,29.444444444444443,1,1,"This channel is where self-improvement meets stickman animation. I break down powerful life lessons, habits, mindsets, and stories into simple sketche"
UCuZ9CKOeWBXaES11kR__hkQ,@SketchFlicks,@sketchflicks87,,0,1,2,2.0,0.0,1,1,"SketchFlicks brings motivation to life through creative stick figure animation! 💡 Discover inspiring stories, life lessons, and relatable moments told"
UCGp9Jtz0VAGQZ-ikpHpPIJA,Sketch By Soul,@sketchbysoul-s7i,PK,102,41,6458,157.5121951219512,63.31372549019608,1,1,"Welcome to Sketch by Soul 🖤🟡 – the home of motivational stickman animations that inspire you to transform your life. Here, every video is designed to "
UCHewUf0O9iq624qjcIn7Waw,Sketch Your Better Self,@sketchyourbetterself,US,0,7,15,2.142857142857143,0.0,1,1,"Sketch Your Better Self is a channel that turns self-improvement into simple, beautiful drawings. Through sketch animation self improvement and doodle"
UCVFTQafLYNj8FicGTZdq8Yg,Explained in Ink,@explainedininkr327,US,2,5,182,36.4,91.0,1,0,"Hand-drawn explainer videos about the darkest, strangest, and most fascinating things that have actually happened.  Every video takes one subject — a "
UCrRoot6xIvikTWozD9qxObA,SketchTheBook,@sketchthebookyt,,1,1,0,0.0,0.0,1,1,"Welcome to SketchTheBook, where bestselling books come to life through animated sketch videos. Whether it's a powerful non-fiction book on psychology,"
UCNVuWLbji7k5jtz2tAg1Vng,Sketch Smarter,@smartsucces,GB,8,16,760,47.5,95.0,1,1,"Welcome to Sketch Smarter – where complex ideas become simple sketches. study smarter, study hacks, memory tips, student productivity self improvement"
UCgjndi5GvLftQY9mj1T4Mbg,Habit Sketch ,@habit-sketch,US,104,16,1083,67.6875,10.413461538461538,1,1,"Welcome to Habit Sketch! We turn life-changing habits into simple stick figure animations. Learn confidence, productivity, healthy routines, disciplin"
UCqZnM0Hnu4w2qv_hduWbynA,Stickology,@stick-00-logy,US,2,2,57,28.5,28.5,1,1,"Welcome to Stickology, where simple stick figures explain life's biggest ideas.  Using clean stickman animations and captivating storytelling, we brea"
UCYQBtsIjlPx-8iSkKkwxLxQ,The Yin-Yang Project,@theyinyangproject,IN,1,6,167,27.83333333333333,167.0,1,1,"Welcome to The Yin Yang Project.  Complex ideas don't have to be complicated.  Here, we break down psychology, philosophy, science, economics, history"
UCbJHHYezzLkBIi33ru8-AyQ, Rico Sketch,@ricosketch-c5f,IN,12,8,1117,139.625,93.08333333333331,1,0,"This channel is dedicated to motivation, mental strength, psychology, and human physiology. Learn how the mind and body work together to build confide"
UCCT99eZ0qi2UKX8XZAf-7HA,Draw & Rise up,@drawandriseup,US,0,1,209,209.0,0.0,0,1,"Welcome to Draw & Rise up! We turn complex ideas about money, psychology, and self-improvement into simple, engaging animated guides! If you want to b"
UCPhMYgnyvUxRjmdQ_uL4aKg,THE PERFECT HUMAN ,@the_perfect_humanz,AU,18,71,13044,183.7183098591549,724.6666666666666,0,0,Daily 12PM Upload Until I die..🖲 Every interaction is a negotiation of minds. 🧠 This channel explores the quiet mechanics behind human behavior — pers
UCePDFpCr78_qmVtpoB1Axaw,Great Art Explained,@greatartexplained,GB,1890000,88,62203653,706859.6931818182,32.91198571428571,0,0,"I'm James Payne, a curator, gallerist, and a passionate art lover. I am on a mission to demystify the art world and discover the stories behind the wo"
UC-SlzYalUSxkVuu0q4BGjug,Ink Sketch Explainer,@inksketchexplainer,US,6,20,700,35.0,116.66666666666669,1,0,"Ink Sketch Explainer is an educational channel that explores human history, behaviour, and the science behind everyday things we often take for grante"
UCalfu9xUPtN61TVDKMhqM1Q,The mystery shine ,@themysteryshineofficial,,20,4,479,119.75,23.95,0,0,"🔥Welcome to my Channel 🔥  •My name is Yuvraj, I like the knowledgeable books , psychology, philosophy ,dark manipulation, anime , drawing   🕶️what i c"
UCbua5Tu6mEvWeqAkk5S4__g,Excal's Art Tips,@excaliblader,,805000,1174,359775798,306452.97955706983,446.9264571428572,0,0,"Art tips and maybe, hopefully, sometimes fighting game content can be found on this channel."
UC0SD_c35dics2LHJDyUXIpg,Beyond The Sketch,@beyondthesketchofficial,US,0,9,13,1.4444444444444444,0.0,1,1,"What if the biggest ideas in the world could be explained with a marker and a blank page?  Beyond The Sketch brings science, psychology, history, phil"
UCJKy1OhUXCzArmjXBydHGIg,Ink Explainer Chronicles,@inkexplainerchronicles,KE,606,90,333375,3704.1666666666665,550.1237623762377,1,0,"Welcome to Ink Explainer Chronicles, an educational channel exploring human history, behavior, and the science behind everyday things we take for gran"
UCycRJpeIxa311pbYXyAT0uA,The Explainer,@theexplainer-exp,,54,17,8772,516.0,162.44444444444446,0,0,This channel is about learning and fun.We play with dolls and magnetic toys.
UCXX8ZhK54WRrZBzlZ4gDPvQ,What animation ,@what.animation00,PK,3,4,207,51.75,69.0,0,1,This channel documents my life and animation journey as an artist learning drawing and 2D animation through consistent practice and self-improvement. 
UCQriCEr3h604aSbi_0ltY-w,Sketch spark,@sketchspark-p7g,US,7,1,9,9.0,1.2857142857142858,1,1,"At Sketch Spark, we transform powerful ideas into engaging whiteboard animations that are simple to understand and impossible to forget. Our videos co"
UC_H3Nlofqehn2-xoxlp5QWA,zenninn,@zennin06,IN,32,9,2970,330.0,92.8125,1,1," I make videos about everything. Habits. Psychology. Productivity. Self-improvement. Random life stuff. Even cooking (poorly drawn eggs). Every topic,"
UCSfAaSJBv6MBVIYqajq5aVw,Sketchbook,@sketchbook-082,AU,6,8,200,25.0,33.333333333333336,1,1,"Sketchbook is a visual storytelling channel that explores ideas shaping the modern mind. Through hand-drawn illustrations, simple animations, and thou"
UCnzCSbvTWDvty7Hr9Ind4ow,Draw like a Sir,@drawlikeasir,DE,2160000,116,117842457,1015883.25,54.55669305555556,0,0,"Let's learn how to draw like a Sir (Or Madam - or anything in between!) Here's a complete list of all my drawing tools, pens, tablets etc.: 👉👉  https:"
UCbf5XSlC1BnPF97e0Z3-N2A,Sketch Your Self,@sketchyourself-s3u,US,1,2,18,9.0,18.0,1,1,"What if your life were a cartoon and you were the lead writer? ✍️✨  On Sketch Your Self, we don't just talk about productivity—we illustrate it. Using"
UCsBCAW2rM_yElmPXTZr7t0Q,The Life Sketch,@thelifesketch,NP,14,3,2890,963.3333333333334,206.42857142857144,1,1,Welcome to The Life Sketch: Your daily dose of animated inspiration! Our channel offers powerful stick-figure animations that bring motivational stori
UC704ndJnFQlvZ73zazzu58w,The Doodle Sage,@thedoodlesage,PH,0,1,7,7.0,0.0,1,1,"Welcome to The Doodle Sage — where simple stick figures deliver powerful wisdom.  We create fun, engaging animations that break down complex concepts,"
UCo3geRTaH5Zcg0LxxHCxmNA,simple whiteboard animation,@simplewhite-n6w,US,152,167,36780,220.23952095808383,241.97368421052636,1,1,"Assalam o Alaikum welcome to my you tube channel this video about is................................A ""Simly""for my you tube channel involves creating"
UCsjv1jnC8mxW8QmTXnYiM2A,Simply Paint Explainer,@simplypaintexplainer,US,6,6,810,135.0,135.0,1,1,"🎨 Welcome to Simply Paint Explainer! Here, we make learning simple, colorful, and fun! 🖌️ Our videos explain ideas, facts, incidents, and stories in t"
UCeGVITAyIq0XcgNq3T66NUw,Chalkboard & Cheeseburgers,@chalkboardcheeseburgers,,3,4,431,107.75,143.66666666666666,1,1,"Welcome to Chalkboard & Cheeseburgers 🍔📚  Follow Treasure, a young Black woman trying to survive adulthood one paycheck at a time 😂 From awkward corpo"
UCp__SXJ04C77KTYMtwkpZnA,Emotions Explained Simply,@emotionsexplainedsimply,US,0,4,36,9.0,0.0,1,0,"Welcome to the channel,  a place where feelings are drawn, understood, and made easier to talk about.  This channel uses simple doodles and clear expl"
UCXD9p5kT1FH3sX0coCj49JA,Whiteboard lessons ,@whiteboardlessons,GB,3,2,21,10.5,7.0,1,1,Ever wondered how a GPS signal actually works? Or mobile phones read your face to open and keep secure? The history of Brazil ? Find out in this serie
UCkIccKaHDGA8lYVmUerLhag,Krita,@kritaorgpainting,,118000,84,3484810,41485.833333333336,29.53228813559322,1,1,Welcome to the official YouTube channel for Krita! Krita is your Free and opensource digital painting application. Creative Freedom in your hands!  De
UCzYa74mF9R4VsYolwIJSlgA,Jahanggir Tutorial Whiteboard Animation,@jahanggirtutorialwhiteboar6395,BD,16,1,258,258.0,16.125,1,1,Jahanggir Tutorial Whiteboard Animation is where ESL learners get practical techniques to learn English Fast and more.   My channel is all about teach
UCuf-Rp4MvgCRwJ9NdpAvU0A,Whiteboard Animation Videos,@whiteboardanimationvideos1044,PK,30,51,5620,110.19607843137256,187.33333333333331,1,1,"Hi everyone! This is my personal channel here in Youtube. Here you will find some animated videos done by me recently. If you need a video, feel free "
UCU88WY0qX2bzDjjOLOj-Gng,Procreate,@procreate,AU,658000,283,30836268,108962.0777385159,46.863629179331305,1,1,We make award-winning illustration and animation apps for creative people like you. This is our official YouTube where you'll learn how to use our bes
UCnc2AeCRpsztHjSJ4DWiPXA,Chalkboard MedSchool,@chalkboardmedschool,US,96,16,4562,285.125,47.520833333333336,1,1,"Welcome to Chalkboard MedSchool, your visual guide through the absolute firehose of medical school. We translate dense, text-heavy medical theory into"
UCEp6ieAXXKrxkPFZIGKHUaA,VideoScribe,@videoscribesparkol,GB,77200,913,8252775,9039.184008762322,106.90123056994818,1,1,VideoScribe is the unique tool for creating engaging animated content to tell your story. Make whiteboard-style animations quickly and easily without 
UCngkX2grzKhYBx1stz08Z3Q,PowerPoint School,@powerpointschool,,972000,130,50676435,389818.7307692308,52.13625,0,0,Let's take your PowerPoint journey to the next level with our PowerPoint tutorials and templates. 
UCy_v5BY9YGN3QD8mgjqTeXg,Whiteboard Animation learn,@whiteboardanimationlearn7465,TH,0,4,13,3.25,0.0,1,1,social media 
UCPVQ0YfDcrqjV5UekXBWFiA,Bene Elohim Hub,@beneelohimhub,,2070,69,245188,3553.449275362319,118.44830917874395,1,1,"Bene Elohim Hub is an institute of learning that focuses on Graphic Design, Video Creation and Editing, both on your Smartphone and Computer. We cover"
UCwsaPDN9Ep-DcF5vseCTjYQ,Animator - AI Whiteboard Animation Video Maker,@useanimator,,6,6,219,36.5,36.5,1,1,"Animator.dev is a browser-based whiteboard animation video maker for creating lessons, explainers, training videos and product stories. It combines AI"
UCmmQIopdpCf3SwRRANimYPg,WHITEBOARD ANIMATION ,@whiteboardanimation7027,,27,5,173,34.6,6.407407407407407,1,1,"If i can do it, you can too. Every project I finish, I'll give you my best advice on how you can do it better. This channel is  for me to highlight le"
UCwK_UW-TJlE8_KSbUuCSZ9g, whiteboard Animation,@whiteboardanimation6729,,5,9,241,26.77777777777778,48.2,1,1,Hand animation tutorial channel
UC4SJBkmGYiD3NPLFuCWW1Zw,ChalkBoard Physics,@chalkboardphysics,,2,5,680,136.0,340.0,1,1,Chalkboard Physics is a learning space dedicated to helping high‑school and early‑college students master the fundamentals of physics — without flashy
UCE25MaHeuSgh-qJQbtY6qdA,Light Dust,@lightdust7644,US,425,6,97716,16286.0,229.92,0,0,tells story with art. 
UCr80fB1OeIs58_UIIVzqH8A,Work From Home Companies,@workfromhomecompanies6542,,3,7,19,2.7142857142857144,6.333333333333333,1,1,"Specialized in making Marketing video Animations, Whiteboard, Explainer videos, motion graphics, illustrations and other multimedia services.   Whiteb"
UCTWFYATjEIFquVHqtyOnYIA,Wells Liu,@designer-wells,,0,14,72,5.142857142857143,0.0,1,1,"2D Illustrator & Animator creating explainer videos, character animation, motion graphics, and visual storytelling for brands and digital content."
UCVaEMusimPTB8o4RPojUliQ,America Explained,@americaexplained-y8p,,0,1,1,1.0,0.0,1,1,"Cartoons are animated visual stories created using hand-drawn illustrations or digital techniques. They can be funny, adventurous, or educational, and"
UCzU0Z1aZNDUSjymz_81A5Fg,Stickman Explainer,@stickmanexplainer-e8w,US,18,7,788,112.57142857142856,43.77777777777778,0,1,"Welcome to Stickman Explainer – the home of creative 2D animation explainer videos!  On this channel, you’ll find engaging stickman animations, educat"
UCbumVlcoA7DoCM4shQO5jyg,Whiteboard Animation By Zakria,@whiteboardanimationbyzakri3705,PK,10,5,186,37.2,18.6,1,1,"Please, like, share and Subscribe."
UC84XrBWHVJKQHCEfCbPElLA,WhiteBoard,@whiteboard100n,EG,1,11,576,52.36363636363637,576.0,1,1,"Welcome to OUR CHANNEL!  Dive into a world where creativity meets clarity. On our channel, we transform complex concepts into engaging and easy-to-und"
UCG2MMEdycQo7ogl-ohymwBA,Badly Explained,@sobadlyexplained,IE,4,1,9,9.0,2.25,0,0,"Badly Explained is a comedy explainer channel that takes massive topics and explains them with terrible drawings, simple jokes, and just enough facts "
UCFoDbd-bp5bXr8AJIwF9B7g,Illustrated Theology,@illustrated_theology,BR,137000,204,11428404,56021.58823529412,83.41900729927008,1,0,"My name is William Ximenes, a missionary serving in one of the poorest regions of Brazil. I created this channel with the purpose of making it possibl"
UCWcFVFO0vyELnkCYr-JWE3A,Azget Industries,@azgetfx,,72300,23,5388580,234286.08695652173,74.53084370677732,0,0,My name is Amber and my dream is to own my own production company that produces feature films that I create. A part of that is developing my skills in
UCTZcAMWLl2JeuFL_Z2RoGIg,Urban Legends Animated,@urbanlegendsanimated,US,178000,437,16014718,36646.951945080094,89.97032584269662,0,1,Welcome to Urban Legends Animated Channel 
UCqoLnYheJcTpSMj5ErSbE-g,The Illustrated Explainer,@theblueblobblabberer,,7,1,215,215.0,30.714285714285715,1,0,i make interesting explainer videos. Subscribe if it peaks your interest :D
UCN7QMhJzDNzMpWe6icNQNXA,Paint Explainer,@paintexplainer-i7s,US,13,27,850,31.48148148148148,65.38461538461539,1,1,"Welcome to Paint Explainer!  We turn the biggest questions about space, planets, stars, black holes, galaxies, and the universe into simple, fun, hand"
UChf4MDszi2Jejbfx0XV_PHQ,Animation Explained,@animation-explained,US,22700,115,1698514,14769.686956521738,74.8244052863436,1,1,"Adobe After Effects and Illustrator tutorials to learn or level up your motion design skills.  Hi, I’m Megan Friesth and I’m an explanimator; I write,"
UCg5_PbjaU7UrhR5xPg9gGNw,Stick Explained,@stickexplained110,US,40,25,2417,96.68,60.425,0,1,"Stick Explained is an educational animation channel that explores the hidden stories behind human behavior, history, science, and everyday life.  Ever"
UCrXG3fzS2_oNyL6IYlO_T5w,CLARITY EXPLAINED,@clarityexplained1,US,22,14,4341,310.07142857142856,197.3181818181818,1,0,"Clarity Explained explores science and education through clear storytelling and simple, hand-drawn visuals. We turn complex research, big ideas, and e"
UCE9r8i3OFM4TxrsTPO1L1WQ,Notebook Explained: Money,@notebookexplainedmoney,,2,31,480,15.483870967741936,240.0,1,0,"Hand-drawn explainers on how money actually works.  Every video takes one mechanism — a leveraged buyout, a 2-and-20 fee structure, a collar, a tax lo"
UCXHeIKC5_mug9Cr2VlMRS1g,Kristina ExplainersEasy,@exeasy,LV,10000,130,700930,5391.769230769231,70.093,1,1,"I design clear, concise animated explainers and visual instructions that simplify complex processes and help businesses train faster, communicate bett"
UCsooa4yRKGN_zEE8iknghZA,TED-Ed,@teded,US,22900000,2375,4693443075,1976186.5578947368,204.953846069869,0,1,TED-Ed’s mission is to create lessons worth sharing. Feed and expand your curiosity with our award-winning animated shorts - published on YouTube and 
UCmalGQzikcIz1sRiAR-x81Q,hu0pncs,@ramtales-85,IN,0,1,5,5.0,0.0,0,0,
UCAQNIJyC_RbOAC00bcE9gNQ,StudioKoaiko,@studiokoaiko,,2,10,338,33.8,169.0,0,1,"A creative studio crafting YouTube Videos, Shorts, Animated ads, and Explainer Videos. From storytelling to sleek visuals, we help brands, creators, a"
UCtirPjJ3LjDAGLUiTQKcwww,Scribbleo,@scribbleo,GB,43,13,3024,232.6153846153846,70.32558139534883,1,1,"Empower students to turn passive lessons into active, creative projects with Scribbleo—the zero-friction classroom animation app designed for KS2, KS3"
UCRdWu0SDm45sODD9uZiqt9w,Whiteboard animation,@whiteboardanimation-lv8wx,PK,0,2,9,4.5,0.0,1,1,
UC8pmIe5FjmYlwP0Uf2dyQXQ,SCP Animated - Tales From The Foundation,@scpanimated,US,1150000,76,146763731,1931101.7236842103,127.62063565217392,1,1,"Welcome to SCP Animated, home of the series ""Tales From the Foundation!"" We illustrate and animate our favorite SCP series and post weekly! Join us as"
UCJwFUffyGPQjBNxErQY-R8Q,Art explainer,@art_explainer_07,,20,23,4776,207.65217391304347,238.8,0,0,
UCYO_jab_esuFRV4b17AJtAw,3Blue1Brown,@3blue1brown,US,8600000,242,768983084,3177616.0495867766,89.41663767441861,0,1,"My name is Grant Sanderson. Videos here cover a variety of topics in math, or adjacent fields like physics and CS, all with an emphasis on visualizing"
UC0naFmQzU8GtFEZiTkBqaSg,Doodly Official,@doodlyofficial6033,US,55600,511,1993414,3901.005870841487,35.852769784172665,1,1,"Welcome to the official Doodly Software Youtube Channel! On this channel, you can expect in-depth tutorials, creative presentations, and awesome examp"
UCVRxzkghNzqwFlvo432cB-Q,WHITEBOARD ANIMATION,@whiteboardanimation112,,1,1,6,6.0,6.0,1,1,"We create powerful whiteboard animation videos that inspire, educate, and motivate. Our mission is simple — turn ideas into engaging visual stories th"
UC8JfkMtNAp44vmzdtnL4wow,SCP Explained - Story & Animation,@scp,US,2480000,1833,970259778,529328.8477905074,391.2337814516129,0,1,SCP Explained - Story & Animation is bringing you animated stories and tales about the SCP Foundation and beyond.  Brought to you by a few fans of SCP
UC8_hsM_RGyxz7z8-qNsLc-w,Amykady Explainer,@amykady-k2v,IT,10,3,374,124.66666666666669,37.4,0,1,"Welcome to Amykady Explainer where complex ideas become simple — all through the power of MS Paint. Here, I break down history, science, disasters, my"
UCagmi9lIW_Cwl_jGt-3swUA,The Musings of the Spirit Whiteboard Animations,@musingsofthespiritwhiteboard,GH,6,10,188,18.8,31.33333333333333,1,1,"Welcome to The Musings of the Spirit Whiteboard Animations—a place where Scripture meets simplicity, and stories of faith are drawn line by line. Thro"
UCHVtjqQXf2qMV9VA8_t_qgA,WhiteBoard Animation,@whiteboardanimation7810,,5,2,84,42.0,16.8,1,1,Learning with Us on WhiteBoard
UCqEfDMg7ncRLVE533Z0G23g,Suumo Drawing,@suumo_drawing,,10,11,603,54.81818181818182,60.3,0,0,"In this channel, I draw and create artwork. My paintings are based on photographic models with my own arrangements. Sometimes they are combined to cre"
UCUZUsWPZKeRBnn3CsbCH7oQ,XPLAI,@xplai,US,2670,94,231382,2461.5106382978724,86.65992509363296,1,1,"XPLAI is an animation and design studio that specializes in explainer videos, illustrations, and presentations.   Mostly, we specialize in animation a"
UCpw7AJ_2bWDrCb0h-yD8Eag,Draw You a Picture,@drawyouapicture,BR,0,3,0,0.0,0.0,0,1,"Do I have to draw you a picture? Yes, and I do it every week.  One complicated thing per video, explained with a single drawing until it clicks. How a"
UCcRZmVrzHUqn7xGIsKS7r-g,bitesizedsponge,@bitesizedsponge,CA,249000,863,116965775,135533.92236384706,469.74206827309234,1,0, Hi! 🌟✨🌈my name is Tam and I own one of the CHUNKIEST sketchbook ever!! Drawing has always been my favorite thing to do and I hope you’ll feel inspire
UCfnjbXlrrJL9RlZrgyX59YA,Dark Marker,@darkmarkeryt,US,0,2,43,21.5,0.0,1,0,"I draw out the worst, weirdest, and most disturbing stuff in history, science, and true crime — one badly-drawn marker sketch at a time. New ""Every X "
UCzDmwXFtMlNxqFdPd2MwvUg,Drawing Science,@drawingscience_yt,,14,4,6879,1719.75,491.3571428571428,0,1,"Drawing Science turns complex physics and math into simple, animated explanations. Learn how the universe works through visuals that make every concep"
UCQh6Whh7dDP3-OGXbEKwUGw,Mana Art and Drawing ,@manaartanddrawing,US,1530,526,584642,1111.4866920152092,382.1189542483661,0,0,"Welcome to my drawing channel! Here you will learn step-by-step anime and portrait drawing using clear guidelines, measurements, and simple explanatio"
UCl_D3XvpY0XfzLvJNhO9ZvA,Motionpalette Entertainment,@motionpalette,IN,34,34,7888,232.0,232.0,1,1,"Motionpalette Entertainment is the fastest-growing animation studio in Kolkata. Conducting 2D/3D Animation, TV Series, Illustration, Children's Book I"
UCFDxyA1H3VEN0VQwfMe2VMQ,Gawx Art,@gawxart,MX,2600000,137,155578412,1135608.8467153283,59.83785076923077,0,0,videos about art
UCabqjoZniyF3avrPSOczPpA,Anime Drawings for Beginners,@animedrawingsforbeginners,BR,24600,190,3167270,16669.842105263157,128.75081300813008,0,0,My goal with this easy anime drawing tutorial channel is to show some easy anime drawings for beginners to do. All anime drawing tutorials on how to d
UCNBWSPrq6PR9OYICWl-51bA,ZehnerStudios,@zehnerstudios,,0,54,147,2.7222222222222223,0.0,0,1,"AI-powered Graphic & Motion Design for modern brands and B2B and enterprise clients.   Short breakdowns, experiments and workflows showing how to use "
UCMRpyFkg1xqlSXifvfdhgfw,Find the Markers,@findthemarkersdev,,9760,7,1021275,145896.42857142858,104.63883196721312,1,0,The official channel for Find the Markers developer content! The place you want to be to hear all of the official soundtracks and watch all update tra
UCTsu9SkavK6zrI3xnzo9CuQ,Master Marker Studio Animacji Maciej Czernic,@mastermarkerstudioanimacji2869,PL,15,24,5529,230.375,368.6,1,1,"MasterMarker channel presents all creation from MasterMarker Studio Animation specialized in WhiteBoard Animation, Explainer videos, storyboarding and"
UC2cJxpE3NX-nJ9hx1ZqNJ1A,Jars Drawings,@jars.drawings,,262000,52,69206699,1330898.0576923075,264.1477061068702,0,0,"Dark Art Galore. Creator of Eldertubbies, Forgiveness of John, Sesame Alley, etc.  XPPen Tablet links in Linktree below!  Business inquries please rea"
UCGBSxfsk3Nnpy17B-Xkrjig,drawing explanation,@drawingexplanation,BD,3,4,38,9.5,12.666666666666666,1,0,"Welcome to Drawing Explanations – Your Daily Dose of Art Made Simple!  At Drawing Explanations, we believe that anyone can learn how to draw with the "
UCo0kJ_izJzH8lur8_MywZBw,One Pencil drawing,@onepencildrawing,EG,1040000,526,40326840,76666.99619771863,38.775807692307694,1,0,"Welcome to One Pencil Drawing! 🎨  Here, you'll learn how to master realistic pencil drawing, create stunning portrait sketches, and draw faces with si"
UC8zu2OozCIfLIoDyCQmlHhA,Huta Chan,@hutachan,US,3130000,708,892052729,1259961.481638418,285.000871884984,1,0,"🎨Watercolor Illustrator/Graphic Designer  ⚠️Don’t redraw, trace my works or re-upload my videos.  📩Contact: hopthuhutachan@gmail.com  ❤️Please follow "
UCju5v-oTRalO9DgACy9NG7w,Drawing with Josephine,@myart-world69,,23,12,4345,362.0833333333333,188.91304347826087,0,0,"=*§~~ello ello! Welcome to my channel!! I will be posting art videos and content!  This it’s a safe space for all ✝️✡️🏳️‍⚧️🏳️‍🌈☮️♋️   M@ps, and z00s D"
UCBARESDB1dvUXUHZwIVHUdw,DrawingWiffWaffles,@drawingwiffwaffles,US,2850000,602,495444760,822997.9401993356,173.84026666666668,0,0,"Hi! I'm Rin. I've been drawing for a while now and I love sharing what I create. Even more so, I love the process of drawing. Taking a blank paper and"
UCCuZ0r9pDMI8DwhtRV1fNhg,Danno Cal Drawings,@dannodraws,US,4180000,1313,3548275117,2702418.2155369385,848.869645215311,0,0,"Hiya! I'm Danno! Right now, I'm uploading a short every other day and live streaming most Saturdays. Check out my web series pilot Toon Turf! I worked"
UC93uHm5aHDcFFemuStgEeuA,CREAVIDS - Animated Explainer Video Agency,@creavids,IN,677,144,149262,1036.5416666666667,220.47562776957164,1,1,CREAVIDS is a animated explainer video production company specializing in 2D and 3D animation videos. We believe that our videos help organizations an
UCLIustet5zwHdz8eBU2sxEw,Night Journy,@nightjourny,US,0,8,29,3.625,0.0,1,0,Wellllllllcome to your channel In this channel I will make art and sketch videos for you and I hope you enjoy with my videos 
UCFwu_-9o7k_MlT4H57RXz4w,Intuitive drawings 🌈,@visualmessage,,12,23,3461,150.47826086956522,288.4166666666667,0,0,Visual Messages by Amalia  © All artworks are original and remain the intellectual property of Amalia. All rights reserved.  Each short shares a singl
UCgltcJK5Id9rY5Q4tSsT_qw,Amanda Lyons,@amandalyons4740,,15,7,2018,288.2857142857143,134.53333333333333,1,1,Goodmorning! My channel is a list of the hand-drawn whiteboard animated videos I've had a part in creating! THANKS clients and collaborators!
UC-oZ0L0_HupuI7xYB_6Ds_g,Animaico Studio,@animaico,US,9,11,675,61.36363636363637,75.0,1,1,"We help brands tell their story through powerful, high-quality branding and videos.  Welcome to Animaico, a US-based studio with a focus on Video Anim"
UCYGHqzhKR9cN7BnQ_QxpwIQ,William Rogers,@williamrogers1513,,2,22,239,10.863636363636363,119.5,0,0,
UCDXAuk9TY3o3F7Nxji3M1vA,Liu Drawing,@liudrawing,,25800,175,1175556,6717.4628571428575,45.56418604651163,1,0,"Hi, I’m Liu Gege, a portrait artist who loves capturing expression with simple tools like pen and charcoal. On this channel, I share my drawing journe"
UCbvJaD4Z4vHUUuSs0Gdfdqg,Art History in Watercolour,@stevedunlopart,NZ,1200,184,300245,1631.766304347826,250.20416666666668,0,0,"I use watercolour to tell stories from art history. Each short video takes one moment -- a painting, a pigment, an artist, or a rumour -- and explains"
UC1ufpSsyDBmkA0exdJ3f2RQ,Blue Hand Drawing,@bluehanddrawing,BD,1790,2654,587021,221.18349660889223,327.94469273743016,1,0,Blue Hand Drawing channel is all about drawing.  Drawing made easy and fun here. Also introducing amazing ways of art. Drawing video is made on variou
UCDwoeXlz7pMZgIgILRvxv0Q,PRASS Drawing ,@prassdrawing,IN,2170000,365,614561929,1683731.312328767,283.20826221198155,0,0,"Welcome To Prass Drawing 🙏😊  In this channel I upload Drawing videos, I also accept drawing challenges from my comment section and draw them.   My vid"
UC7TBm9Rjb5xQVXcSnAG91sA,Mahnster Art,@mahnsterart,US,29600,117,3921350,33515.81196581197,132.47804054054055,1,0,Hello Youtube!   This channel is going to consist of time-lapsed drawings and other drawing videos.  *Materials   - Copic Set B    - HB and 2B Pencil 
UCwZKaDLCCjPqxfcmA5HrsVA,Explain It With Drawings,@explainitwithdrawings,MX,5,24,4833,201.375,966.6,1,0,"Welcome to Explain It With Drawings — where curiosity meets clarity. We create educational, surprising, and visual videos that explain psychology, sci"
UCsgrg2Yi07jCBg2gQnXvt_g,Perspective Drawing Channel,@sketchperspective,MY,41000,3297,7436653,2255.581740976645,181.3817804878049,1,0,"Learn Perspective the Simple Way Perspective drawing doesn’t have to be complicated. We teach you how to draw perspective easily, logically, and confi"
UCIoA8LaeV3aZqMiLZWoZsbw,Visual Deen,@thevisualdeen,US,242000,75,20183878,269118.3733333333,83.40445454545454,0,0,"""Convey from me, even if it is a single verse."" (Sahih al-Bukhari: 3461)  Simplifying Islamic teachings with visuals and icons for clear, easy underst"
UCGGu4TTtAhTM7diJGnb1RuA,Animated World Explanation,@animatedworldexplanation,PL,25,13,6934,533.3846153846154,277.36,1,1,"Complex ideas. Simple animation. Clear explanations. We make animated explainer videos about space, physics, cosmology, philosophy, and other fascinat"
UCX3irZyWOVkdi7d7uqp38kg,NashVibes Art,@nashvibesart,US,6560000,337,3690130196,10949941.234421363,562.5198469512195,0,0,Yo whats up! I make art videos :)
UCYRaBJ0T6If8X394QIjuEjw,Awesome Andrew,@awesomeandrew,AU,13400,182,4604913,25301.71978021978,343.650223880597,0,0,"I share my skills and knowledge in many areas:  Expert AutoCAD training tutorials for beginners to advanced, architectural and building drawings and c"
UCt4zV7DsD6fa3SzBXauT4lg,Drawing Channel US,@drawingchannelus4213,,144,15,113847,7589.8,790.6041666666666,0,0,This channel is interested in all the graphic videos and humor and magic tricks ... and learning and explanation through videos. We invite you to subs
UCZWc_VgTOKBpDvNuuKyK04w,BokuCanDraw,@bokucandraw,IN,1420000,242,906708960,3746731.2396694217,638.5274366197183,0,0,"Taught Over 2000+ students✍️ Learn with me, Draw with me"
UCt85BA_hmXl2hz6fbYCKMKQ,Paintellectual PriyA,@paintellectualpriya,IN,10400000,817,12458833625,15249490.361077111,1197.964771634615,0,0,Business enquiries: paintellectualpriya.business@gmail.com 
UC-9CWktfLcbqoYnO2pbR1UA,Natecraft ,@natecraft4r7,,46,21,7662,364.8571428571428,166.56521739130434,1,1,I make videos about art and stuff. Art is one of my favourite things to do and it’s very fun to put all your imagination on paper to show the world my
UCxOJW_fk4Y6WMknOWHKkHIQ,Ex drawing,@ex_drawing,US,16300,41,7051613,171990.56097560975,432.6142944785276,1,0,"Ex Drawing  is a space where imagination turns into art. On this channel, you'll discover aesthetic drawings, creative sketches, anime art, and unique"
UCbankswkN26UTMJswHZyfsQ,Neal Illustrator,@nealillustrator,,573000,129,99630536,772329.7364341086,173.8752809773124,1,1,Heyo! It's Neal. I enjoy spending my free time listening to music and planning animatics in my head
UCEUF4pIDyF1y0R-G5G-VwjA,drawing 2050,@drawing2050,EG,541,287,121363,422.86759581881535,224.3308687615527,1,1,"How to Drawing Easy  DrawingNow offers thousands of free how to draw, step by step, easy drawing lessons. Learn to draw simply by following the sketch"
UC9zg5jQvZvMe2xzpjoUMY7Q,vrga drawing ,@vrga.drawing,IN,35,21,16408,781.3333333333334,468.8,0,0,HELLO and WELCOME to my channel   I will do on this channel  • upload video of my drawing  •make you entertain  •explain you that everyone can draw   
UCpsE894nSixY3ScYFgJAQXw,Cartooning Club XL,@cartooningclubxl,CA,474000,347,43632588,125742.32853025936,92.05187341772152,1,1,Get a FREE sketch course by visiting The Sketch Club 👉 https://www.skool.com/sketchclubwithmrty/about  MRTY is a verified Youtube creator with over 6 
UCtRo8VSdoE4jl_we_Re3Btg,Shrimpy,@shrimpy,AU,1680000,369,916633658,2484102.054200542,545.6152726190476,0,0,just a 21 year old artist dude who draws and posts it on YouTube! 🌊
UCqsSRf2tLC28faTh-L89iDQ,VihaanArt,@vihaanart,IN,312,42,12073,287.45238095238096,38.69551282051282,1,0,"Good Day everyone ! Vihaan Here ! I am an artist from India. I upload art related video on a variety of topics like character designs , watercolor dra"
UCjtLw-4wCmxnTJp3OSELz3Q,Science Drawing Academy ,@easysciencedraw,,46,18,14998,833.2222222222222,326.0434782608696,1,0,"Welcome to Science Sketch! 🧪✏️  Learn science in a fun and easy way through creative drawings, colorful diagrams, and simple explanations. Whether you"
UC03z0XlBx2ZSyKIFef_Rq8Q,Sparkle Drawz,@sparkledrawz,,561000,286,106602827,372737.1573426573,190.0228645276292,1,0,Hey there! I’m ✨ Sparkle! ✨ Just a girl who loves art and can’t wait to unlock the amazing world of creativity with you!  On this channel you’ll find 
UClxigIyzF_iFfaVD8Cgb7fg,Whiteboard MD,@whiteboardmd,JO,5,3,413,137.66666666666666,82.6,1,1,"Welcome to Whiteboard MD! 🩺✨  Demystifying medicine, one marker stroke at a time. Created and hosted by Dr. Hamzeh, this channel is your ultimate visu"
UCq1I8pnF86J_2AaRzYIxIPA,Alles Animation,@allesanimation7267,DE,3,27,299,11.074074074074074,99.66666666666669,0,1,We offer solution to obstacles that face the day to day running of your enterprise. Our mission is to offer animated solutions from different studios 
UCopzq4NX3eYYPyw1VUi-8Xw,Dumb Doggo,@dumbdoggoanimation,,763000,18,95467101,5303727.833333333,125.12070904325032,0,0,Thanks for watching :)   Contact: contact@dumbdoggo.com  Sponsors: sponsors@dumbdoggo.com 
UCnMYCEAs84KR7PJekwNeunw,DoodleMango - Animated Explainer Videos,@doodlemango-animatedexplai9524,IN,599,329,154649,470.0577507598785,258.1786310517529,1,1,"We DoodleMango is a team of award-winning experts having experience of more than 12 years in animation video production, explainer videos and video ma"
UCiMhM7xCTT8b5SJRnhpH7Ag,Whiteboard Medicine Emergency And Critical Care,@whiteboardmedicine,US,83900,426,2941918,6905.910798122066,35.064576877234806,1,0,We are WhiteBoard Medicine. We are focused on high yield emergency and critical care medical education content!  Welcome and thanks for checking out t
UCnpKsU6clBmoQWDiZP8r-AQ,Moho Health,@mohohealth,IN,34300,224,373104,1665.642857142857,10.877667638483963,0,0,"Welcome to MoHo! 🎓🌡️  This channel provides health awareness videos, including diagnostic health tests, common lab tests, and understanding results. I"
UCaJsEpRNRZYVpOo1R6Y65GA,Lemonly,@lemonlyinfographics,,1660,70,275647,3937.8142857142857,166.05240963855422,0,1,"Home of the world's best infographics. 🍋 We make sweet visual content to help brands tell their stories — infographics, animated videos, reports, micr"
UCYD0s5C8MLKUK85xuS6mmqg,Valcare Medical,@valcaremedical9772,,446,3,6863,2287.6666666666665,15.387892376681616,0,0,"Valcare Medical, Inc. is committed to transforming the treatment of mitral regurgitation by providing transcatheter solutions that deliver the efficac"
UC0GbKJaeEN9k5CG1NLbN6Ow,IdkSterling,@idksterling,,3660000,7119,5601513456,786839.9292035399,1530.4681573770492,0,0,Inquiries: Sterlingfournier2@gmail.com IdkSterling on Snapchat Idksterling on Tik Tok ⚠️Variety of Content⚠️
UCUnGuWSpsuT91AssQ7zv7_A,AITOO Studio | Explainer Videos,@aitooo,KZ,59,19,1903,100.15789473684212,32.25423728813559,1,1,Hello! Are you looking for a high-end explainer video? You've come to the right place. We'll create an explainer video that tells the story of your co
UC64S16WTjLTLOrRxsHLRZ9A,Yum Yum Videos | Animated Explainer Videos,@yumyumvideos,US,30000,301,4632894,15391.67441860465,154.4298,0,1,"We are a Video Agency leader that creates custom video content such as Animated Explainer Videos, Product Videos, Educational Videos, Commercials, Soc"
UCpHpLD-URpThtttHTxefZ4A,Her Story,@herytstory,US,2720000,1125,3462494972,3077773.308444445,1272.9760926470587,0,1,I tell little stories in 3D 🩷  Subscribe and turn on notifications so you don’t miss any new stories 💕  If you translate or make edits of my videos wi
UCwqOu26_nAMmUyb3fyKxBbw,deprescribing,@deprescribing,,1360,22,123679,5621.772727272727,90.9404411764706,0,0,Visit us at: www.deprescribing.org Email us at: deprescribing@deprescribing.org Follow us on Twitter: @deprescribing  Follow us on LinkedIn: https://w
UCQmLWdWvEspvFUHFAXtIffA,Infographic Hub (DesignVix),@designvixx,US,21,333,7660,23.003003003003,364.7619047619048,1,1,There are millions of individuals who can make an explainer animated video through YouTube tutorials or enrolling in online courses. Do they guarantee
UCpNfWSDeKuYz8q05yGASVUQ,"Animated Infographics, Explainer Video, Animated Videos, Video Explainers, Video Marketing",@animatedinfographicsexplai988,,224,14,17113,1222.357142857143,76.39732142857143,0,1,"Animated Infographic on the cutting edge. Bring your data to life with a animated infographics. Increase audience engagement with motion graphics, let"
UCQ4s3ZMuIllm2LFLxraTfeg,Explainers Video by GraphiteWork,@explainervideoanimations,GB,589,508,267354,526.2874015748032,453.911714770798,1,1,"ABOUT US We are a leading Explainer Video Animation Company, specializing in custom animated explainer videos for businesses and individuals. With hun"
UCLRpejS8CSo3BJAy99cotYQ,2D INFOGRAPHIC,@2dinfographic193,IN,19,28,4381,156.46428571428572,230.57894736842104,0,1,"hi sir / madam,  proposal from 2D INFOGRAPHIC  As we 2D Infographic Our service is to provide 2D animation videos as per your need and content.   Work"
UC2vQ2o9bObO4fGnPDFzF5HA,Captain Xplano,@captainxplano,IN,78,9,16608,1845.3333333333333,212.92307692307693,0,1,"Captain Xplano creates jaw-dropping 3D animated infographics that break down how machines, inventions, and tech actually work. Dive into epic visuals,"
UCVVuMYbE98poTzS5Ohmz2DA,SideQuest - Animated History,@sidequestyt,US,677000,69,52476196,760524.5797101449,77.51284490398818,0,1,"Welcome to SideQuest, where we make animated historical videos on the most fascinating topics you never knew you wanted to watch! "
UCfdNM3NAhaBOXCafH7krzrA,The Infographics Show,@theinfographicsshow,US,15500000,6292,6898275790,1096356.6099809282,445.0500509677419,1,1,"Facts are fun, but most are presented in boring and badly edited videos. The Infographics Show focuses on making animated motion infographic videos, m"
UCsXVk37bltHxD1rDPwtNM8Q,Kurzgesagt – In a Nutshell,@kurzgesagt,DE,25500000,386,3837679033,9942173.660621762,150.49721698039215,1,1,"Animation videos explaining things with optimistic nihilism since 12,013.  We’re a team of illustrators, animators, number crunchers and one dog who a"
UCgb5Cb71XvKXT5V1d2ORVmg,Tell It Animated,@tellitanimated,CA,2240000,91,634043811,6967514.406593407,283.0552727678572,0,1,"'Tell It Animated' gives information in a fun and imaginative way, with both colorful design and interesting topics from horror characters, superheros"
UC5u7ILNTWoQOCLcoqXEt2gQ,The Infographics Show - True Crime,@theinfographicsshow-truecrime,US,56600,41,6086649,148454.8536585366,107.53796819787986,0,0,The best of The Infographics Show true crime videos in one place!
UCRRt0T9TjZ2ig8L9y1EbPMQ,Infographic Channel,@infographicchannel,US,1410,216,102407,474.1064814814815,72.6290780141844,0,0,"Infographic Channel is an adventure and travel YouTube channel focused on motorcycle journeys, mountain rides, fossil hunting, antique discoveries, an"
UClIeLeshjrFTHXzW3Q9nWDg,Whiteboard Wellness,@whiteboardwellness1,,4,10,349,34.9,87.25,1,1,Welcome to Whiteboard Wellness. We simplify health using engaging whiteboard animations and easy-to-understand explanations based on scientific eviden
UCU-gwiMo6RephzYYLNwqa4w,Dr. Andrea Joseph,@andreajoseph,GB,7810,29,521993,17999.758620689656,66.83649167733675,1,0,"Hello, My name is Andrea!  I am a junior doctor.  I make easy to understand handwritten, whiteboard videos and discussion videos for healthcare profes"
UCLQEgGAPzJ1FcsxJS4YeiJg,Animation Yogi,@animationyogi191,,113,55,42592,774.4,376.92035398230087,1,1,"Animation Yogi is an Animated video production company based in Bangalore, India, specialises in Whiteboard animation video, Explainer Video, Infograp"
UCU0nGC_fe_SHtfxlMySyz6w,The Health Sketchpad,@uleio_09,NG,30,67,3809,56.85074626865672,126.96666666666668,1,1,  Welcome to The Health Sketchpad! 🩺✏️  Confused by complex medical concepts? We draw you a clearer picture!  The Health Sketchpad provides essential 
UCurIHNt7-CRQXanL_pe5oYQ,MedSketch,@medsketch10,,0,2,407,203.5,0.0,1,1,"Welcome to MedSketch!  We make simple, easy-to-understand medical videos using whiteboard animation. Learn about symptoms, first aid, common diseases,"
UCbKGDTTsaEshUEKFwpLs7kQ,WhiteBoard Wellness,@whiteboardwellness,,39,13,805,61.92307692307692,20.64102564102564,1,1,"Welcome to Whiteboard Wellness!!  Your go-to channel for simple, sketched-out solutions to better health.  We’re a preventive health series hosted by "
UC0V1LUF6rGXLW1xhAL-LCXA,Infographics Archive,@infographicsarchive,US,30,5,9656,1931.2,321.8666666666667,0,1,"Animated infographics are fun, entertaining and provide valuable information. Infographics Archive focuses on making video infographics and explainer "
UCuBucebWik7Pxw1_cCJ62UA,Boom Animation,@boomanimation,,67,11,146,13.272727272727272,2.1791044776119404,1,1,"Whiteboard Animation Video for startups, web and mobile apps, local businesses, great for Video Marketing medical and health, marketing, technology co"
UC16jB2frROhYHo1jUYrBEug,Backrooms Explained,@backroomsexplained,US,207000,60,14233641,237227.35,68.76155072463769,0,1,Backrooms Explained brings you animated stories and tales about the Backrooms and more!  Brought to you by a few fans of the Backrooms and SCP. 
UCfaE67tNDtFxVZ1V9LWWN_A,INNOVAMP INITIATIVE,@innovampinitiative9174,NG,49,17,534,31.41176470588235,10.89795918367347,1,1,"Whiteboard animations on Telemedicine, Pharmacology, Health Information, Therapeutic, Research, Scholarships, Grants, International Studies and Projec"
UCG4IO2DjITpgdbKGWVVntFg,Doctor online,@doctoronline001,,0,1,3,3.0,0.0,1,1,Welcome to your go-to medical explainer channel — where complex health topics are made simple with the magic of whiteboard animation.  From heart atta
UCK7Dhmfd-wNpBw6uZYN1GzA,HealthDoodle ,@healthdoodle1,AE,8,29,860,29.655172413793103,107.5,1,1,"Welcome to HealthDoodle, where health and wellness are explained through simple, engaging whiteboard animations. Our videos break down complex medical"
UCoLxbxMSuhT-oP5zaD9QN1w,Drawing psychology,@trahhhumbgug,,1,2,1180,590.0,1180.0,1,1,"Welcome to the channel, bro. This is where drawing meets psychology. I turn complex ideas about the mind into simple, visual stories — sketches, anima"
UCZpm3JLI2BMa9M_qlVa_eHg,Kraving Studio (Animated Explainer Videos),@kravingstudio6608,,34,9,3918,435.3333333333333,115.23529411764706,0,1,
UCavtKUSsXljcmWOi7EfxMVw,Plainly Explained,@plainlyexplainedreal,CA,262,2,32,16.0,0.1221374045801526,1,1,"Welcome to Plainly Explained — a doodle animation channel that makes big ideas simple.  We create fun, easy-to-understand animated explainer videos us"
UCCarShKag8cigE0Tb4FIeeg,The Medical Sketch,@themedicalsketch,US,4,5,235,47.0,58.75,1,1,"Welcome to The Medical Sketch.  The Medical Sketch is your premium destination for illustrated biological blueprints, focusing on the root cause of ch"
UCJHOPQt5TxC2O6XWi5_YcDQ,Explainer Video Makers EVM,@explainervideomakersevm1476,US,298,51,167063,3275.7450980392155,560.6140939597316,1,1,"We are a group of creative artists actively involved in Explainer Video Production, White Board Animation, Motion Graphics, Kinetic Typographic Animat"
UC_que-CjOEPzrv6YMwBoWdQ,Mr Globee,@mrglobee,US,3510000,200,739781002,3698905.01,210.76381823361825,0,0,"Welcome to MrGlobee 🌎 Here, you'll discover fun facts countryball videos🎬 Subscribe now and join the adventure🎉"
UCJO2XBqcj1m0lnITdDNXuvA,Health Decoded,@abdulsabourkhan-f2q,PK,0,2,15,7.5,0.0,1,0,Health Decoded — Making US Healthcare Make Sense Confused by your insurance bill? Wondering why a simple ER visit costs thousands? You're not alone — 
UCQWWJkM6BbUGophaZ_ad1lQ,EyeCandy Infographic,@eyecandyinfographic4106,IN,14,28,10995,392.6785714285714,785.3571428571429,0,0,
UCE2GdTW2WVCHZnqHF5otvgQ,HealthSketch,@healthsketch,GB,128000,44,12789160,290662.7272727273,99.9153125,1,1,"HealthSketch is a project to convey health information in visually engaging ways, through the use of short and simple whiteboard animations. We hope t"
UCBb4hwRZudYDFpIePx-wxUA,Medical Whiteboard,@medical_whiteboard,US,218,30,23593,786.4333333333333,108.22477064220185,1,0,Introducing the new medical_whiteboard channel that uses whiteboard videos to explain complex medical concepts and problems in an easy-to-understand m
UCQM-R5xopOSSYzskD_i8yhQ,Miracles Works,@miraclesworks2851,IN,15,28,2852,101.85714285714286,190.13333333333333,0,1,Ad films | Corporate Videos | 2D & 3D Animation | Motion Capture | VFX | Product Simulations | Promo Videos
UCpJpY_HPIL2ZNBL2y5iPYqA,K Infographics,@kinfographics,,2460,48,321383,6695.479166666667,130.64349593495936,0,1,"Welcome! Our single minded purpose is to educate people through creative art such as animation and infographics. We also do commercial animation, for "
UCSlF7eUXeDQzcAGZviI_1Lg,Medgraphik Communications,@medgraphikcommunications5835,,1,8,65,8.125,65.0,1,1,"Medgraphik is a medical communications solutions group, helping full-service medical education companies and healthcare communication agencies, reach "
UCuUpWxlozKaABK3Rx3SGNwA,The Health Notebook,@thehealthnotebook,PK,5,1,16,16.0,3.2,1,1,Welcome to The Health Notebook! 📝🩺  Do you want to understand complex health topics in the simplest way possible?  The Health Notebook is your go-to d
UCL3rV5PZK_5UYAwmwvyuSqw,Hoodie Guy,@hoodieguystories,,1700000,92,1323484024,14385695.91304348,778.5200141176471,0,0,I tell you random facts and stories   Business: hoodieguycontact@yahoo.com
UCj4hfQEWcGtF08SLEZCZc5Q,Vindooly,@vindooly,AU,9880000,1927,8793529596,4563326.204462896,890.0333599190284,1,1,If it ain't chocolate milk I don't want it.  IRL: http://youtube.com/@vinRL Animations: http://youtube.com/@Vindoodles Explains: http://youtube.com/@V
UCZlAw7ldG8fnRJBjZ53IjXQ,Nemm TV,@nemm_tv,US,14,14,919,65.64285714285714,65.64285714285714,1,1,"Nemm TV — Weird History, Explained With Doodles.  Welcome to Nemm TV — where history's strangest, weirdest, and most surprising facts come to life thr"
UCFuF-1h26GX2lBQwYeJu3Dw,Doodle explainers,@the-doodle-explainers,IN,3,5,175,35.0,58.333333333333336,1,1,"Welcome to Doodle Explainers — where curious questions meet simple animation! ✏️  Ever wondered how people lived without modern technology, why strang"
UCF3gRq4LbNVVR8QfFUyyTCg,Flush,@flush,US,1630000,698,623892019,893828.1074498567,382.7558398773006,0,0,Exploring the WEIRDER / DARKER side of Roblox and other VIDEO GAMES...
UCXI2sj5kaCfMCkYcGk1m44A,Serious History,@serioushistory,US,832000,62,88662913,1430046.9838709678,106.56600120192309,0,1,Subscribe if you like serious history!  We are a team of history fanatics and animators making history less boring! 
UCvz84_Q0BbvZThy75mbd-Dg,Zack D. Films,@zackdfilms,,28400000,3894,75800029583,19465852.486646123,2669.015126161972,0,0,A Collection of Things I Find Interesting   
UCzmomGc_ZMYM4ie89oeYIag,R3alism,@r3alism_official,,2870000,12001,3150128700,262488.85092908924,1097.605818815331,0,0,"I’m a follower of Jesus. I talk about Him everyday! This channel isn’t meant to help you just one time, but to help you daily, and to remind you daily"
UCRKZqt7rf6_Lo5rFwuPTKmw,Bible Animations,@bible.animations,AU,782000,150,61789021,411926.8066666666,79.01409335038363,0,1,An Immersive Biblical Experience 
UCM0Yhj9yRbzBZIrhqHKgtmg,Doodle Facts 2,@doodlefact2,US,21,27,19942,738.5925925925926,949.6190476190476,1,1,"The funniest place on Earth to learn amazing things about life, health and weird habits — all explained through engaging doodle animations.  "
UCwZVqUkUHB2T8dfvCYSlkxg,Strictly Facts,@thestrictlyfacts,,1,0,0,0.0,0.0,1,1,"Welcome to Strictly Facts.  I explain how the world actually got started. Strictly facts.  Strictly Facts, history documentary, dark origins, how thin"
UCrCMFZWdjklAWjbvMt18waw,DiEM ARCHiVE,@diemarchive,,876000,378,1060198932,2804759.0793650798,1210.2727534246576,0,1,Daily animations and more 🎭 Official Spanish Dubs | @diemarchivespanish Merch available below 👇 
UC7fIn83FHdYbjcRiSVF3u1A,How Did.. Who?,@howdidwho,IN,682,59,294187,4986.220338983051,431.3592375366569,0,1,"How Did.. Who? makes history simple.  We take the biggest questions, ancient mysteries, and strangest facts from human history — and explain them in s"
UCuJQ1_EIWlN2AEQBCTqwaVg,Caldruki,@caldruki,US,1180000,733,1378558012,1880706.7012278307,1168.269501694915,0,0,"I made this videos by myself, if you wanna send your conversations or random screenshots, you can do it in discord.    I Upload   📱 2 Shorts Daily  📺 "
UC9pyNtkQRIOyuEEEQ8hmVXw,The Book on Homeschooling,@thebookonhomeschooling2852,,0,1,58,58.0,0.0,1,0,The Book on Homeschooling whiteboard animation gives a brief overview of homeschooling and how this book can guide you throughout the homeschooling pr
UCeP0CVC_nJiPU_U-Lv2MemQ,BookWatch,@bookwatch_com,CY,132000,68,6405586,94199.79411764706,48.527166666666666,1,0,Get the main ideas from books in easy-to-digest animated book summaries. Get your FREE TRIAL: https://www.bookwatch.com/  What if you could watch Netf
UC35gB4hxxU4O8UjuBBtFqkg,Growth Doodles,@growthdoodlesyt,IN,0,9,418,46.44444444444444,0.0,1,0,"Welcome to Growth Doodles.  This channel turns powerful psychology, self-improvement, productivity, discipline, and mindset lessons into simple stickm"
UCYLp_tkYHy5GgJrUIZdmNqA,Marvijo Animated Book Summaries,@marvijoanimatedbooksummaries,,642,23,43592,1895.304347826087,67.90031152647975,0,0,This channel provides animated book summaries. 
UCpPY1A7QRhnX08vysfGGi6g,Book Summary,@booksummaryx,GB,9,20,1960,98.0,217.77777777777777,0,0,"Welcome to Book Summary, your go-to channel for animated book summaries that bring powerful ideas to life. Dive into Atomic Habits and discover how sm"
UC7GOMD-FKqiVb1Jq68zsavA,Book in 3 minutes,@bookin3minutes,US,710,39,103269,2647.923076923077,145.44929577464788,1,0,"Welcome to ""Book in 3 Minutes"" – your gateway to literary masterpieces! We transform the world's greatest books into concise, animated 3-minute summar"
UCeYTsiyL3g41qmw-o0uxNpQ,Verse Skill Animated Book Summary,@verseskillanimated,,1,2,13,6.5,13.0,0,0,
UC4ApM02AhTEii5jDqMGHVjw,DoodlifyVerse,@doodlifyverse,IN,1,11,205,18.636363636363637,205.0,1,0,"🧠 Welcome to DoodlifyVerse!  Where simple doodles turn into powerful ideas.  At DoodlifyVerse, we create engaging whiteboard and doodle animations tha"
UCvJlPwFNWhfr00tHmz5XXqw,TECH MOMENTO,@techmomento1341,IN,63,2,23808,11904.0,377.9047619047619,1,0,"Hello Everyone, We offer a wide range of Digital Marketing & Web Development Services. Our services include web design, web development, Social media "
UCT8tjQuVtnVtFOQdo3UTCWQ,UFITZ ,@ufitzz,IN,7,2,79,39.5,11.285714285714286,1,0,"Welcome to U-FITZ, where big ideas come to life through captivating whiteboard animations! 🎨✍️  At U-FITZ, we simplify complex topics and present them"
UCI22tFMFN3tjYzta0eG8DRA,Van Gogh–Style Book Summaries,@vangoghstylebooksummaries,,411,13,41265,3174.230769230769,100.4014598540146,0,0,"Van Gogh–Style Book Summaries creates animated book summaries using Van Gogh–inspired visuals and subtle cinematic motion.  On this channel, we summar"
UCrKowEmYELluxI2JQfdosSQ,Lifeotation,@lifeotation,US,81,25,1893,75.72,23.37037037037037,0,0,"Join us on our channel as we delve into the transformative power of books, offering concise summaries that ignite positivity and motivation in every a"
UCjKJKTBaekvxcgSCuBrWhZw,Better You,@betteryou-r3h,US,203,16,12353,772.0625,60.85221674876847,1,0,Get the main ideas from books in animated book summaries.  Why is my summarised books? Whiteboard Animation: I use whiteboard animation videos to keep
UCNb1vEc7F9LOVlrKtakktCQ,white,@mindboard01,US,6,2,40,20.0,6.666666666666667,1,0,"🧠 ✏️ WHITE – Love, Life & Learning in Whiteboard Animation  Welcome to white — the channel where thoughts about love, reflections on life, practical s"
UC9CQcfhCycr95_2K4ZjL2xw,Doodle Motivation Hub,@doodlemotivationhub,,1,46,58,1.2608695652173914,58.0,1,0,"Welcome to Doodle Motivation Hub, where we bring powerful life lessons, self-improvement tips, and daily motivation through engaging animated videos a"
UCpdcx8ya7IMbBYXrHdkR7QA,Bookbharose,@bookbharose,,63,1,26,26.0,0.4126984126984127,1,0,"Welcome to [Your Channel Name]  Here, books come to life through engaging whiteboard animations!  If you love learning from books but don’t have the t"
UCRI6t05DNVlV0XhdI7hx_iw,One Percent Better,@onepercentbetter,AU,713000,150,24545092,163633.94666666666,34.42509396914446,0,0,"Animated book summaries of the best self-improvement books. Get the key lessons in 15 minutes or less.  Hi, I'm Brandon!  I started this channel in No"
UCPvN1cNdk-My1wLNrH1LNvQ,The Doodle Philosopher,@thedoodlephilosopher-p9i,US,0,2,63,31.5,0.0,1,0,"The Doodle Philosopher turns self-improvement and psychology into short, hand-drawn stories — real principles about consistency, mindset, and finishin"
UCxKRcrbDk7dm1qkaoUeSbVA,Whiteboard Book Summary,@whiteboardbooksummary6377,IN,14,1,4979,4979.0,355.64285714285717,1,0,
UCwXqhpbs9BtNVNZktQO3COA,again and again,@againandagain9539,IN,45,2,1346,673.0,29.91111111111111,1,0,Education Whiteboard animation Book summary Learning
UCJa0gm3a5gKH7ymKwaNOuzA,EvoSum EN,@evosumen,DE,616,108,204164,1890.4074074074074,331.43506493506493,0,0,"Welcome to Evo Summaries. This channel covers a variety of genres and offers informative, easy-to-understand videos for the knowledge-hungry but time-"
UC3aZPjd1-YrD3YeHlGZBNZw,Book Summaries,@booksummaries6033,MA,41,66,2653,40.196969696969695,64.70731707317073,0,0,Hello my friends this channel specializes in spreading science and information I want to share with you my experience in reading and the ideas of all 
UCcs9-0sOANNAcnZAGQRoLRw,Bibliom,@bibliom1,US,155,29,42886,1478.8275862068965,276.68387096774194,1,0,Welcome to our YouTube channel dedicated to summarizing books through the engaging medium of whiteboard animation! We're committed to bringing literat
UCuWHI9e0TPPKN38wwqwl-QQ,Book Summary LAB,@booksummarylab,NL,30700,71,1432486,20175.859154929578,46.660781758957654,0,0,"About Book Summary LAB 🎥 Videos about best selling self development books 🎨 Written, voiced and produced by Book Summary LAB 🔔 Subscribe now for more "
UCyCd3OpkOHzzbbC_HHXo4nQ,ANIMAKERS,@animakers2744,,2,6,157,26.166666666666668,78.5,1,0,...Providing the BEST service within BUDGET...  Service: Explainer video promotional video sales video marketing video whiteboard animation 2D explain
UCR1lb_70-5G1HNSV-H7P6UQ,15-Minute Book Summaries,@15-minutebooksummaries,,2080,539,110925,205.7977736549165,53.32932692307692,0,0,No Time to Read? Get the Best Books Summarized for You! 📖⏳  Ever wished you could absorb the wisdom of best-selling books without spending hours readi
UCQW7Dm7lJ6USMH2DILr8oug,Animated Book Summary,@animatedbooksummary,US,19,24,3211,133.79166666666666,169.0,0,0,
UCt1wA5gKGV92a_pDG8ZXGsw,Top Book Summary,@topbooksummary1,IN,99000,11,935260,85023.63636363637,9.447070707070708,0,0,"Welcome to Top Book Summary📚 Get the best book summaries in just minutes. We simplify powerful ideas from self-help, motivation, success, and business"
UCUFBOilrsfYbSySxWK7t5KA,DoodleTube AI,@doodletubeai,,1,11,146,13.272727272727273,146.0,1,0,Welcome to DoodleTube AI—where simple doodles explain life's biggest ideas.  We turn complex topics into engaging animated doodle stories using AI-pow
UCfhbydY40P2Lli9HuBz8cdA,SeeKen,@seeken,IN,4570000,830,399824944,481716.8,87.48904682713348,0,0,India's No. 1 Book Summary Channel. Don't have time to read or learn from mentors? but want to improve your life in terms of wealth and relationships?
UCurYxozQbvKn-oNUxNJh45Q,GREAT IDEAS GREAT LIFE,@greatideasgreatlifeindia,IN,7160000,726,701449255,966183.5468319559,97.96777304469273,0,0,"📚 I make Short Documentaries on Self Improvement, Business & Money    Hi, my name is Hemant Pant. 🌟 After leaving three government jobs, I became a fu"
UCzsXy9p8LlfShXMRVr3nz5w,Booksparks,@sonabooksparks,US,7,15,204,13.6,29.142857142857142,0,0,"Welcome to BookSparks — I’m Sona! Here you’ll find: 📚 Summaries of life-changing books on success, communication, productivity, and personal growth. 💡"
UC1QAOyWvkQ5cn9V81g4f8Iw,Wolfsuka: Book Summaries,@wolfsukabooksummaries7107,US,14000,31,1212055,39098.54838709677,86.57535714285714,0,0,"Animated book summaries, book summaries and book reviews! Thank you for joining me as we explore books of all genres, plus stoicism and self-actualiza"
UCjaSd6wUGj7aB-54ENzCRqg,Discipline Doodle 597,@disciplinedoodle597,,1,1,15,15.0,15.0,1,0,"Welcome to Discipline Doodle — where productivity meets doodles.  This channel creates relatable stickman animations about: discipline, procrastinatio"
UCyZ-C4B-Rwc702V1w8rxZlA,Scale Smartly Today,@scale_smartly_today,,45,104,12828,123.34615384615384,285.06666666666666,1,0,Learning is Fun with whiteboard quick concept drawing. You will learn to scale smartly.
UCki_HXhprX1iy7ndgX90lfw,ABA Exam Review - Behavior Tech & Behavior Analyst,@abaexamreview,US,110000,1441,13918937,9659.220680083276,126.5357909090909,0,0,ABA Exam Review. Preparation is key. Take control of your RBT® and BCBA® exam prep using our videos and RBT® and BCBA® study guide. Once you know your
UCoGzv_eLEDEHncFEl_xuiqg,Four Minute Books,@fourminutebooks,DE,88400,237,3813504,16090.73417721519,43.13918552036199,1,0,"Four Minute Books is a collection of over 1,000 free book summaries, each of which draws 3 lessons from one of the world's best books. Get smarter in "
UCyEdTOLABQm5FqoRSfAo5gQ,The Book Summary,@thebooksummary-info,IN,32100,22,22829,1037.6818181818182,0.711183800623053,0,0,Hello Guys... Welcome to The Book Summary!  यहाँ आपको मिलेंगे ऐसे विचार और कहानियाँ जो आपकी सोच को नई दिशा दें।  Book Summaries History & Historical M
UCaWrdVBLzvMVWmIizYzoUsg,Rufbuk - Book Summary,@rufbuk,IN,564,24,195927,8163.625,347.38829787234044,0,0,"Rufbuk is an educational channel. Rufbuk will help you grow your intellect and will take you deep into the mind of the authors, who have changed the w"
UCnNu6IY9YIPk4frR6MBuzMw,MentalEFit,@mentalefit,US,20600,20,944448,47222.4,45.84699029126214,0,0,"MentalEFit features animated book summaries, lessons, and knowledge from a variety of sources. This channel is for the intellectually curious and the "
UCpichUKV_vG-ByL6ImjPWbA,Doodle Psychology,@doodlepsychology-b6p,,0,1,37,37.0,0.0,1,0,"Complex psychology made simple with doodles. 🧠✏️  Welcome to Doodle Psychology! We break down high-level psychology, self-improvement, productivity ha"
UCetEc_ohDhKkOlMRh13RL4g,5-Minute Book Summary,@booksummaryfive,US,7940,524,323643,617.6393129770993,40.76108312342569,0,0,"Welcome to Book Summary 5, the ""5-Minute Book Summary"" channel. This is the go-to YouTube channel for concise and insightful summaries of the most pop"
UCBl9zAUKl1Fnm1sNS2RNmpg,The Rich Within,@therichwithin,IT,10,2,705,352.5,70.5,1,0,"Wealth Starts in the Mind!  We create easy-to-understand, animated book summaries, motivational content, and practical strategies that teach you how t"
UC7opQKIw0Cu8ucgpduTT_dA,FilmeBook Animated Summary,@filmebookstudio,US,49,60,2123,35.38333333333333,43.326530612244895,0,0,"🎬📚 Welcome to FilmeBook Summaries & Lessons, the home of animated book summaries that bring the world’s most powerful ideas to life. Here you’ll find "
UCCYe21sPAanzXFjBTo5m33g,The Built Mindset,@thebuiltmindset,US,20,11,971,88.27272727272727,48.55,0,0,Build Your Mind for great goals
UC0Ezy6OMJ5DSYrKpW9D1pJg,Book Ginger,@officialbookginger,US,7300,370,3736802,10099.464864864865,511.8906849315068,1,0,"Welcome to Bookginger. We have selected books that can help you grow your mindset, build wealth, and just become the best version of yourself. https:/"
UC02x9yG9ZFF_VZp1VnMoptg,Productivity Game,@productivitygame,US,654000,332,39447368,118817.3734939759,60.31707645259939,0,0,"Join me as I distill the best books on performance and productivity into quick, engaging, and actionable videos. Together, we'll discover ways to live"
UCWkR6fFAnzE_Bemx7G8ESog,Benime,@benime6650,IN,6330,48,800965,16686.770833333332,126.5347551342812,1,0,Benime - AI powered whiteboard animation video creation application 
UCQoNiU4iNKT3oc4GuqVhJ0w,Dental Whiteboard Videos By Toonvertising,@toonvertising,,288,22,23319,1059.9545454545455,80.96875,1,0,
UCdz0i2bTWnaY6VpOyWzXz9w,Whiteboard Animation Studio,@whiteboardanimationstudio,,156,3,25761,8587.0,165.1346153846154,1,0,"Greetings!  Welcome to ""Whiteboard Animation Studio"".  Are you looking to make your message more engaging and memorable? Look no further! We'll create"
UCU3UL0sWWHLmG9vsswXnskQ,Sketching Psychology,@sketchingpsychology,PH,0,1,107,107.0,0.0,1,0,Psychology explained through quiet stories and simple sketch animations.  Unfinished Minds tells relatable human stories that reveal powerful psycholo
UCr06rUVYjjrEy89V-CVlhrA,The Doodle Files,@thedoodlefiles-co,,2,3,1182,394.0,591.0,1,0,"Welcome to The Doodle Files!   This is a space where big life lessons are broken down into simple, hand-drawn lines. Through minimalist stick-figure a"
UCWXfFy_Yw76kEh81lnriAaw,Ninjastic,@ninjastic5547,AE,2,4,144,36.0,72.0,1,0,"Welcome Doodle Talk  which is about making whiteboard animation videos. These videos can be used for book summaries, storytelling or even  self develo"
UCeTzmqFpQ2_iemuQ7H5mElw,Mind Unchained,@mind-unchained,GB,1890,37,11667,315.3243243243243,6.173015873015873,1,0,"Welcome to Mind Unchained. Discover the hidden psychology behind human behavior, manipulation, emotional intelligence, critical thinking, philosophy, "
UCf2iZQNPd4z2m3ELXnU64Pw,White board animation,@whiteboardanimationexplainer,,27,62,17528,282.7096774193548,649.1851851851852,1,0,"""Welcome to ""Whiteboardanimation"" where we bring complex topics to life through captivating whiteboard animations! Join us as we explore a wide range "
UC6wMyIRZ23YsIHUTkcWkejQ,intothedoodleverse,@intothedoodleverse,,1,3,697,232.33333333333334,697.0,1,0,"Welcome to intothedoodleverse—where doodles come to life and self-improvement gets a hilarious, animated twist! Here, we turn everyday challenges into"
UCb8FdhUVRBTJ5YRSaoeeCjQ,K Sketch,@ksketch96,IN,30,26,4344,167.07692307692307,144.8,1,0,"Welcome to K Sketch!  Every Line Tells a Story.  K Sketch is an educational channel that explains Science, History, Psychology, Technology, Space, Mys"
UCNSQTSp1gi3WN_7jf550xxg,Doodle Docs,@doodledocshq,,2,3,44,14.666666666666666,22.0,1,0,"Welcome to Doodle Docs – Smart Hacks, Big Ideas, Fun Animations! 🎨🚀 Ever wished success, motivation, and life hacks came in bite-sized, fun, and easy-"
UCnCtO8Xfhu9j3COI6_TvpsQ,The Thinking Stickman,@thethinkingstickman7,,4,29,14616,504.0,3654.0,1,0,"The Thinking Stickman explores the strangest corners of human history, evolution, anthropology, and psychology, all through hand-drawn doodle animatio"
UCiwwia569lTjcCO1xhuHFyg,Chalk Board Tales By A.Y.K.A,@chalk-boardtalesbyayka,PK,47,5,393,78.6,8.361702127659575,1,0,Chalkboard Tales by Ayka – Inspiring Animated Stories for All Ages 🎬✏️ Welcome to Chalkboard Tales by Ayka! 🌟 Dive into whiteboard and doodle-animated
UCmey3ASBsV2SGy2po2Mvj8g,Human Paradox,@thehumanparadoxy,,1,2,6,3.0,6.0,1,0,"The Human Paradox explores psychology, philosophy, and self-improvement through thought-provoking whiteboard animations. Discover the contradictions o"
UCID8BdVRxsVZSSRCBncO6FQ,ThinkInk Animations,@thinkinkanimations,MY,73,7,2068,295.42857142857144,28.328767123287673,1,0,🎨 I turn life-changing books into engaging whiteboard animations—hit SUBSCRIBE and let’s learn together!  https://www.youtube.com/channel/UCID8BdVRxsV
UCGdyo4ST95aUxvrmTG8jQzQ,Stickman Doodles,@thestickmandoodles,US,6,7,1386,198.0,231.0,1,0,"Welcome to Stickman Doodles!  At Stickman Doodles, we turn complex ideas into simple, entertaining animated stickman stories that are easy to understa"
UCO9MrE1VI3RNCu6ZsN2jsBQ,SimpliShow,@simplishow_01,IN,24,1,1815,1815.0,75.625,1,0,"Welcome to The Whiteboard.  Life is complicated. Let's simplify it.  Through the power of animation, we explore the big ideas: philosophy, psychology,"
UCtojZEZsng5h_wytUoxjIEg,Sapiens Sketch,@sapienssketch-e7l,NL,11,40,17898,447.45,1627.090909090909,1,0,"Why does your brain still run Stone Age software in a 21st-century world? Sapiens Sketch turns human evolution, psychology, and history into simple ha"
UCsu95BLDlsFEu3mSwVA9-fQ,Grow Doodle,@growdoodle,KH,1,3,45,15.0,45.0,1,0,"Welcome to GrowDoodle, where powerful life lessons are told through simple stick-figure stories. Each video blends education, motivation, and self-imp"
UCsLbIKPGcwPWMxj4-L4LHNg,Explain by Sketch,@explainbysketch,FR,146,66,32008,484.969696969697,219.23287671232876,1,0,"🎨 Welcome to Explain by Sketch — where ideas come to life through drawings and animated videos!  Here, we break down complex topics from science, hist"
UCe95XprwMX2AO5qDGBCXyXg,Jacob-Vision,@jacob-vision,EG,53,12,5530,460.8333333333333,104.33962264150944,1,0,"Jacob Vision – Philosophy Explained Whiteboard, and Deep Thinking Welcome to Jacob Vision, your go-to channel for easy-to-understand philosophy, moder"
UCJUL2-Zef0kI79_MUQhtdog,NO CHILL,@nochillyt1,US,2,4,42,10.5,21.0,1,0,You have been walking around with the most complex object in the known universe sitting inside your skull — and nobody ever gave you the manual -No Ch
UCBL7HdIGtWYipZuczsJqzBg,Animate Aishu,@animateaishu,IN,739000,312,111936929,358772.2083333333,151.4708105548038,0,0,"Welcome to Animate Aishu, the channel where you can learn how to improve yourself in every aspect of life. Whether you want to boost your productivity"
UCsD_bUqsckqjwPZkRytyGvQ,Mind Doodle,@minddoodleofficial,IN,15,5,4074,814.8,271.6,1,0,"""Welcome to Mind Doodle. We break down the world's most powerful psychology, self-improvement, and discipline hacks into simple, animated stories. No "
UCzSXMQ9fB9Z0EHsXgPoUPWQ,PsycheCircuitry,@psychecircuitry,US,0,8,21,2.625,0.0,1,0,Welcome to a world where simple drawings reveal complex minds. This channel explores the hidden psychology behind everyday human behavior from overthi
UCBRCjh53YYjsupujaGXqGKQ,The Witty Explainer,@thewittyexplainer,US,604,26,33851,1301.9615384615386,56.044701986754966,1,0,I try to share best of my knowledge with you using whiteboard animation.
UCyq4RYxec76NJmFgP7zAP9g,Mind Dooble,@mindbooble,US,20,1,32595,32595.0,1629.75,1,0,Welcome to Mind Doodle – where simple doodle animations turn powerful ideas into easy-to-understand stories.  Our videos cover: ✅ Self Improvement ✅ P
UCv5QoP1VbViMTAuA1yp6TWA,StickMan Psychology,@stickman-ciphershadow,,20,6,6793,1132.1666666666667,339.65,1,0,"Simple drawings. Complicated brains.  Stickman Psychology explores the funny, strange, and relatable things humans do every day — from awkward convers"
UCYWVs2U6_NRY2q9qQxH6vJw,Doodle Time,@doodletime1,US,8640,14,6236145,445438.9285714286,721.7760416666666,1,0,"Everywhere you look, every thing you see... things are alive! At Doodle Time, we have fun making food, plants, and other ordinary objects come to life"
UCLqp78XtpOZXkbX6J-BrUSw,Animated Psychology,@animatedpsychologychannel,NL,2,2,189,94.5,94.5,1,0,Psychology concepts explained and animated. Hosted by a bachelor in Psychology and a newbie in drawing and animation. 
UC1KmNKYC1l0stjctkGswl6g,After Skool,@afterskool,,3780000,251,284855349,1134881.8685258965,75.35855793650794,1,0,All art is hand-drawn on an actual whiteboard with dry-erase markers. Each animation takes about 2 weeks to make. This is not Ai!  If you have a good 
UC8rjiyh3Svg_bbIj_y3q8Tg,Outlines,@outlinesmedia,IN,3,6,266,44.333333333333336,88.66666666666667,1,0,"We deconstruct the world’s most impactful ideas, frameworks, and books through high-retention whiteboard animations and deep philosophical analysis. F"
UCSBjIAKR703O5P3XmwEn3tQ,Emotional Odyssey,@emotionalodysey,US,3630,74,245484,3317.3513513513512,67.62644628099173,0,0,👩‍💼 psychologist/emotional counselor 🗓️ 10 Years of Experience ❤️ Self-Healing 🌟 Emotional Well-being Most of the difficulties encountered in life ess
UCx-gJ7MwjZaibPzP3Pd0ZYA,Psych Frame,@psychframe1,IN,23,18,4268,237.11111111111111,185.56521739130434,1,0,"Have you ever wondered why you procrastinate? Or why your brain forgets what you walked into a room for?  Welcome to [PsychFrame]!  On this channel, w"
UCtV9-ip5mbpuHd5hwhiE1sw,Psychology Toon,@psychologytoon,US,5,8,672,84.0,134.4,1,0,An educational channel specialized in simplifying Psychology through fun and easy Animations.  The meaning of our name: The name combines Psychology a
UCX2EJTvinrngNFuekJmztLg,Second Order,@thinksecondorder,,1,1,20,20.0,20.0,1,0,"""First-order thinking is simplistic and superficial. Second-order thinking is deep, complex, and convoluted."" — Howard Marks  This channel is dedicate"
UCmF76Wn0p64tSyiNCEiy_WA,InnerVAR,@innervar,NG,5,4,120,30.0,24.0,1,0,"Most self-help tells you what to do.  We tell you why you can't stop doing what you already know is wrong.  InnerVAR explores the hidden psychology, p"
UC2rW0NBEsmPHpB9IIXcKIig,Neuro Sketch,@neurosketch-1000,PK,1,2,14,7.0,14.0,1,0,"Welcome to NeuroSketch 🧠✏️  A unique learning space where human brain, behavior, and mindset are explained through emotional hand-drawn storytelling. "
UCrEopsb-hAWYAQIm7yRaBJw,Mind in Minutes Doodles,@mimdoodles,,0,1,4,4.0,0.0,1,0,"Welcome to Mind in Minutes Doodles – Stick Figure Animations That Simplify Self-Improvement! We create fun, fast-paced stick figure doodle videos that"
UCXXnO8TkcaAaAJup9i1xHGg,Psychology Sketched,@psychologysketched,,19,15,1065,71.0,56.05263157894737,1,0,"Welcome to Psychology Sketched – where complex psychology becomes simple. We break down human behavior, personality traits, and psychological patterns"
UCQhrC4WYz6wiUXWLmchfb8A,Vision Doodle,@visiondoodle-ofcl,PH,0,2,13,6.5,0.0,1,0,"Welcome to Vision Doodles — where simple stick figure animations deliver powerful life lessons, motivation, self-improvement, productivity tips, educa"
UC7Jk8DX4Dxd_v-_p9s9Elnw,Psych Lens,@psychlens-369,,20,25,18514,740.56,925.7,1,0,"Welcome to Psych Lens – a channel that explores human psychology, everyday behavior, and the hidden thoughts behind the choices we make.  Here you’ll "
UCQs7iOIM1akdn_2_hWnog_A,Figspire,@figspire,DE,0,2,157,78.5,0.0,1,0,"🎨 Welcome to FigSpire – where stick figures turn brainy concepts into ADVENTURES! 🚀✨ Dive into bite-sized animations that decode philosophy, psycholog"
UChSAsFBSOLltgbw-kWz4fyA,mindlnk,@mindlnk-f8u,,4,2,0,0.0,0.0,1,0,"Welcome to Mindlnk🧠✏️  Explore the hidden patterns behind human behavior, body language, emotions, relationships, and the mysterious ways our minds wo"
UCRxxsvs1lQQ3BFb6jLg9b-A,Doodle Mind,@doodlemindvideos,,4,5,2219,443.8,554.75,1,0,"Doodle Mind turns big ideas about psychology, self-improvement and the human mind into simple stick-figure stories. One small doodle, one big idea — n"
UC_a4-JDS8ninA1cvV6KCYOg,Studio Ninety9,@studioninety9110,PK,370,35,129411,3697.457142857143,349.75945945945944,0,0,
UCptn4FN8g9kyY4g4GvyPsRg,Doodle Discipline,@doodlediscipline1,US,49,30,17878,595.9333333333333,364.85714285714283,1,0,"We help you master personal development and success using simple stick figure animations.  Welcome to Doodle Discipline, where we break down life's bi"
UCe2Z2cP68NGCTugr_6dPJbg,Psychology & Faith,@psychologyfaith,US,3680,5,195577,39115.4,53.145923913043475,1,0,"Welcome to Psychology & Faith! 🌱  Do you ever feel unsteady, anxious, or lost amidst the pressures of daily life and social media? Our channel is here"
UC_6ctB0rlAr1tFT_CiJoBuw,Pen Master,@penmaster_pm,BD,80,129,99105,768.2558139534884,1238.8125,1,0,"Welcome to Pen Master — the home of powerful Whiteboard Animation. Here, complex ideas become simple through clean sketches, storytelling, and visual "
UCHacVMLp7bHDC7e4eoPi9Dw,Psychology Simplified,@psychologyissimplified,GB,274000,119,22245077,186933.42016806724,81.18641240875913,0,0,Psychology Simplified explains the hidden patterns behind everyday behavior.  Why some people need more time alone. Why others can't ask for help. Why
UCqPq3oYYkAHJFjmQ_6cLBsQ,Nabin Psychology ,@nabinpsy,,2,3,204,68.0,102.0,1,0,Welcome to Nabin psychology ✏️  We turn complex ideas into simple drawings and powerful stories so you can learn faster and think smarter.  On this ch
UCITiCIWJ6P3sThCRd0lHdDQ,Cerebral Sketch,@cerebralsketch,IN,14,27,1635,60.55555555555556,116.78571428571429,1,0,"Cerebral Sketch – Decode the Mind, Unlock Potential  Welcome to Cerebral Sketch, your go-to channel for exploring the human mind! 🧠 Here, we simplify "
UCDU7GzuAnF8TRWzcxb0VF8w,Doodle Crumbs,@doodlecrumbsyt,PH,2,13,348,26.76923076923077,174.0,1,0,"🧠 DoodleCrumbs — YouTube Channel Description  Tiny lessons for complicated humans. 🧠  Welcome to DoodleCrumbs, where psychology, self-improvement, pro"
UCfePHpoSWL990Ka7kZl4gvA,10D TOONS,@10dtoons,US,0,2,0,0.0,0.0,1,0," Welcome to 10D TOONS! 🎬✏️  Where simple drawings bring big stories to life! From hilarious stick-figure adventures to fascinating moments in history,"
UC6L5mvVrS2xPfcZ9QEpsAWA,Explain My Brand,@explainmybrand6040,PK,44,273,22947,84.05494505494505,521.5227272727273,1,0,"Do you have animation needs? A video script waiting to come alive? Looking for infographics, social media ads, e-learning modules, or even animated as"
UCEOtXbZgoLDQOqEnuo_gxJQ,stickmann17,@stickmann17,,0,10,23,2.3,0.0,1,0,"Welcome to **Stickman Doodles**! 👋  Simple drawings. Big stories.  Watch a tiny stickman come to life through funny adventures, wholesome moments, lif"
UCGlqqFwXmYN7NHOcPI-sXoA,Lana's animation-drawing,@greenrainbowfrendschapter2fan,,481,5,10881,2176.2,22.62162162162162,1,0,"🌈 Welcome to Lana's Little Adventures!  Join Lana on exciting adventures filled with friendship, kindness, learning, and imagination!  Our channel fea"
UCoMnt0XMMuKDg89JkQqBm-g,LEGENDARY LIFE LESSONS ,@legendary-lifelessons,,49,18,8271,459.5,168.79591836734693,1,0,"Welcome to Legendary Life Lessons, where animated stories are used to encourage self-growth, motivation, and inspiration. Each episode delivers timele"
UCOkYWbiSWIlCkTuXq-3Y2qA,Media Publicity,@mediapublicitytv,,1070,6,412706,68784.33333333333,385.70654205607474,0,0,"http://www.MediaPublicity.net  Media Publicity provides 'marketing intelligence'  Media - Publicity - Internet Marketing - Online Business"
UCC_ycdL5_Rw9b6UEmtmUE3g,HBA Services,@hbaservices,PK,2540000,1323,120979032,91442.95691609978,47.629540157480314,0,0,"From earning Rs. 8,000/month as an office boy to building a 3M+ strong digital family — my journey proves that content, skills, and consistency can tr"
UC_nGMCiXp0jH36symAp3z-w,Nifty Analysis For Tomorrow,@niftyanalysisfortomorrow,IN,12700,51,2180241,42749.82352941176,171.67251968503936,0,0,Hello Friends...My name is Abhishek & welcome to Nifty Analysis For Tomorrow    
UCDipKUJWw8t20yP7W3vxmEw,Ghibli Moral magic TV,@ghiblimoralstoriestv-g3r,PK,2,4,29,7.25,14.5,1,0,"Welcome to our world of **Studio Ghibli Style Animation**, where imagination comes to life through beautiful **2D animated stories**. Discover **origi"
UCrA_TfLEOQnNtWwP3tbHcNw,ketzbook,@ketzbook,US,120000,136,15969978,117426.30882352941,133.08315,0,0,Instructional videos to help you learn chemistry ketzbook.com
UCpWT_QfKk7BJIpn709YgsYA,Website Learners,@websitelearners,IN,2900000,816,256349716,314154.0637254902,88.39645379310345,0,0,Website Learners was created to make building websites faster & easier. Our goal with WebsiteLearners is to make your online business journey simpler 
UCi1nYkLjKGtqj8zwxvYUA0Q,Scott Luu,@dreamlet,US,40100,265,4275728,16134.822641509434,106.62663341645886,0,0,"Experiencing life to its fullest — one challenge at a time!  From fitness and productivity challenges to Japanese learning and creative systems, this "
UCP88PlDopr2CrUlpwc46kdw,fruitartstudio29 ,@fruitartstudio29,,2,4,102,25.5,51.0,0,0,"🌈 Welcome to Kidz Animation! 🎉  Welcome to Kidz Animation, where imagination comes to life! 🌟  Our channel is filled with fun, colorful, and heartwarm"
UChhO2bogFdqL_MRmRXp5oLQ,ToonyTales,@toonytalespbx1,US,4,1,15,15.0,3.75,0,0,"Tony Tales is a fun and magical world of animated stories, funny adventures, and lovable characters for kids! 🐊✨  Join Tony and his friends on excitin"
UCJznb8ZLgbDD9TwlGU7HW3w,oomongzu oomongzu,@oomongzu-com,,59500,47,8341846,177486.085106383,140.19909243697478,0,0,"If you love our videos, please support us at Patreon: https://www.patreon.com/oomongzu  Website: oomongzu.com For more creative, engaging and interact"
UCvcRb6a6a93ZW2GUlsSn1GQ,SM Animation Story,@smanimationstory-m27,US,77,48,36495,760.3125,473.961038961039,0,0,"Welcome to SM Animation Story, a creative space where stories come alive through animation. ✨ This channel is dedicated to short animated stories fill"
UC3kIy9kdcoZ93XdMZdipSYA,everything by s.k,@everythingbysk,IN,145000,321,19945081,62134.20872274143,137.5522827586207,0,0,"Hello Everyone,  Welcome to Everything by SK! I'm Satish Kumar, and on this channel you'll find helpful videos about technology, Android apps, smartph"
UCReH5Yy_M-qs4Uj5TIfZmYQ,Life Lessons with Max,@lifelessonswithmax,US,184,110,62724,570.2181818181818,340.89130434782606,1,0,"Welcome to Life Lessons with Max, a space for money, mindset, and life improvement through meaningful stories and real experiences.  Max is a 2D anima"
UCEKo1YRJ9UTcjJYeV-GGOuA,"Cartoon Drive USA""",@cartoondriveusa-a2t,IN,13,7,14324,2046.2857142857142,1101.8461538461538,0,0,"Welcome to Cartoon Drive USA! Here, you'll find animated stories, positive life lessons, and inspiring cartoons set in the heart of the USA. Join us w"
UCZFK-2vH8r5paKQLoYQmd1g,virtual knowledge,@virtualknowledge1996,,0,4,218,54.5,0.0,1,0,Virtual Knowledge is a channel that uses unique Whiteboard Animation to make complex concepts simple and engaging. We explore and break down topics in
UCxVePS_dXzdgqfUGy7X23bA,"    Pencil, Pen & Friends ",@pencilandpenfriends,NG,2,3,16,5.333333333333333,8.0,1,0,"Welcome to Pencil, Pen & Friends! 🎨✏️  Enter a funny world where pencils, pens, erasers, notebooks and microphones come to life! 😂🎙️  Enjoy original a"
UCTsRTfwxwj4_ep_MNM17lqg,Impact Video Ministries,@impactvideoministries,US,1440000,527,108842756,206532.74383301707,75.58524722222222,1,0,"🎬 USING OUR VIDEOS: IVM gives permission for its videos to be played, downloaded, and shared by other Christian churches, organizations, and religious"
UCFKFjmGHWdxcOyAPQjPAStA,PsychAlive,@psychalive,,46500,451,7488018,16603.144124168513,161.03264516129033,0,0,PsychAlive.org is a non-profit website that offers psychology for everyday life. Our YouTube channel features interviews with experts in the field of 
UCzVXe6l6v3abyEWYYdVqI4w,Creative Safety Supply,@creativesafetysupply,US,4580,440,1256861,2856.5022727272726,274.42379912663756,0,0,Creative Safety Supply is a retailer of safety and lean manufacturing products for the workplace. We are the home of LabelTac® and SafetyTac®. We help
UCYP4PJjbv4ePjkF9b3TzyTA,Mr techtalk,@mr.techtalk,IN,379,15,488587,32572.466666666667,1289.1477572559368,0,0,Hello friends. welcome to my Youtube channel. In this channel you will get tutorials about various tech related problems and tricks  and also i will s
UC0iKdnVM4wc6OrIo2UXB8Hw,Little CEOz | Animated Life Lessons,@littleceoz,IN,84,48,17201,358.3541666666667,204.77380952380952,0,0,Little CEOz 🧃📊  Your home for heartwarming animated stories for kids featuring Zio — a tiny toddler who manages his playroom like a corporate empire. 
UCZFKNBeD4TLfnoq1ZPYXNpA,FUN WITH ZOOBI,@zoobikhan-h8p,IN,17,38,1173,30.86842105263158,69.0,1,0,"Welcome to Fun with ZOOBI! 🌈🐶🎨  A magical world where kids can learn, imagine, create, and have fun every day!  On this channel you'll enjoy:  🐾 Heart"
UCAMR-hGxhlLtRl4IQ1ifrNg,Tiny Life Lessons,@tinylifelessonstll,IN,31,21,6156,293.14285714285717,198.58064516129033,0,0,"🌟 Brand Vision Tiny Life Lessons is a family-friendly kids' animation channel that teaches positive values, good habits, kindness, and life skills thr"
UCMiqGtOtQ3Yos7G4cYVtTgQ,Get Better Together,@getbettertog,IN,178000,74,15050627,203386.85135135136,84.55408426966292,1,0,"""Hi, I'm Prince! I break down big ideas and self-help books into quick, fun whiteboard animations—perfect for anyone short on time but big on growth!"""
UCENLmWwHEiaYFQ__YF-QihA,@AlexStoriesOfficial,@xiaoniu-v2j,US,0,6,44,7.333333333333333,0.0,0,0,"Welcome to Alex Stories ✨  Cinematic animated short stories about dreams, loneliness, hope, rejection, and self-belief.  Every video is created to fee"
UCx81sVOVRWt0eD1c_C9KApg,The AI Hustle,@theaihustle-zg5ej,US,78600,194,5441644,28049.711340206184,69.23211195928754,0,0,Welcome to the fascinating world of AI on my YouTube channel! Join me as we explore the endless possibilities of integrating artificial intelligence i
UC_qvaZ2O0fNfrT9iWPyIktw,Stories & Lessons,@storieslessons-b1v,US,62,46,48097,1045.5869565217392,775.758064516129,1,0,  🎬 Welcome to Stories & Lessons– Where Stories Become More Meaningful! 🎬  Have you ever wondered what cartoons are not only for entertainment but als
UC983YN8jW965AYzw015iBWg,Marker Ninja Studios,@elatric,US,1960,4,262130,65532.5,133.73979591836735,1,0,"Hey there! We are Marker Ninja Studios, and we love making videos. With a current focus on philosophy and the likes of Camus and Nietzsche, our videos"
UCsV-grgL48H40kCqvaYAfWw,StoryToons,@storytoonsworld-1,PK,39,48,1831,38.145833333333336,46.94871794871795,0,0,"# StoryToons – Channel Description  Welcome to **StoryToons**! 🎬✨  Discover fun, heartwarming, and exciting animated stories brought to life with the "
UC9B5zs4oxGQQsB0UOqgYBIQ,BooksxBits,@booksxbits,AE,10900,610,886174,1452.744262295082,81.30036697247706,1,0,BooksxBits is an initiative with the purpose of spreading knowledge and the culture of reading to all audience around the globe by summarizing the bes
UCTrSsPMmZavLbc3Ex7VhjDg,Brandon Herrera,@brandonherrera,US,4270000,594,859311730,1446652.7441077442,201.24396487119438,0,0,My name is Brandon Herrera.  I'm an online content creator as well as the founder of The AK Guy Inc. I also am the one developing the .50 caliber rifl
UCA1kklmvIe78U1xYb7XEC7A,THE BIOLOGICAL GHOST,@thebiologicalghost,US,62,29,3927,135.41379310344828,63.33870967741935,1,0,"You live inside a haunted house. Look past your reflection in the mirror, beneath the skin, and you’ll find a bustling metropolis of trillions of micr"
UCBrKa3fjqLBRLf7H8cx7CuQ,Ancient Forest Tales,@ancientforesttales,,1,4,48,12.0,48.0,1,0,Welcome to Ancient Forest Tales — magical animated fairytales for kids! 🌲✨  Enchanting cartoons and bedtime stories for children ages 3 and up.  In a 
UC6e_be8KSfzv7uGD93OEx8Q,"CaveToon Studio

",@cavetoonstudio,,28,3,3693,1231.0,131.89285714285714,1,0,"Welcome to CaveToon Studio – the home of funny, emotional, and heartwarming animated stories from the primitive world! Follow the adventures of a weak"
UC2Jl-LpV_J8l-az2GNG3VUQ,Ai Lockup,@ailockup,US,211000,768,17855607,23249.48828125,84.62372985781991,0,0,"Our channel is dedicated to providing you with in-depth information and analysis of the latest AI tools, technologies, and trends. From natural langua"
UCrBtdgrkWHgLxsVJwIK1g9A,DoodleTales,@doodletales-s8h,,0,6,0,0.0,0.0,1,0,"Welcome to DoodleTales — where simple drawings turn into unforgettable stories! ✏️📖  Watch funny, clever, emotional, and surprising stories brought to"
UCyyOt178gUN2U0R2Z6CZyIg,i m stickman,@i_m_stickman,IN,0,4,29,7.25,0.0,0,0,"Welcome to our animated channel where we explain productivity, life lessons, motivation, and modern work culture using simple stickman animations and "
UCkIondb9o-VyPFxgOcXrCAA,SHapKid,@salmira-ok4ps,US,297,36,84532,2348.1111111111113,284.61952861952864,1,0,Welcome to SHapKid (Smart & Happy Kids) and join us on a magical journey of learning and laughter!  Our channel is filled with captivating stories tha
UCK9kpaSZDLxCWp8wcPJx1NQ,THE MIRROR'S MIND ,@themirrorsmind,NG,3,3,437,145.66666666666666,145.66666666666666,1,0,"Welcome to The Mirror's Mind, where we hold a glass up to the modern world to examine why we think, react, and struggle the way we do.  We use clean w"
UCEJ1GHlfuMKdZwt-8g65zPQ,Soul Canvas,@thesoullogic247,NG,0,2,33,16.5,0.0,1,0,"Welcome to a journey beyond the surface. This channel explores the ideas that shape the human experience—psychology, philosophy, history, and the hidd"
UC4APFNAPd4wliioP7l1Al1w,bot_drawn_tales_ai,@bot-drawn-tales-ai,,7,1,189,189.0,27.0,1,0,"Bot Drawn Tales brings you short, animated stories crafted with the help of AI. From writing the script to designing characters and animating scenes —"
UCgGloPUgV1OGaZBfj1wk4pw,Dreamleaf Animation,@dreamleafanimations9701,IN,630,45,31424,698.3111111111111,49.87936507936508,0,0,"Welcome to Dreamleaf Animation—your destination for original, family-friendly 3D animated stories and entertaining adventures!  Our channel brings ima"
UCzziQBlEfk2mh7DHPjVAyGA,Curious Mind with Mark,@curious_mind-s7m,,3,2,11,5.5,3.6666666666666665,1,0,Welcome to Curious Mind! 🧠✨  Ever wondered how Artificial Intelligence actually thinks? How complex scientific theories work? Or why the universe beha
UCowIfUAzfc2ZfYut60ow-KA,Wienot Films,@wienotfilms,US,10900,269,6466846,24040.31970260223,593.288623853211,1,0,"At Wienot Films, we are an award-winning animation studio and video production company with a passion for storytelling. Our animated explainer videos "
UCjfLzO3JFxjYzJlW562ygzQ,Tiny Lesson,@tinylesson-u5m,US,4,15,8825,588.3333333333334,2206.25,0,0,"  Welcome to Tiny Lesson.  We create short animated stories about life, psychology, personal growth, relationships, mistakes, confidence, overthinking"
UCIXaU7bcrRReiY5VPuOWP9Q,Dark Psychology,@dark-psychologytv,US,5450,93,705147,7582.225806451613,129.38477064220183,0,0,Dark Psychology ... The unwritten rules of human behavior.
UCO-1p4wZGeKmOlpFEzYTKLw,Gizmo Gyan,@gizmogyan,IN,1270000,2638,217545081,82465.9139499621,171.29533937007875,0,0,"Hi Guys! Welcome to Gizmo Gyan, My name is Anuj My idea behind creating this Youtube Channel is to increase your knowledge about gadgets & online shop"
UCwUWmb2F6DLMHnzy7oNwHcg,Abhishek Side ,@abhishekside,IN,74100,183,38129955,208360.40983606558,514.5742914979758,0,0," Karta Nahi Shit Talk.. Yeah.. 😉 🚀 Helping Creators Grow Fast 📸 Editing | Ai Tips 📍 Muzaffarpur, Bihar 📩 Biz Inquiries - abhisheksidebusiness@gmail.co"
UCWFOg1CNGg_Gjpyl3EpOYsw,Gold City Ventures,@goldcityventures,US,20600,912,4194447,4599.174342105263,203.61393203883495,0,0,"Gold City Ventures created the E-Printables course that has helped 10,000 students learn how to make printables in Canva and sell them on Etsy as a si"
UCRVXfhLRsLWi3_IKnMDiI1Q,poi,@weirdpoi,US,418000,214,49614220,231842.1495327103,118.6943062200957,0,0,hey i'm poi  subscribe shawty all business inquiries: poiofficialemail@gmail.com 
UCzFw2XHbWs7X8xECC2IjNHA,Peepal Farm Toons,@peepalfarmtoons,IN,993000,318,645669204,2030406.3018867925,650.220749244713,0,0,"A @peepalfarm project to improve the world, one toon as a time. Cartoons for your inner child, and the ones outside 😁  "
UCH3OPmZLlkIsyk1GyLcnKdA,Repixo - Canva Apps & Tutorials,@repixoapp,US,39700,342,3166495,9258.75730994152,79.76057934508816,0,0,"Learn Canva with step-by-step tutorials, creative design ideas, photo editing tricks, and powerful Canva apps.  From photo collages and text effects t"
UCorqxHcH2AJ4a7bmYQ7Hjrg,Emotional Dynamics,@emotionaldynamics,US,2590,255,503821,1975.7686274509804,194.52548262548262,0,0,"Welcome to Emotional Dynamics!  A channel dedicated to understanding the psychology behind relationships, attachment styles, narcissistic behavior, em"
UC1h8EoQlMLP7sZN1yuqHG9A,Philosophy Wisdom,@philosphywisdom,US,44500,283,6042765,21352.526501766784,135.79247191011237,0,0,hey everyone! Avoidant attachment is one of the most misunderstood relationship patterns. If you’ve ever been with someone who seems emotionally dista
UCCP5j9VOo0QCLMTTf1ORtRA,Lilly's Tech Tips,@lillystechtips,IE,85900,131,4306180,32871.603053435116,50.130151338766005,0,0,"Changing the world, one pixel at a time!🤖😜 Focusing on creator tools and visual content workflows for creators, designers, and digital enthusiasts.   "
UCUPrbbdnot-aPgNM65svgOg,Blunt Brothers Productions,@bluntbrothersproductions,US,1580000,355,511690147,1441380.6957746479,323.8545234177215,1,0,"Making funny, clean, and funny hand-drawn animations... be thankful.  Jesus loves you!  PS: Blunt is my last name, calm down…  Contact us at: BluntBro"
UCjZH7WlMM0roxANBBbhnkoA,Whiteboard Animation Com - The Original Artists,@whiteboardanimation,US,3650,247,1547747,6266.182186234818,424.04027397260273,1,0,"We are an eclectic group of 30+ in-house award-winning directors, producers, designers, illustrators, and animators who can effectively communicate yo"
UCkJEpR7JmS36tajD34Gp4VA,Psych2Go,@psych2go,US,13100000,4048,2147509154,530511.1546442688,163.93199648854963,0,0,"Welcome to Psych2Go! We are a grassroot organization with the mission of making psychology, mental health, and self-discovery accessible, relatable, a"
UCcdUbhlSOhGKeFHcaSnYOtg,Drawn Curiosity,@drawncuriosity,US,270,77,34738,451.14285714285717,128.65925925925927,1,0," Welcome to **Drawn Curiosity**, where psychology is simplified through engaging animations and easy-to-understand explanations. Join Drawn Curiosity "
UC5p--mR_nO_psz4vx8K2flg,PsychoTech™ | Dr Subodh Kumar,@psychotech.drsubodh,IN,25200,579,4591961,7930.848013816926,182.22067460317461,0,0,"Hi, I’m Dr Subodh Kumar (Ph.D.), a PsychoTechnologist — a multidisciplinary expert in Psychology and Computer Science.  I’ve guided 2,000+ students in"
UCZj4IZIbT3irBiS9xICCBuA,Emmanuel Crown,@emmanuelcrown,US,283000,84,14061025,167393.15476190476,49.68560070671378,0,0,"I know a thing or two, so I teach a thing or two :) mainly around multimedia and tech, through hands-on tutorials and explainer videos  Facebook: Emma"
UCgJHDScfTRT9qSGxqKwTXiA,Neeti Bhargav,@neeti.bhargav,IN,50600,375,5834254,15558.010666666667,115.30146245059288,0,0,"Emotional Fitness Coach | Radio Jockey Studying NLP, Counselling Psychology & Behavioural Science  I decode female psychology, attraction, and emotion"
UC3rsqzGc8ENdN0p9XQ0Zo5Q,Psychology Explained,@psychologyexplainedlearn,CA,57,12,4518,376.5,79.26315789473684,0,0,"We believe the internet should help people grow, not drain their attention. In a space crowded with shallow content and constant distraction, this cha"
UC6yxJpk9-HUUJ55TS0pG8eA,IdeaRocket,@idearocketanimation,US,3040,284,1839840,6478.30985915493,605.2105263157895,1,0,"IdeaRocket is a full-service animation studio specializing in explainer videos for businesses. IdeaRocket works in various techniques, including white"
UCSkZsgLq05uq4qmb7He5m_Q,Silent Strength,@silentstrength02-e2w,US,4420,11,250102,22736.545454545456,56.584162895927605,0,0,"Welcome to Silent Strength ⚔️✨ A place where Stoic wisdom meets women psychology — exploring the hidden emotions, thoughts, behaviors, and inner stren"
UCssa3kvvvzM5cUeOG-FnQIw,Monkey Economics,@monkeyeconomic,US,225000,57,57552200,1009687.7192982456,255.78755555555554,0,0,Business inquiries or any questions and scripting  monkeyeconomicsyt@gmail.com 
UCYUNAfli7Uu0hOjj1D0Q6Cw,Dr. Jacob Goodin,@drjacobgoodin,US,64500,288,4330614,15036.854166666666,67.14130232558139,0,0,"Hello Everyone! I am a professor of kinesiology, sport scientist, and former strength and conditioning coach. I am passionate about equipping my stude"
UC3ROLz2rGWv24cx4tQVAq8w,Rogurt,@therogurt,US,999000,818,359518455,439509.11369193153,359.87833333333333,0,0,"Every other day at 9am EST. I make videos out of funny moments from me and my friends :)  Banner art made by ""aztechhy"" on discord :D "
UCJxVcikpbcYegQNAmqciOPQ,Technology Times BD,@technologytimesbd,BD,482000,411,21701922,52802.7299270073,45.02473443983403,0,0,Technology Times BD - Learn how to do?  For business inquiries: anwarmithuoffice@gmail.com  অনলাইনে অথেনটিক গ্যাজেট অথবা যেকোনো পণ্য কিনতে ভিজিট করুনঃ
UC65EDzqpOAQZLBmAdHAnZng,Derek Van Schaik,@derekvanschaik,US,674000,444,116758481,262969.5518018018,173.23216765578636,0,0,🧠: Psychology 🕵🏻‍♂️: Investigations  Derek Van Schaik’s Qualifications: 🎓: Master's in Forensic Psychology 🎓: Master's in Psychology 🎓: Graduate Certi
UCUEs7LMKeU1P3SibR_-JBbg,InfoTech Raj ,@infotechraj7,IN,60200,306,8472224,27687.006535947712,140.73461794019934,0,0,தெரியாதவற்றை தெரிந்து கொள்ளுங்கள் 🤗
UCqtMrF1ZSr5sPX1vgoPIefw,Raj Photo Editing and Much More,@rajphotoeditingmuchmore,IN,3600000,1087,400522306,368465.7828886845,111.25619611111111,0,0,"Editing, Tech and AI ✅   EMAIL: collabraj@gmail.com   Code: HIGGS-0VFLS "
UCPGCbIus__xuWIq3uSssG7w,Mind Unlocked,@mindunlocked-w9u9e,NG,1,5,565,113.0,565.0,1,0,"Welcome to Mind Unlocked — where we decode the hidden psychology behind why people think, feel, and behave the way they do. Ever wondered why someone "
UCOHSTMgsRnqrUy8NUL6LUAA,Darlan Evandro,@darlanevandro,BR,694000,1009,44461614,44065.028741328046,64.06572622478386,0,0,"Uauuuu, estou muito feliz de ter você aqui no meu canal do Youtube!  Muito prazer, eu sou o Darlan Evandro profissional de Marketing e Canva Verified "
UCpgnh4y4rPc9jc_xpKBDm6Q,Sohag360,@sohag360,BD,1920000,1019,158164934,155215.8331697743,82.37756979166667,0,0,"""Sohag360 - The Tech Doctor"" is one of the most popular tech-based YouTube channels in Bangladesh. Bringing you quality tech tutorials, tips & tricks "
UC8NHl401h85KToXIf5VFqrQ,Tausif Khalid,@tausifkhalid,IN,1840000,562,147163725,261857.16192170818,79.98028532608696,0,0,"I’m Tausif Khalid, a creative coach with 10+ years of experience in multimedia and digital design. My mission is to help you turn your passion into a "
UCVJ5hHQMXBiRwNv394EOj_w,Art with Flo,@artwithflo,NL,1240000,771,191622593,248537.73411154345,154.5343491935484,1,0,✨ Art with Flo – Learn to Draw & Paint on iPad with Procreate® ✨  Go with Flo! Here you’ll find creative and beginner-friendly drawing lessons for eve
UCUUZxaInN5hs0fAoVaRQzGw,Main Point Tech,@mainpointtech,IN,36200,71,2166829,30518.718309859156,59.857154696132596,0,0,Hello All This is Bharat kumar khorwal I hope you are doing good In our Channel we cover following topics: 1.	How to make money online 2.	How to grow 
UCZdAtRq6_uDNr_QCjYV58Hg,KENYAN CREATIVE IDEAS,@lovemeetsart,KE,28000,355,6108441,17206.876056338027,218.15860714285714,0,0,
UCUpWi4hJVw2nO8CK7UXwxUw,The Stoic Path,@thestoicpath-786,,1970,39,133750,3429.4871794871797,67.89340101522842,0,0,"🌿 The Stoic Path 🌿 A journey of wisdom, discipline, and inner peace. Learn how to stay calm in chaos, focus only on what you can control, and live wit"
UCl9YqZCdL4Xocpswj8YLazQ,Tech With Subhash,@techwithsubhash,IN,90200,835,7546735,9038.005988023951,83.66668514412417,0,0,Namskar Doston...  😍 Is Youtube Channel Par Aapko Daily Free Fire🔥 Ke Related Videos Mileygi 😻Category Like 👍 Free Diamonds 💎 Free Emotes ✌ Free All C
UCyk0EQ8Jt8eQfcF-1hEPNXQ,intresketch,@intresketch,,272,32,14579,455.59375,53.599264705882355,1,0,"Welcome to Intresketch. The name is exactly what it sounds like: interesting plus sketch. This channel turns strange, overlooked, and genuinely fascin"
UCcjh_sjQ-UqXbNcj13c8RIg,Tanya | Love Lawyer,@tanyalovelawyer,AU,16400,307,1830690,5963.159609120521,111.62743902439024,0,0,Family Lawyer and Mediator talking all things relationship related.  I also offer professional legal services and private consultations. For more info
UCgES0Z8huzTIQiq9L_8Tr5Q,Dtoons,@dtoons,US,744000,571,278522092,487779.4956217163,374.3576505376344,0,0,"Welcome to Dtoons, the home of Conroy Cat and Co.!  We're an animation channel that produce both original and fan animations! Check out Conroy Cat's a"
UCf_XYgupvdx7rA44Ap3uI5w,Full Disclosure,@fulldisclosure.,IN,466000,494,73290399,148361.13157894736,157.27553433476396,0,0,"Collabs: hello@fulldisclosure.in | we break down economics, careers, and power structures to help you understand why jobs, salaries, and markets are c"
UCHnj59g7jezwTy5GeL8EA_g,MindYourDecisions,@mindyourdecisions,US,3280000,1255,707417580,563679.3466135458,215.67609146341462,0,0,Hey this is Presh Talwalkar. I studied Mathematics and Economics at Stanford and post interesting topics suggested by you and viewers around the world
UCOo8aKrwtWmlLUEpatJ2nyg,explainitychannel,@explainitychannel,DE,68200,85,13058176,153625.6,191.46885630498534,0,0,"Welcome to the official explainity channel.  Our mission is to make complex topics easy to understand. Through premium explainer videos, we provide cl"
UC4sTEQPJyBF1J0u_7yL7Vmw,Boss Media Tech,@bossmediatech,ID,60600,357,6754132,18919.13725490196,111.45432343234323,0,0,"Ladies and gentlemen, this is Boss Media Tech.  We don’t focus on one — we focus on all. We’re   HIGGS-VJKDZ  everywhere 👑. 1. TikTok 🔥     2. Instagr"
UCM7Chs5aiZWKFU1I3bhAUWA,Doodemy,@doodemy,US,15300,22,1426426,64837.545454545456,93.23045751633987,0,0,Ever feel like people are playing a social game you were never taught? 🎭  DOODEMY reveals the unspoken rules of human behavior through simple stick-fi
UCdVVYJczul-RSrcT9NIU2zA,Tech With Nehal,@techwithnehal,IN,5210,128,1903250,14869.140625,365.3071017274472,0,0,"Welcome to Tech With Nehal 🚀   इस चैनल पर आपको YouTube, Instagram और Facebook Growth Tips & Tricks मिलेंगे। अगर आप Social Media के लिए Educational Vid"
UC53shPbuHP88x5auRW4RmoQ,Scorpio Realm,@worldofscorpio,US,6400,131,461147,3520.206106870229,72.05421875,0,0,"The deepest transformations begin with understanding what lies beneath the surface. Scorpio Realm explores astrology, relationship psychology, and the"
UC3HS6gQ79jjn4xHxogw0HiA,Magnet Brains,@magnetbrainseducation,IN,14500000,61171,3930074409,64247.346111719606,271.0396144137931,0,0,We are India's leading Ed-Tech platform providing 100% high-quality education across India in both English and Hindi medium. We relentlessly work to d
UCpiukMMJvOyPAHVZFr-icBA,PoWer Of KnOwledge Academy,@powerofknowledgeacademy,PK,510000,459,60824728,132515.74727668846,119.2641725490196,0,0,Power of Knowledge Academy is a new version of the Power of Knowledge channel that will only contain lecture videos for science students.  Whatsapp No
UC_hfF-rBZ32FNXs0-S4DEZw,Study'n'Learn,@smartschoolonline,IN,125000,531,78273937,147408.54425612054,626.191496,0,0,Studynlearn is your go-to platform for innovative educational solutions. Explore our wide range of offerings tailored to meet the needs of educational
UCir93jvh1VUti76jblaqwGw,Keira Lhotan,@keiralhotan,,141000,383,11312988,29537.82767624021,80.23395744680852,0,0,Creating balance in the chaos 💜 
UCFmbssZxM29kz4xejEUD4WA,TechCM,@techcmyt,IN,86500,345,19763425,57285.289855072464,228.47890173410406,0,0,"Hello Guys, Welcome To My Channel TechCM I'm Krishna Goswami (Host), Is Channel M Appko Computer Processor, Graphic Card or Kuch Computers Ki Tips/ Tr"
UCtlVyGMidQ3VcYSYr8Nsm2w,Michael B-Sam,@michaelbsam,,49200,4,6080877,1520219.25,123.59506097560975,0,0,I will be back soon (read community post)  Discover Curiosity. For it the compass that guides you towards new frontiers and hidden possibilities.  - M
UCqYVARi-20bHKVGMAJr2ylw,Winged Canvas,@wingedcanvas,CA,479000,1056,36432385,34500.364583333336,76.05925887265136,1,0,Create your own future and get paid to tell stories through your art!   🔴 Subscribe for free livestreamed lessons twice a week 💜 Videos are hand craft
UCS9lQ0dxMCCK450SPNf_6Gw,Alex Grigg // Animation for Anyone,@alexgrigganimation,AU,423000,42,28386215,675862.2619047619,67.10689125295508,0,0,Hello there! I'm animation director and animator working with some of the nicest clients and studios around.   Animation for Anyone is an educational 
UCCrGjgtsVwI4cNbEf-bVj5w,Mindful Senior Living,@mindfulseniorliving_usa,US,13100,463,1206611,2606.0712742980563,92.10770992366412,0,0,"Welcome to Mindful Senior Living, the ultimate resource for seniors embracing a vibrant, purposeful life after 60. Our channel offers practical advice"
UCajRLbcUE43jiEc8VpGXe9w,Bari Science Lab,@barisciencelab,US,1420000,6750,488938452,72435.32622222223,344.3228535211268,0,0,This channel was created to document the activities of Suborno Isaac Bari. He is the youngest student ever enrolled at New York University. Contact: s
UCLMkh2PYXpQh52d3m2bzNNA,KeshArt,@keshart,US,794000,495,61058577,123350.6606060606,76.8999710327456,1,0,👋Helping myself (and others) tell stories with Art and Comics.   ✏️How? by Sharing what I'm learning and practicing :)  ⛺️ I also teach 60k+ people at
UC0lLeNdvLrFozQRsQ1TQiAw,The Art of Aaron Blaise,@aaronblaiseart,,1360000,973,58518836,60142.688591983555,43.02855588235294,1,0,"Welcome to The Art of Aaron Blaise. I’m an animator, director, and wildlife artist who has spent a lifetime drawing and telling stories. I worked for "
UCDMof0CgakruBRAeZKypp9A,LIFE SHIFTING THOUGHTS,@life_shifting_thoughts,US,7520,642,442781,689.690031152648,58.880452127659574,0,0,
UCAjuH0YT0HUYI6Y4UHNtUAQ,Charles Terrence Harper,@charlesterrenceharper,US,13800,129,986271,7645.511627906977,71.46891304347827,0,0,"Helping Consultants, Coaches, and Trainers Master Practical AI without the Hype.  I’m Charles Terrence Harper. After a long and successful stint in in"
UCBxSFuwkwXgNwv_DDH1tjRQ,NobleFrugal Studio,@noblefrugal,US,222000,250,13999108,55996.432,63.059045045045046,0,0,Animate anything with confidence! Need help? Book a tutoring session with me here: https://calendly.com/noblefrugalstudio/tutor  Happy Animating!  
UCqSMP263MA5_UWzg_4jNJ_Q,Hayk_Animation,@hayk_animation,US,245000,424,71875152,169516.8679245283,293.36796734693877,1,0,This channel is all about Harut — my original character brought to life through hand-drawn 2D animation. Most of what you’ll see here are Harut’s uniq
UC1xn6WgXIxqS7JrtW0NCBHw,Engineer Explain in hindi,@engineerexplaininhindi,IN,492000,526,964146404,1832977.9543726235,1959.647162601626,0,0,I ❤️ Engineering engineerexplaininhindi@gmail.com 
UClqPQOnH5jMoiQN8n457p4g,Gacha_home💚💗,@kanroji1106,VN,308000,735,244171893,332206.65714285715,792.7658863636364,0,0,"Hey everyone! 💖 I love making fun videos about Dandy’s World!  If you enjoy my content, please support me by liking and subscribing — it really keeps "
UCwOFO2mso90eiBi6g6mOjAg,Drk Talks,@drktalks,IN,1130000,362,313764982,866754.093922652,277.6681256637168,0,0,"Tech & AI tools for Creators ✨ Daily Tech Hacks & AI Tips 🚀 Dehradun, Uttarakhand 🏔️ Mail - creator@drk-talks.com "
UC5MkxrHWkLDDnToq_ZTYGlA,Vancouver Film School,@vancouverfilmschool,,283000,2457,94566762,38488.71062271062,334.1581696113074,0,0,"Vancouver Film School is Canada’s premier post-secondary entertainment arts institution, offering 15 production-oriented programs in film, animation, "
UCq64RZvDJBFR6s08IRpuT8g,No The Robot,@notherobot,US,247000,194,136249694,702318.0103092784,551.6181943319838,0,0,"Let's talk animation! Zach Mulligan aka ""No The Robot"" is an animator & artist with over a decade of industry experience, including working at DreamWo"
UCfJT_eYDTmDE-ovKaxVE1ig,Kevin Stratvert,@kevinstratvert,US,4420000,1350,707223125,523868.98148148146,160.0052319004525,0,0,"Learn AI, productivity tools, and modern software with fast, step-by-step tutorials.  From tools like ChatGPT (OpenAI), Claude (Anthropic), Google Gem"
UCa3MpL0UCLuc08oj5kIATUg,theflippist,@theflippist,,995000,311,466251710,1499201.6398713826,468.59468341708543,1,0,"Hi! I'm Ben Zurawski and I make custom cartoon flipbooks.  If you would like to order any that you see, or have one hand-drawn just for you, message m"
UCDn9haPnWtXs6zTio0xK3wA,OverviewBible,@overviewbible,,100000,33,4811639,145807.24242424243,48.11639,0,0,"The Bible is a huge book, and one of the most important publications in human history (whether you're a Christian or not).   However, everyone has an "
UCFaYCIO-3-kJE7Bo-g6kxVQ,TridentLion,@tridentlion,US,26900,137,2294523,16748.343065693432,85.2982527881041,0,0,"What's up internet? My name is Matt, formally known as TridentLion.  Welcome to the LEVELUP community!    On this channel you'll experience a variety "
UC4Qvpti1dS1KKC7PLyLl__g,BaM Animation,@bamanimation,US,736000,22,24752725,1125123.8636363635,33.631419836956525,0,0,"Brent Noll and Maximus Pauson are Artists working in the television animation industry,  Together they have worked at most of the major studios.  And "
UCSg_gbKOX63PkinUYDFpx1A,InstaDoodle Pro,@instadoodlepro,US,677,36,305383,8482.861111111111,451.082717872969,1,0,"Welcome to InstaDoodle! 🎨✨ InstaDoodle is your go-to AI-powered whiteboard animation software, helping businesses, educators, and creators turn comple"
UCKADS8WyPTsYc5x8BsPJAfA,Sydoesthings,@sydoesthings,US,52400,51,23060828,452173.09803921566,440.09213740458017,1,0,"Hi i'm Sy, welcome to my channel! I like to animate and make little drawings, I'm not the best artist out there, but I hope that with this channel I c"
UChxcBBfUY8_s9UU5h6v8itA,Midnight Kettle,@midnightkettle,IN,86700,50,24943380,498867.6,287.6975778546713,0,0,Cartoon hoon main.
UCHJuQZuzapBh-CuhRYxIZrg,Insider,@insider,US,9590000,8104,5632850219,695070.3626604147,587.3670718456726,0,0,"Insider is a video channel brought to you by Business Insider, a global newsroom covering business, technology, and the economy. We help ambitious, cu"
UCayjG0TS9IvWgWOiJSjukTw,Rishi Draws,@rishidraws,US,1100000,190,284887080,1499405.6842105263,258.98825454545454,1,0,Satisfying Art Process Videos.
UC11D6w7acmNZFvtv8EcYtoQ,Banking Beyond,@bankingbeyond-k9x,,108,16,5162,322.625,47.7962962962963,0,0,"Welcome to Banking Beyond!  Dive into the fascinating world of banking, finance, and economics. We break down complex financial systems, explore the s"
UCf5FkQYRHVFyadZOK4JFwNg,Ana’s Animations,@anasanimations,CA,86300,23,4947956,215128.52173913043,57.334368482039395,0,0,"Hello! I’m Ana, I animate (occasionally), and that’s pretty much it.  I try to upload at least once a century, but school is incredibly annoying. I ho"
