id,title,handle,country,subs,videos,views,avg_per_video,views_per_sub,desc_draw_signal,desc_anim_signal,desc_snippet,item,blob,is_software,is_tutorial,is_entertain,is_explainer
UCF-uUxo43IPpnEwnR62WGlA,Learn with Whiteboard,@learnwithwhiteboard,IN,98800,288,10260368,35626.27777777778,103.84987854251013,1,1,"Your Visual Guide to Today’s Toughest Topics  At Learn with Whiteboard, we specialize in transforming dense, intricate subjects into concise and capti","{'kind': 'youtube#channel', 'etag': '1LrKC8OxO6xKALuTNi50LstC2Is', 'id': 'UCF-uUxo43IPpnEwnR62WGlA', 'snippet': {'title': 'Learn with Whiteboard', 'description': 'Your Visual Guide to Today’s Toughest Topics\n\nAt Learn with Whiteboard, we specialize in transforming dense, intricate subjects into concise and captivating whiteboard animations. Each video seamlessly blends expert insight with visual storytelling, guiding you through concepts that you thought were beyond reach. Ideal for students, professionals, lifelong learners, or anyone who appreciates clarity—one whiteboard sketch at a time.\n\nWhat do I do here?\n1. Whiteboard Programming: Easy lessons for better programming.\n2. Whiteboard Philosophy: Easy lessons for a better understanding of life.\n3. Whiteboard Entrepreneur: Easy lessons for more innovative entrepreneurship.\n\nWhether it’s business, philosophy, or tech, our step-by-step plain-language explanations help transform confusion into aha moments. Subscribe and join a community of curious minds discovering that no concept is too daunting when you see it come to life on the board.\n', 'customUrl': '@learnwithwhiteboard', 'publishedAt': '2014-06-21T12:53:57Z', 'thumbnails': {'default': {'url': 'https://yt3.ggpht.com/ytc/AIdro_lribITk49m82pJNGs0J60Zbj1Lwp5rFGtkSOyBtiVhXlo=s88-c-k-c0x00ffffff-no-rj', 'width': 88, 'height': 88}, 'medium': {'url': 'https://yt3.ggpht.com/ytc/AIdro_lribITk49m82pJNGs0J60Zbj1Lwp5rFGtkSOyBtiVhXlo=s240-c-k-c0x00ffffff-no-rj', 'width': 240, 'height': 240}, 'high': {'url': 'https://yt3.ggpht.com/ytc/AIdro_lribITk49m82pJNGs0J60Zbj1Lwp5rFGtkSOyBtiVhXlo=s800-c-k-c0x00ffffff-no-rj', 'width': 800, 'height': 800}}, 'localized': {'title': 'Learn with Whiteboard', 'description': 'Your Visual Guide to Today’s Toughest Topics\n\nAt Learn with Whiteboard, we specialize in transforming dense, intricate subjects into concise and captivating whiteboard animations. Each video seamlessly blends expert insight with visual storytelling, guiding you through concepts that you thought were beyond reach. Ideal for students, professionals, lifelong learners, or anyone who appreciates clarity—one whiteboard sketch at a time.\n\nWhat do I do here?\n1. Whiteboard Programming: Easy lessons for better programming.\n2. Whiteboard Philosophy: Easy lessons for a better understanding of life.\n3. Whiteboard Entrepreneur: Easy lessons for more innovative entrepreneurship.\n\nWhether it’s business, philosophy, or tech, our step-by-step plain-language explanations help transform confusion into aha moments. Subscribe and join a community of curious minds discovering that no concept is too daunting when you see it come to life on the board.\n'}, 'country': 'IN'}, 'contentDetails': {'relatedPlaylists': {'likes': '', 'uploads': 'UUF-uUxo43IPpnEwnR62WGlA'}}, 'statistics': {'viewCount': '10260368', 'subscriberCount': '98800', 'hiddenSubscriberCount': False, 'videoCount': '288'}, 'topicDetails': {'topicIds': ['/m/07c1v', '/m/01k8wb', '/m/019_rr'], 'topicCategories': ['https://en.wikipedia.org/wiki/Technology', 'https://en.wikipedia.org/wiki/Knowledge', 'https://en.wikipedia.org/wiki/Lifestyle_(sociology)']}, 'status': {'privacyStatus': 'public', 'isLinked': True, 'longUploadsStatus': 'longUploadsUnspecified', 'madeForKids': False}, 'brandingSettings': {'channel': {'title': 'Learn with Whiteboard', 'description': 'Your Visual Guide to Today’s Toughest Topics\n\nAt Learn with Whiteboard, we specialize in transforming dense, intricate subjects into concise and captivating whiteboard animations. Each video seamlessly blends expert insight with visual storytelling, guiding you through concepts that you thought were beyond reach. Ideal for students, professionals, lifelong learners, or anyone who appreciates clarity—one whiteboard sketch at a time.\n\nWhat do I do here?\n1. Whiteboard Programming: Easy lessons for better programming.\n2. Whiteboard Philosophy: Easy lessons for a better understanding of life.\n3. Whiteboard Entrepreneur: Easy lessons for more innovative entrepreneurship.\n\nWhether it’s business, philosophy, or tech, our step-by-step plain-language explanations help transform confusion into aha moments. Subscribe and join a community of curious minds discovering that no concept is too daunting when you see it come to life on the board.\n', 'keywords': '""digital marketing"" entrepreneurship marketing technology ""social media"" ""search engine"" seo ""whiteboard marketing"" ""whiteboard programming"" ""whiteboard entrepreneur"" ""machine learning"" ""data science"" ""deep learning"" ""artificial intelligence"" facebook instagram ""how to"" programming ai ml dl ""learn machine learning"" ""learn data science"" wordpress ""content marketing"" ""online marketing"" blockchain ""blockchain technology"" ""learn blockchain"" ""learn with whiteboard"" sap hacks computer IT', 'unsubscribedTrailer': 'W77zZR1jaSo', 'country': 'IN'}, 'image': {'bannerExternalUrl': 'https://yt3.googleusercontent.com/bdE_jS1SrHl06EstArcAxvJQRJ12hPRCI7ng67YoD_ZYDmJ4hl8qpqOIhTph0O6n0bl1IHne'}}, '_evidence_file': 'evidence/raw_api/channels_20260908T075955_8cb5119fb896f9e2.json', '_collected_at_utc': '2026-09-08T07:59:56Z'}","Learn with Whiteboard Your Visual Guide to Today’s Toughest Topics  At Learn with Whiteboard, we specialize in transforming dense, intricate subjects into concise and capti",0,0,0,1
UCPNoCO-IKY1PIQZCUqf4OfA,Draw The Life TikTak,@drawthelifetiktak,ES,1450000,1167,363703119,311656.4858611825,250.8297372413793,1,0,Welcome to our channel ❤️  Draw The Life TikTak brings you the best Draw My Life videos! Stories made only with a whiteboard and a marker pen so you c,"{'kind': 'youtube#channel', 'etag': 'nz5VDtSiJq0EuasSY8Bq7m5LbnY', 'id': 'UCPNoCO-IKY1PIQZCUqf4OfA', 'snippet': {'title': 'Draw The Life TikTak', 'description': ""Welcome to our channel ❤️\n\nDraw The Life TikTak brings you the best Draw My Life videos! Stories made only with a whiteboard and a marker pen so you can learn in a different, easy and funny way about endless topics! Don't Forget to Like, Comment, Share and Subscribe to our channel! *NEW VIDEO every Tuesday, Thursday, Saturday and Sunday!*"", 'customUrl': '@drawthelifetiktak', 'publishedAt': '2018-01-23T23:14:31Z', 'thumbnails': {'default': {'url': 'https://yt3.ggpht.com/ndKJCf-BUB9iil8hP_V6UATCOY7u38GrfGSvQ6dJ06V405IAqF69aFdY68GSZPHE57qdjaievw=s88-c-k-c0x00ffffff-no-rj', 'width': 88, 'height': 88}, 'medium': {'url': 'https://yt3.ggpht.com/ndKJCf-BUB9iil8hP_V6UATCOY7u38GrfGSvQ6dJ06V405IAqF69aFdY68GSZPHE57qdjaievw=s240-c-k-c0x00ffffff-no-rj', 'width': 240, 'height': 240}, 'high': {'url': 'https://yt3.ggpht.com/ndKJCf-BUB9iil8hP_V6UATCOY7u38GrfGSvQ6dJ06V405IAqF69aFdY68GSZPHE57qdjaievw=s800-c-k-c0x00ffffff-no-rj', 'width': 800, 'height': 800}}, 'localized': {'title': 'Draw The Life TikTak', 'description': ""Welcome to our channel ❤️\n\nDraw The Life TikTak brings you the best Draw My Life videos! Stories made only with a whiteboard and a marker pen so you can learn in a different, easy and funny way about endless topics! Don't Forget to Like, Comment, Share and Subscribe to our channel! *NEW VIDEO every Tuesday, Thursday, Saturday and Sunday!*""}, 'country': 'ES'}, 'contentDetails': {'relatedPlaylists': {'likes': '', 'uploads': 'UUPNoCO-IKY1PIQZCUqf4OfA'}}, 'statistics': {'viewCount': '363703119', 'subscriberCount': '1450000', 'hiddenSubscriberCount': False, 'videoCount': '1167'}, 'topicDetails': {'topicIds': ['/m/019_rr', '/m/09kqc', '/m/02jjt', '/m/02vxn'], 'topicCategories': ['https://en.wikipedia.org/wiki/Lifestyle_(sociology)', 'https://en.wikipedia.org/wiki/Humour', 'https://en.wikipedia.org/wiki/Entertainment', 'https://en.wikipedia.org/wiki/Film']}, 'status': {'privacyStatus': 'public', 'isLinked': True, 'longUploadsStatus': 'longUploadsUnspecified', 'madeForKids': False}, 'brandingSettings': {'channel': {'title': 'Draw The Life TikTak', 'description': ""Welcome to our channel ❤️\n\nDraw The Life TikTak brings you the best Draw My Life videos! Stories made only with a whiteboard and a marker pen so you can learn in a different, easy and funny way about endless topics! Don't Forget to Like, Comment, Share and Subscribe to our channel! *NEW VIDEO every Tuesday, Thursday, Saturday and Sunday!*"", 'keywords': '""draw my life"" tiktak ""draw the life"" draw drawing creepypasta ""scary stories"" celebrities youtubers ""drawing stories"" ""interesting facts"" ""facts about"" ""learn about"" ""did you know""', 'unsubscribedTrailer': 'vNxlnKvqjRI', 'country': 'ES'}, 'image': {'bannerExternalUrl': 'https://yt3.googleusercontent.com/stV772Rr-8Kscc_TiEJjeNKoveP5fBn34SD39o6YS1kulcUgw5Gz8Kb6KFXTCWZi-ZxAr5tQ'}}, '_evidence_file': 'evidence/raw_api/channels_20260908T075955_8cb5119fb896f9e2.json', '_collected_at_utc': '2026-09-08T07:59:56Z'}",Draw The Life TikTak Welcome to our channel ❤️  Draw The Life TikTak brings you the best Draw My Life videos! Stories made only with a whiteboard and a marker pen so you c,0,0,0,0
UCQBxA94s18_DShKfgBIwYVw,Doodle Arts ,@doodle-arts,,133000,58,50207228,865641.8620689656,377.4979548872181,1,0,An art chanel ,"{'kind': 'youtube#channel', 'etag': 'VPz4q9pjvIp0hSzKsNK5vI3HeeA', 'id': 'UCQBxA94s18_DShKfgBIwYVw', 'snippet': {'title': 'Doodle Arts ', 'description': 'An art chanel ', 'customUrl': '@doodle-arts', 'publishedAt': '2023-06-01T14:22:03.527978Z', 'thumbnails': {'default': {'url': 'https://yt3.ggpht.com/0xu22feswWGoosefRueiIJg6yfNdRF1APXW1sMi-A5m4zxj_zcMA75TK-z4XwUIU5bZ1XZSrU28=s88-c-k-c0x00ffffff-no-rj', 'width': 88, 'height': 88}, 'medium': {'url': 'https://yt3.ggpht.com/0xu22feswWGoosefRueiIJg6yfNdRF1APXW1sMi-A5m4zxj_zcMA75TK-z4XwUIU5bZ1XZSrU28=s240-c-k-c0x00ffffff-no-rj', 'width': 240, 'height': 240}, 'high': {'url': 'https://yt3.ggpht.com/0xu22feswWGoosefRueiIJg6yfNdRF1APXW1sMi-A5m4zxj_zcMA75TK-z4XwUIU5bZ1XZSrU28=s800-c-k-c0x00ffffff-no-rj', 'width': 800, 'height': 800}}, 'localized': {'title': 'Doodle Arts ', 'description': 'An art chanel '}}, 'contentDetails': {'relatedPlaylists': {'likes': '', 'uploads': 'UUQBxA94s18_DShKfgBIwYVw'}}, 'statistics': {'viewCount': '50207228', 'subscriberCount': '133000', 'hiddenSubscriberCount': False, 'videoCount': '58'}, 'topicDetails': {'topicIds': ['/m/019_rr', '/m/02vxn', '/m/02jjt'], 'topicCategories': ['https://en.wikipedia.org/wiki/Lifestyle_(sociology)', 'https://en.wikipedia.org/wiki/Film', 'https://en.wikipedia.org/wiki/Entertainment']}, 'status': {'privacyStatus': 'public', 'isLinked': True, 'longUploadsStatus': 'longUploadsUnspecified'}, 'brandingSettings': {'channel': {'title': 'Doodle Arts ', 'description': 'An art chanel '}, 'image': {'bannerExternalUrl': 'https://yt3.googleusercontent.com/8PlnEu0hhbGKEC-Mcf49awNG4Whsgc9h1flpGtXLFIJM4oYZqye-AJIfHQQ3AmYTBDdBUEji'}}, '_evidence_file': 'evidence/raw_api/channels_20260908T075955_8cb5119fb896f9e2.json', '_collected_at_utc': '2026-09-08T07:59:56Z'}",Doodle Arts  An art chanel ,0,0,0,0
UCsYYksPHiGqXHPoHI-fm5sg,Whiteboard Crypto,@whiteboardcrypto,US,1020000,152,34165661,224774.0855263158,33.495746078431374,1,0,"Welcome to whiteboard crypto, the #1 YouTube channel for crypto education and here we explain topics of the cryptocurrency world using analogies, stor","{'kind': 'youtube#channel', 'etag': 'Xrga9azzq8FwA0fU_Me_wU1b9-Y', 'id': 'UCsYYksPHiGqXHPoHI-fm5sg', 'snippet': {'title': 'Whiteboard Crypto', 'description': 'Welcome to whiteboard crypto, the #1 YouTube channel for crypto education and here we explain topics of the cryptocurrency world using analogies, stories, and examples so you can easily understand them.', 'customUrl': '@whiteboardcrypto', 'publishedAt': '2021-03-19T21:06:12.052309Z', 'thumbnails': {'default': {'url': 'https://yt3.ggpht.com/ytc/AIdro_kZD0z9wgIa7SZIl7Yao_0Tm1SCgezA292R7poV5UAu4A=s88-c-k-c0x00ffffff-no-rj', 'width': 88, 'height': 88}, 'medium': {'url': 'https://yt3.ggpht.com/ytc/AIdro_kZD0z9wgIa7SZIl7Yao_0Tm1SCgezA292R7poV5UAu4A=s240-c-k-c0x00ffffff-no-rj', 'width': 240, 'height': 240}, 'high': {'url': 'https://yt3.ggpht.com/ytc/AIdro_kZD0z9wgIa7SZIl7Yao_0Tm1SCgezA292R7poV5UAu4A=s800-c-k-c0x00ffffff-no-rj', 'width': 800, 'height': 800}}, 'localized': {'title': 'Whiteboard Crypto', 'description': 'Welcome to whiteboard crypto, the #1 YouTube channel for crypto education and here we explain topics of the cryptocurrency world using analogies, stories, and examples so you can easily understand them.'}, 'country': 'US'}, 'contentDetails': {'relatedPlaylists': {'likes': '', 'uploads': 'UUsYYksPHiGqXHPoHI-fm5sg'}}, 'statistics': {'viewCount': '34165661', 'subscriberCount': '1020000', 'hiddenSubscriberCount': False, 'videoCount': '152'}, 'topicDetails': {'topicIds': ['/m/07c1v', '/m/01k8wb', '/m/019_rr'], 'topicCategories': ['https://en.wikipedia.org/wiki/Technology', 'https://en.wikipedia.org/wiki/Knowledge', 'https://en.wikipedia.org/wiki/Lifestyle_(sociology)']}, 'status': {'privacyStatus': 'public', 'isLinked': True, 'longUploadsStatus': 'longUploadsUnspecified', 'madeForKids': False}, 'brandingSettings': {'channel': {'title': 'Whiteboard Crypto', 'description': 'Welcome to whiteboard crypto, the #1 YouTube channel for crypto education and here we explain topics of the cryptocurrency world using analogies, stories, and examples so you can easily understand them.', 'unsubscribedTrailer': 'kHybf1aC-jE', 'country': 'US'}, 'image': {'bannerExternalUrl': 'https://yt3.googleusercontent.com/WaWIkLOAtmhzCH1cRsqNyXdGjA47gKo4zUx35kOGNOUhP9WJQSAi6MiN26ePyKpITEDUTLfLUw'}}, '_evidence_file': 'evidence/raw_api/channels_20260908T075955_8cb5119fb896f9e2.json', '_collected_at_utc': '2026-09-08T07:59:56Z'}","Whiteboard Crypto Welcome to whiteboard crypto, the #1 YouTube channel for crypto education and here we explain topics of the cryptocurrency world using analogies, stor",0,0,0,1
UCLuIudjbquBATgqkIJxQi6A,Animated History ,@animatedhistoryy,NL,70700,15,7767969,517864.6,109.8722630834512,1,1,Most animated videos today are heavily AI generated. We chose a different path. Every scene in our videos is hand drawn and animated frame by frame by,"{'kind': 'youtube#channel', 'etag': 'o746Aohyph3B6WWRtkD7Gpbehb0', 'id': 'UCLuIudjbquBATgqkIJxQi6A', 'snippet': {'title': 'Animated History ', 'description': 'Most animated videos today are heavily AI generated. We chose a different path. Every scene in our videos is hand drawn and animated frame by frame by real artists, no AI shortcuts, just real animation and storytelling.\n\nFor business inquiries: Animatedhistory1@hotmail.com\n', 'customUrl': '@animatedhistoryy', 'publishedAt': '2025-10-05T18:27:39.512025Z', 'thumbnails': {'default': {'url': 'https://yt3.ggpht.com/CxcWJi7IqI-PVTwPmr9p6tL3QiPfdIvAA0UWiHEvlmpmObA5ZEo5xSjXvx0y_LrByq_S_aA2=s88-c-k-c0x00ffffff-no-rj', 'width': 88, 'height': 88}, 'medium': {'url': 'https://yt3.ggpht.com/CxcWJi7IqI-PVTwPmr9p6tL3QiPfdIvAA0UWiHEvlmpmObA5ZEo5xSjXvx0y_LrByq_S_aA2=s240-c-k-c0x00ffffff-no-rj', 'width': 240, 'height': 240}, 'high': {'url': 'https://yt3.ggpht.com/CxcWJi7IqI-PVTwPmr9p6tL3QiPfdIvAA0UWiHEvlmpmObA5ZEo5xSjXvx0y_LrByq_S_aA2=s800-c-k-c0x00ffffff-no-rj', 'width': 800, 'height': 800}}, 'localized': {'title': 'Animated History ', 'description': 'Most animated videos today are heavily AI generated. We chose a different path. Every scene in our videos is hand drawn and animated frame by frame by real artists, no AI shortcuts, just real animation and storytelling.\n\nFor business inquiries: Animatedhistory1@hotmail.com\n'}, 'country': 'NL'}, 'contentDetails': {'relatedPlaylists': {'likes': '', 'uploads': 'UULuIudjbquBATgqkIJxQi6A'}}, 'statistics': {'viewCount': '7767969', 'subscriberCount': '70700', 'hiddenSubscriberCount': False, 'videoCount': '15'}, 'topicDetails': {'topicIds': ['/m/02vxn', '/m/01k8wb', '/m/02jjt'], 'topicCategories': ['https://en.wikipedia.org/wiki/Film', 'https://en.wikipedia.org/wiki/Knowledge', 'https://en.wikipedia.org/wiki/Entertainment']}, 'status': {'privacyStatus': 'public', 'isLinked': True, 'longUploadsStatus': 'longUploadsUnspecified', 'madeForKids': False}, 'brandingSettings': {'channel': {'title': 'Animated History ', 'description': 'Most animated videos today are heavily AI generated. We chose a different path. Every scene in our videos is hand drawn and animated frame by frame by real artists, no AI shortcuts, just real animation and storytelling.\n\nFor business inquiries: Animatedhistory1@hotmail.com\n', 'keywords': 'History Empires ""Animation history"" ""simple history"" ""Fun history"" oversimplified', 'country': 'NL'}, 'image': {'bannerExternalUrl': 'https://yt3.googleusercontent.com/g9oukPbtyam9RNFmvos4Qi8DjnupDNCb_RUsixrsfs-j8D26ZJR-aVAWJfTJnggmUeDodk899A'}}, '_evidence_file': 'evidence/raw_api/channels_20260908T075956_20a6d0539917a64b.json', '_collected_at_utc': '2026-09-08T07:59:56Z'}",Animated History  Most animated videos today are heavily AI generated. We chose a different path. Every scene in our videos is hand drawn and animated frame by frame by,0,0,0,1
UCxw5rXp2DpEV8cjuaJ8yWBQ,Draw My Life,@drawmylifeen,US,66900,462,9714153,21026.305194805194,145.20408071748878,1,0,"Welcome to Draw My Life! Do you love being on the edge of your seat? If so, you've come to the right place! Our specialty is to tell scary and horror ","{'kind': 'youtube#channel', 'etag': 'ea23Qmo6nRTiSWVDOKxXmp23lvI', 'id': 'UCxw5rXp2DpEV8cjuaJ8yWBQ', 'snippet': {'title': 'Draw My Life', 'description': ""Welcome to Draw My Life! Do you love being on the edge of your seat?\nIf so, you've come to the right place! Our specialty is to tell scary and horror stories through drawings. \n\nBut we've got something for everyone here! Our huge collection of stories range from iconic movies, books, video games, celebrities, artists, actors, amongst so much more... \n\nDive into our take on storytelling every Wednesday and Friday at 4pm! \n\nDon't forget to subscribe to the channel here: https://bit.ly/DrawMyLife_Sub\n"", 'customUrl': '@drawmylifeen', 'publishedAt': '2013-07-29T20:53:43Z', 'thumbnails': {'default': {'url': 'https://yt3.ggpht.com/ytc/AIdro_n1A4xtiBHsdo6IVOErcBQAcOe-LYOQkhSKTt-kZbnJid8=s88-c-k-c0x00ffffff-no-rj', 'width': 88, 'height': 88}, 'medium': {'url': 'https://yt3.ggpht.com/ytc/AIdro_n1A4xtiBHsdo6IVOErcBQAcOe-LYOQkhSKTt-kZbnJid8=s240-c-k-c0x00ffffff-no-rj', 'width': 240, 'height': 240}, 'high': {'url': 'https://yt3.ggpht.com/ytc/AIdro_n1A4xtiBHsdo6IVOErcBQAcOe-LYOQkhSKTt-kZbnJid8=s800-c-k-c0x00ffffff-no-rj', 'width': 800, 'height': 800}}, 'localized': {'title': 'Draw My Life', 'description': ""Welcome to Draw My Life! Do you love being on the edge of your seat?\nIf so, you've come to the right place! Our specialty is to tell scary and horror stories through drawings. \n\nBut we've got something for everyone here! Our huge collection of stories range from iconic movies, books, video games, celebrities, artists, actors, amongst so much more... \n\nDive into our take on storytelling every Wednesday and Friday at 4pm! \n\nDon't forget to subscribe to the channel here: https://bit.ly/DrawMyLife_Sub\n""}, 'country': 'US'}, 'contentDetails': {'relatedPlaylists': {'likes': '', 'uploads': 'UUxw5rXp2DpEV8cjuaJ8yWBQ'}}, 'statistics': {'viewCount': '9714153', 'subscriberCount': '66900', 'hiddenSubscriberCount': False, 'videoCount': '462'}, 'topicDetails': {'topicIds': ['/m/03glg', '/m/019_rr', '/m/02jjt', '/m/02vxn'], 'topicCategories': ['https://en.wikipedia.org/wiki/Hobby', 'https://en.wikipedia.org/wiki/Lifestyle_(sociology)', 'https://en.wikipedia.org/wiki/Entertainment', 'https://en.wikipedia.org/wiki/Film']}, 'status': {'privacyStatus': 'public', 'isLinked': True, 'longUploadsStatus': 'longUploadsUnspecified', 'madeForKids': False}, 'brandingSettings': {'channel': {'title': 'Draw My Life', 'description': ""Welcome to Draw My Life! Do you love being on the edge of your seat?\nIf so, you've come to the right place! Our specialty is to tell scary and horror stories through drawings. \n\nBut we've got something for everyone here! Our huge collection of stories range from iconic movies, books, video games, celebrities, artists, actors, amongst so much more... \n\nDive into our take on storytelling every Wednesday and Friday at 4pm! \n\nDon't forget to subscribe to the channel here: https://bit.ly/DrawMyLife_Sub\n"", 'keywords': '""draw my life"" ""draw the life"" ""how to draw"" ""draw the life tik tak"" ""draw my life english"" ""drawing about"" ""draw my life in english"" ""cartoon cat"" momo ""trevor henderson"" creepy creepypasta ""creepy story"" ""creepy stories"" horror ""horror story"" ""horror stories"" terror ""draw my life english"" ""scary tuesday"" paranormal ""urban legends"" creepypastas ""draw the life tiktak horror"" ""draw the life tiktak"" slenderman ""Gumball creepy"" ""horror stories"" ""creepy .exe"" .exe ""Lost episode"" ""scary stories""', 'unsubscribedTrailer': 'zlpvsJaUDmg', 'country': 'US'}, 'image': {'bannerExternalUrl': 'https://yt3.googleusercontent.com/zIF0c2PeRJI0VNMGjUOhA1isltwM4gsJ3AhBrPL4yRti9RTLfbkFj6dBSP3ThbXhsQV5QUOVAA'}}, '_evidence_file': 'evidence/raw_api/channels_20260908T075956_20a6d0539917a64b.json', '_collected_at_utc': '2026-09-08T07:59:56Z'}","Draw My Life Welcome to Draw My Life! Do you love being on the edge of your seat? If so, you've come to the right place! Our specialty is to tell scary and horror ",0,0,0,0
UCcJObmRWopywvCf_4wMuxGw,TikTak Draw - Português,@tiktakdraw-portugues,ES,597000,498,90537768,181802.7469879518,151.65455276381908,1,0,"Bem-vindos a TikTak Draw! Um lugar onde contamos histórias desenhando 😃 No nosso canal você encontrará vídeos tipo Draw My Life sobre curiosidades, at","{'kind': 'youtube#channel', 'etag': 'oQuAYi2tT-Cz2qlV3QA3i7l38Jw', 'id': 'UCcJObmRWopywvCf_4wMuxGw', 'snippet': {'title': 'TikTak Draw - Português', 'description': 'Bem-vindos a TikTak Draw! Um lugar onde contamos histórias desenhando 😃 No nosso canal você encontrará vídeos tipo Draw My Life sobre curiosidades, atualidades, memes, estrelas de cinema, música, esportes, youtubers, terror, história, ciência, saúde ... Estamos sempre abertos a novas propostas, por isso não se esqueça de nos deixar um comentário.\n\nNão se esqueça de se inscrever !!  Estamos esperando por vocês tiktakers!\n', 'customUrl': '@tiktakdraw-portugues', 'publishedAt': '2018-08-19T12:33:48Z', 'thumbnails': {'default': {'url': 'https://yt3.ggpht.com/ytc/AIdro_kF6Ggi8xa3af8UGuWiRdbO18OdPHJxjYdlBnWAvUnTUE4=s88-c-k-c0x00ffffff-no-rj', 'width': 88, 'height': 88}, 'medium': {'url': 'https://yt3.ggpht.com/ytc/AIdro_kF6Ggi8xa3af8UGuWiRdbO18OdPHJxjYdlBnWAvUnTUE4=s240-c-k-c0x00ffffff-no-rj', 'width': 240, 'height': 240}, 'high': {'url': 'https://yt3.ggpht.com/ytc/AIdro_kF6Ggi8xa3af8UGuWiRdbO18OdPHJxjYdlBnWAvUnTUE4=s800-c-k-c0x00ffffff-no-rj', 'width': 800, 'height': 800}}, 'localized': {'title': 'TikTak Draw - Português', 'description': 'Bem-vindos a TikTak Draw! Um lugar onde contamos histórias desenhando 😃 No nosso canal você encontrará vídeos tipo Draw My Life sobre curiosidades, atualidades, memes, estrelas de cinema, música, esportes, youtubers, terror, história, ciência, saúde ... Estamos sempre abertos a novas propostas, por isso não se esqueça de nos deixar um comentário.\n\nNão se esqueça de se inscrever !!  Estamos esperando por vocês tiktakers!\n'}, 'country': 'ES'}, 'contentDetails': {'relatedPlaylists': {'likes': '', 'uploads': 'UUcJObmRWopywvCf_4wMuxGw'}}, 'statistics': {'viewCount': '90537768', 'subscriberCount': '597000', 'hiddenSubscriberCount': False, 'videoCount': '498'}, 'topicDetails': {'topicIds': ['/m/019_rr', '/m/02jjt', '/m/02vxn'], 'topicCategories': ['https://en.wikipedia.org/wiki/Lifestyle_(sociology)', 'https://en.wikipedia.org/wiki/Entertainment', 'https://en.wikipedia.org/wiki/Film']}, 'status': {'privacyStatus': 'public', 'isLinked': True, 'longUploadsStatus': 'longUploadsUnspecified', 'madeForKids': False}, 'brandingSettings': {'channel': {'title': 'TikTak Draw - Português', 'description': 'Bem-vindos a TikTak Draw! Um lugar onde contamos histórias desenhando 😃 No nosso canal você encontrará vídeos tipo Draw My Life sobre curiosidades, atualidades, memes, estrelas de cinema, música, esportes, youtubers, terror, história, ciência, saúde ... Estamos sempre abertos a novas propostas, por isso não se esqueça de nos deixar um comentário.\n\nNão se esqueça de se inscrever !!  Estamos esperando por vocês tiktakers!\n', 'keywords': '""tiktak draw"" ""tiktak draw portugues"" ""draw my life"" ""draw my life portugues"" creepypasta ""histórias de terror"" lendas ""lendas terror"" terror ""draw my life terror"" ""draw my life creepypasta""', 'unsubscribedTrailer': 'QmgNLFFm9rA', 'country': 'ES'}, 'image': {'bannerExternalUrl': 'https://yt3.googleusercontent.com/PYw772y4vhq1aDUK4SzL7tHLETceDQoX-OiFcXrVy7LyMejy_BBh6OL4XUKZkb5dUmEEwWRWfw'}}, '_evidence_file': 'evidence/raw_api/channels_20260908T075956_20a6d0539917a64b.json', '_collected_at_utc': '2026-09-08T07:59:56Z'}","TikTak Draw - Português Bem-vindos a TikTak Draw! Um lugar onde contamos histórias desenhando 😃 No nosso canal você encontrará vídeos tipo Draw My Life sobre curiosidades, at",0,0,0,0
UCD3NJ1CCoSfnQujDwqesJpQ,DRAW MY LIFE INDONESIA,@drawmylifeindonesiaofficial,ID,1740000,208,66664437,320502.10096153844,38.312894827586206,1,0,"Hai all, Draw My Life Indonesia adalah konten kreator asli dari Indonesia. Kami sangat menghargai kolaborasi dan kami juga terbuka kepada pihak siapap","{'kind': 'youtube#channel', 'etag': '87spvz2e1o4ThICHEY6Ff5hQoCw', 'id': 'UCD3NJ1CCoSfnQujDwqesJpQ', 'snippet': {'title': 'DRAW MY LIFE INDONESIA', 'description': 'Hai all, Draw My Life Indonesia adalah konten kreator asli dari Indonesia. Kami sangat menghargai kolaborasi dan kami juga terbuka kepada pihak siapapun untuk ngereaksi-in video kami :)\n\nUntuk pesanan draw my life perusahaan, company profile, event, personal branding dll bisa melalui email bisnis kamil : drawmylifeindonesiaofficial@gmail.com', 'customUrl': '@drawmylifeindonesiaofficial', 'publishedAt': '2019-11-07T22:03:05.561973Z', 'thumbnails': {'default': {'url': 'https://yt3.ggpht.com/ytc/AIdro_m5V5n7GWlLSLdZ9XLfiyzHsI6uVCNK9ZtLmxwnoTmwzw=s88-c-k-c0x00ffffff-no-rj', 'width': 88, 'height': 88}, 'medium': {'url': 'https://yt3.ggpht.com/ytc/AIdro_m5V5n7GWlLSLdZ9XLfiyzHsI6uVCNK9ZtLmxwnoTmwzw=s240-c-k-c0x00ffffff-no-rj', 'width': 240, 'height': 240}, 'high': {'url': 'https://yt3.ggpht.com/ytc/AIdro_m5V5n7GWlLSLdZ9XLfiyzHsI6uVCNK9ZtLmxwnoTmwzw=s800-c-k-c0x00ffffff-no-rj', 'width': 800, 'height': 800}}, 'localized': {'title': 'DRAW MY LIFE INDONESIA', 'description': 'Hai all, Draw My Life Indonesia adalah konten kreator asli dari Indonesia. Kami sangat menghargai kolaborasi dan kami juga terbuka kepada pihak siapapun untuk ngereaksi-in video kami :)\n\nUntuk pesanan draw my life perusahaan, company profile, event, personal branding dll bisa melalui email bisnis kamil : drawmylifeindonesiaofficial@gmail.com'}, 'country': 'ID'}, 'contentDetails': {'relatedPlaylists': {'likes': '', 'uploads': 'UUD3NJ1CCoSfnQujDwqesJpQ'}}, 'statistics': {'viewCount': '66664437', 'subscriberCount': '1740000', 'hiddenSubscriberCount': False, 'videoCount': '208'}, 'topicDetails': {'topicIds': ['/m/019_rr', '/m/02jjt', '/m/03glg'], 'topicCategories': ['https://en.wikipedia.org/wiki/Lifestyle_(sociology)', 'https://en.wikipedia.org/wiki/Entertainment', 'https://en.wikipedia.org/wiki/Hobby']}, 'status': {'privacyStatus': 'public', 'isLinked': True, 'longUploadsStatus': 'longUploadsUnspecified', 'madeForKids': False}, 'brandingSettings': {'channel': {'title': 'DRAW MY LIFE INDONESIA', 'description': 'Hai all, Draw My Life Indonesia adalah konten kreator asli dari Indonesia. Kami sangat menghargai kolaborasi dan kami juga terbuka kepada pihak siapapun untuk ngereaksi-in video kami :)\n\nUntuk pesanan draw my life perusahaan, company profile, event, personal branding dll bisa melalui email bisnis kamil : drawmylifeindonesiaofficial@gmail.com', 'keywords': '""Draw My Life"" ""Draw My Life Indonesia"" Tokoh Artis Seleb Gambar ""Cerita Bergambar"" Kisah Inspiratif Seni ""Draw Story"" Cerita Youtuber Selebgram profil biografi ""perjalanan hidup"" ""perjalanan karir""', 'unsubscribedTrailer': '4pACDUFxHt8', 'country': 'ID'}, 'image': {'bannerExternalUrl': 'https://yt3.googleusercontent.com/9zQSS8-YqnHFX3dAWAxeK8h73ht4741N_czTV1KK1zmOg6Un8LuT2ZbTTpsoLvbrnNJfCnqmFA'}}, '_evidence_file': 'evidence/raw_api/channels_20260908T075956_20a6d0539917a64b.json', '_collected_at_utc': '2026-09-08T07:59:56Z'}","DRAW MY LIFE INDONESIA Hai all, Draw My Life Indonesia adalah konten kreator asli dari Indonesia. Kami sangat menghargai kolaborasi dan kami juga terbuka kepada pihak siapap",0,0,0,0
UCXW9I3tejb37PGHyHcQc6hA,TikTak Draw,@tiktakdraw,ES,11600000,1532,2396441524,1564256.8694516972,206.58978655172413,1,0,¡Bienvenidos a TikTak Draw! Un lugar donde os contamos historias dibujando :) En nuestro canal podéis encontrar vídeos tipo Draw My Life sobre curiosi,"{'kind': 'youtube#channel', 'etag': '6nl1pqTB4y1oxld07PQlE_il7BI', 'id': 'UCXW9I3tejb37PGHyHcQc6hA', 'snippet': {'title': 'TikTak Draw', 'description': '¡Bienvenidos a TikTak Draw! Un lugar donde os contamos historias dibujando :) En nuestro canal podéis encontrar vídeos tipo Draw My Life sobre curiosidades, temas de actualidad, memes, estrellas de cine, de la música, del deporte, youtubers, terror, historia, ciencia, salud... Siempre estamos abiertos a nuevas propuestas, así que no te olvides de dejarnos un comentario.\n\n¡¡No os olvidéis suscribiros!! Subimos un vídeo nuevo cada martes, miércoles, viernes y domingo. ¡Os esperamos tiktakers!', 'customUrl': '@tiktakdraw', 'publishedAt': '2016-03-16T15:38:48Z', 'thumbnails': {'default': {'url': 'https://yt3.ggpht.com/nehTFfi2o1UAld9fmPEbhuut8yTBNFsFUENdRm_eGGRA0kbnodhcBb5PwjfaCKaZdtU8W3OxjU0=s88-c-k-c0x00ffffff-no-rj', 'width': 88, 'height': 88}, 'medium': {'url': 'https://yt3.ggpht.com/nehTFfi2o1UAld9fmPEbhuut8yTBNFsFUENdRm_eGGRA0kbnodhcBb5PwjfaCKaZdtU8W3OxjU0=s240-c-k-c0x00ffffff-no-rj', 'width': 240, 'height': 240}, 'high': {'url': 'https://yt3.ggpht.com/nehTFfi2o1UAld9fmPEbhuut8yTBNFsFUENdRm_eGGRA0kbnodhcBb5PwjfaCKaZdtU8W3OxjU0=s800-c-k-c0x00ffffff-no-rj', 'width': 800, 'height': 800}}, 'defaultLanguage': 'es', 'localized': {'title': 'TikTak Draw', 'description': '¡Bienvenidos a TikTak Draw! Un lugar donde os contamos historias dibujando :) En nuestro canal podéis encontrar vídeos tipo Draw My Life sobre curiosidades, temas de actualidad, memes, estrellas de cine, de la música, del deporte, youtubers, terror, historia, ciencia, salud... Siempre estamos abiertos a nuevas propuestas, así que no te olvides de dejarnos un comentario.\n\n¡¡No os olvidéis suscribiros!! Subimos un vídeo nuevo cada martes, miércoles, viernes y domingo. ¡Os esperamos tiktakers!'}, 'country': 'ES'}, 'contentDetails': {'relatedPlaylists': {'likes': '', 'uploads': 'UUXW9I3tejb37PGHyHcQc6hA'}}, 'statistics': {'viewCount': '2396441524', 'subscriberCount': '11600000', 'hiddenSubscriberCount': False, 'videoCount': '1532'}, 'topicDetails': {'topicIds': ['/m/02vxn', '/m/02jjt', '/m/019_rr'], 'topicCategories': ['https://en.wikipedia.org/wiki/Film', 'https://en.wikipedia.org/wiki/Entertainment', 'https://en.wikipedia.org/wiki/Lifestyle_(sociology)']}, 'status': {'privacyStatus': 'public', 'isLinked': True, 'longUploadsStatus': 'longUploadsUnspecified', 'madeForKids': False}, 'brandingSettings': {'channel': {'title': 'TikTak Draw', 'description': '¡Bienvenidos a TikTak Draw! Un lugar donde os contamos historias dibujando :) En nuestro canal podéis encontrar vídeos tipo Draw My Life sobre curiosidades, temas de actualidad, memes, estrellas de cine, de la música, del deporte, youtubers, terror, historia, ciencia, salud... Siempre estamos abiertos a nuevas propuestas, así que no te olvides de dejarnos un comentario.\n\n¡¡No os olvidéis suscribiros!! Subimos un vídeo nuevo cada martes, miércoles, viernes y domingo. ¡Os esperamos tiktakers!', 'keywords': 'tiktak ""tiktak draw"" ""draw my life en español"" ""draw my life"" ""dibujar historias"" ""cosas que no sabías"" youtube youtubers dibujar ""contar historias dibujando"" draw ""drawing about"" ""sabías que"" curiosidades creepypastas terror ""historias de miedo"" biografias ""mitos griegos"" leyendas', 'unsubscribedTrailer': 'WhWgTirone0', 'defaultLanguage': 'es', 'country': 'ES'}, 'image': {'bannerExternalUrl': 'https://yt3.googleusercontent.com/LqMnuDFqZRZmHqQJBXQWvG4nPyZgMsoIMUejLAE3FN6xEmId3vUjxOERyCPIXoHjcsXAPt4axLc'}}, '_evidence_file': 'evidence/raw_api/channels_20260908T075956_20a6d0539917a64b.json', '_collected_at_utc': '2026-09-08T07:59:56Z'}",TikTak Draw ¡Bienvenidos a TikTak Draw! Un lugar donde os contamos historias dibujando :) En nuestro canal podéis encontrar vídeos tipo Draw My Life sobre curiosi,0,0,0,0
UCnyrbg0-3GvZyqDSUqVXo2Q,Sticko Explains,@stickoexplains,US,130000,125,11103306,88826.448,85.41004615384615,1,1,"Welcome to Sticko Explains — the stickman survival guide for parents running on snacks, sarcasm, and suspicious silence.  I’m Sticko. I turn real pare","{'kind': 'youtube#channel', 'etag': '7t_vBwkXMsiX0jo6_lmPSo0ledM', 'id': 'UCnyrbg0-3GvZyqDSUqVXo2Q', 'snippet': {'title': 'Sticko Explains', 'description': 'Welcome to Sticko Explains — the stickman survival guide for parents running on snacks, sarcasm, and suspicious silence.\n\nI’m Sticko. I turn real parenting chaos into animated explainers — using stick figures, sleep science, and just enough emotional stability to fake it.\n\n🍼 Baby won’t nap?\n📱 Toddler licking tech again?\n😩 Teen speaking in shrugs and side-eyes?\n\nThis isn’t cutesy parenting fluff. It’s raw, funny, slightly-too-honest advice — told through stickman animations that actually get it.\n\n🎥 New videos weekly\n☕ Powered by cold coffee & clinical-level burnout\n🤣 Watch, relate, maybe even breathe for a second\n\nSubscribe if you’ve ever Googled “how to stay calm while parenting feral children.”\nSticko survives on views, validation, and increasingly low expectations.\n\nContact: stickoexplains@gmail.com\n', 'customUrl': '@stickoexplains', 'publishedAt': '2025-05-29T15:14:03.180678Z', 'thumbnails': {'default': {'url': 'https://yt3.ggpht.com/wYHGH7BnfV0GIx7TqeFQg3kKsso7jHX8L2xoCD1rh6GEI2Q7onhjEyImVKJ6_CQcsWyGXMmzj3c=s88-c-k-c0x00ffffff-no-rj', 'width': 88, 'height': 88}, 'medium': {'url': 'https://yt3.ggpht.com/wYHGH7BnfV0GIx7TqeFQg3kKsso7jHX8L2xoCD1rh6GEI2Q7onhjEyImVKJ6_CQcsWyGXMmzj3c=s240-c-k-c0x00ffffff-no-rj', 'width': 240, 'height': 240}, 'high': {'url': 'https://yt3.ggpht.com/wYHGH7BnfV0GIx7TqeFQg3kKsso7jHX8L2xoCD1rh6GEI2Q7onhjEyImVKJ6_CQcsWyGXMmzj3c=s800-c-k-c0x00ffffff-no-rj', 'width': 800, 'height': 800}}, 'localized': {'title': 'Sticko Explains', 'description': 'Welcome to Sticko Explains — the stickman survival guide for parents running on snacks, sarcasm, and suspicious silence.\n\nI’m Sticko. I turn real parenting chaos into animated explainers — using stick figures, sleep science, and just enough emotional stability to fake it.\n\n🍼 Baby won’t nap?\n📱 Toddler licking tech again?\n😩 Teen speaking in shrugs and side-eyes?\n\nThis isn’t cutesy parenting fluff. It’s raw, funny, slightly-too-honest advice — told through stickman animations that actually get it.\n\n🎥 New videos weekly\n☕ Powered by cold coffee & clinical-level burnout\n🤣 Watch, relate, maybe even breathe for a second\n\nSubscribe if you’ve ever Googled “how to stay calm while parenting feral children.”\nSticko survives on views, validation, and increasingly low expectations.\n\nContact: stickoexplains@gmail.com\n'}, 'country': 'US'}, 'contentDetails': {'relatedPlaylists': {'likes': '', 'uploads': 'UUnyrbg0-3GvZyqDSUqVXo2Q'}}, 'statistics': {'viewCount': '11103306', 'subscriberCount': '130000', 'hiddenSubscriberCount': False, 'videoCount': '125'}, 'topicDetails': {'topicIds': ['/m/019_rr', '/m/0kt51', '/m/01k8wb'], 'topicCategories': ['https://en.wikipedia.org/wiki/Lifestyle_(sociology)', 'https://en.wikipedia.org/wiki/Health', 'https://en.wikipedia.org/wiki/Knowledge']}, 'status': {'privacyStatus': 'public', 'isLinked': True, 'longUploadsStatus': 'longUploadsUnspecified', 'madeForKids': False}, 'brandingSettings': {'channel': {'title': 'Sticko Explains', 'description': 'Welcome to Sticko Explains — the stickman survival guide for parents running on snacks, sarcasm, and suspicious silence.\n\nI’m Sticko. I turn real parenting chaos into animated explainers — using stick figures, sleep science, and just enough emotional stability to fake it.\n\n🍼 Baby won’t nap?\n📱 Toddler licking tech again?\n😩 Teen speaking in shrugs and side-eyes?\n\nThis isn’t cutesy parenting fluff. It’s raw, funny, slightly-too-honest advice — told through stickman animations that actually get it.\n\n🎥 New videos weekly\n☕ Powered by cold coffee & clinical-level burnout\n🤣 Watch, relate, maybe even breathe for a second\n\nSubscribe if you’ve ever Googled “how to stay calm while parenting feral children.”\nSticko survives on views, validation, and increasingly low expectations.\n\nContact: stickoexplains@gmail.com\n', 'keywords': '""sticko explains"" ""funny parenting advice"" ""animated parenting tips"" ""parenting humor"" ""stickman parenting channel"" ""new parent help"" ""tired parent survival"" ""baby sleep tips"" ""screen time for kids"" ""co-parenting advice"" ""gentle parenting explained"" ""funny parenting channel"" ""parenting education animation"" ""stick figure parenting"" ""funny family content"" ""emotional regulation for kids"" ""how to parent with humor"" ""real talk for parents"" ""funny sleep training tips"" ""digital parenting advice""', 'country': 'US'}, 'image': {'bannerExternalUrl': 'https://yt3.googleusercontent.com/8WB-6iWA6eVoPRXUrmWrEgrTYVsOYx4Ko40M_u_MrYF1S0_2EbITJ1joE07T2apNlWjkTabZCA'}}, '_evidence_file': 'evidence/raw_api/channels_20260908T075956_d9559d9ceb4a6667.json', '_collected_at_utc': '2026-09-08T07:59:56Z'}","Sticko Explains Welcome to Sticko Explains — the stickman survival guide for parents running on snacks, sarcasm, and suspicious silence.  I’m Sticko. I turn real pare",0,0,0,1
UC1rf511TyJlFICTvOZhHo1w,CS Ghost Animation,@csghostanimation,,618000,38,87694101,2307739.5,141.89983980582525,1,1,"Stick figures are still cool, right?  Right?  Software: Opentoonz 1.1.2 (NOT FLIPNOTE) Davinci Resolve 1.4","{'kind': 'youtube#channel', 'etag': 'fGcKtDWmXoB37yvWXlly6agXAeg', 'id': 'UC1rf511TyJlFICTvOZhHo1w', 'snippet': {'title': 'CS Ghost Animation', 'description': 'Stick figures are still cool, right?  Right?\n\nSoftware:\nOpentoonz 1.1.2 (NOT FLIPNOTE)\nDavinci Resolve 1.4', 'customUrl': '@csghostanimation', 'publishedAt': '2012-07-18T01:29:18Z', 'thumbnails': {'default': {'url': 'https://yt3.ggpht.com/ytc/AIdro_meAyneSTdgvlpOKHzcMbdzdWgxAxP1ddecBVcBYFcv8nE=s88-c-k-c0x00ffffff-no-rj', 'width': 88, 'height': 88}, 'medium': {'url': 'https://yt3.ggpht.com/ytc/AIdro_meAyneSTdgvlpOKHzcMbdzdWgxAxP1ddecBVcBYFcv8nE=s240-c-k-c0x00ffffff-no-rj', 'width': 240, 'height': 240}, 'high': {'url': 'https://yt3.ggpht.com/ytc/AIdro_meAyneSTdgvlpOKHzcMbdzdWgxAxP1ddecBVcBYFcv8nE=s800-c-k-c0x00ffffff-no-rj', 'width': 800, 'height': 800}}, 'localized': {'title': 'CS Ghost Animation', 'description': 'Stick figures are still cool, right?  Right?\n\nSoftware:\nOpentoonz 1.1.2 (NOT FLIPNOTE)\nDavinci Resolve 1.4'}}, 'contentDetails': {'relatedPlaylists': {'likes': '', 'uploads': 'UU1rf511TyJlFICTvOZhHo1w'}}, 'statistics': {'viewCount': '87694101', 'subscriberCount': '618000', 'hiddenSubscriberCount': False, 'videoCount': '38'}, 'topicDetails': {'topicIds': ['/m/025zzc', '/m/0bzvm2', '/m/0403l3g', '/m/02vxn', '/m/02jjt', '/m/02ntfj'], 'topicCategories': ['https://en.wikipedia.org/wiki/Action_game', 'https://en.wikipedia.org/wiki/Video_game_culture', 'https://en.wikipedia.org/wiki/Role-playing_video_game', 'https://en.wikipedia.org/wiki/Film', 'https://en.wikipedia.org/wiki/Entertainment', 'https://en.wikipedia.org/wiki/Action-adventure_game']}, 'status': {'privacyStatus': 'public', 'isLinked': True, 'longUploadsStatus': 'longUploadsUnspecified'}, 'brandingSettings': {'channel': {'title': 'CS Ghost Animation', 'description': 'Stick figures are still cool, right?  Right?\n\nSoftware:\nOpentoonz 1.1.2 (NOT FLIPNOTE)\nDavinci Resolve 1.4', 'keywords': 'Theghost1292 Theghost129 Flipnote CS Ghost Animation', 'unsubscribedTrailer': 'RIZWzT_RL6Y'}, 'image': {'bannerExternalUrl': 'https://yt3.googleusercontent.com/JF0XEuSiBt7vAAjB0AN23dELvi_TIBXKjpQ9yJBrjAPao5UlJsG4aIFWogaiGp9z-NYsowRh958'}}, '_evidence_file': 'evidence/raw_api/channels_20260908T075956_d9559d9ceb4a6667.json', '_collected_at_utc': '2026-09-08T07:59:56Z'}","CS Ghost Animation Stick figures are still cool, right?  Right?  Software: Opentoonz 1.1.2 (NOT FLIPNOTE) Davinci Resolve 1.4",0,0,0,0
UCbKWv2x9t6u8yZoB3KcPtnw,Alan Becker,@alanbecker,US,34000000,270,9866256459,36541690.58888889,290.1840135,1,1,"My name is Alan Becker! My team and I make animations about stick figures that live on a computer desktop screen. There is no dialogue, but a lot of h","{'kind': 'youtube#channel', 'etag': 'BM6aFuSZyAQRh3KCmL9sw1xMKXs', 'id': 'UCbKWv2x9t6u8yZoB3KcPtnw', 'snippet': {'title': 'Alan Becker', 'description': 'My name is Alan Becker! My team and I make animations about stick figures that live on a computer desktop screen. There is no dialogue, but a lot of humor and emotion. Hope you enjoy!\n\nBusiness Inquiries: Alan.Becker@InTheBlackMedia.com\n\nSign up for the free newsletter for sneak peeks and behind the scenes! https://alanbecker.shop/pages/newsletter-signup\n\nApply to join our team: https://forms.gle/Qxvp5eVvo4MCN7ZW9\n', 'customUrl': '@alanbecker', 'publishedAt': '2006-07-24T20:46:18Z', 'thumbnails': {'default': {'url': 'https://yt3.ggpht.com/ytc/AIdro_m2cWJR2ufhrX0NpQWi7_UJriTaduV-vRDS4xx5vp1hLPk=s88-c-k-c0x00ffffff-no-rj', 'width': 88, 'height': 88}, 'medium': {'url': 'https://yt3.ggpht.com/ytc/AIdro_m2cWJR2ufhrX0NpQWi7_UJriTaduV-vRDS4xx5vp1hLPk=s240-c-k-c0x00ffffff-no-rj', 'width': 240, 'height': 240}, 'high': {'url': 'https://yt3.ggpht.com/ytc/AIdro_m2cWJR2ufhrX0NpQWi7_UJriTaduV-vRDS4xx5vp1hLPk=s800-c-k-c0x00ffffff-no-rj', 'width': 800, 'height': 800}}, 'localized': {'title': 'Alan Becker', 'description': 'My name is Alan Becker! My team and I make animations about stick figures that live on a computer desktop screen. There is no dialogue, but a lot of humor and emotion. Hope you enjoy!\n\nBusiness Inquiries: Alan.Becker@InTheBlackMedia.com\n\nSign up for the free newsletter for sneak peeks and behind the scenes! https://alanbecker.shop/pages/newsletter-signup\n\nApply to join our team: https://forms.gle/Qxvp5eVvo4MCN7ZW9\n'}, 'country': 'US'}, 'contentDetails': {'relatedPlaylists': {'likes': '', 'uploads': 'UUbKWv2x9t6u8yZoB3KcPtnw'}}, 'statistics': {'viewCount': '9866256459', 'subscriberCount': '34000000', 'hiddenSubscriberCount': False, 'videoCount': '270'}, 'topicDetails': {'topicIds': ['/m/02vxn', '/m/0bzvm2', '/m/02jjt'], 'topicCategories': ['https://en.wikipedia.org/wiki/Film', 'https://en.wikipedia.org/wiki/Video_game_culture', 'https://en.wikipedia.org/wiki/Entertainment']}, 'status': {'privacyStatus': 'public', 'isLinked': True, 'longUploadsStatus': 'longUploadsUnspecified'}, 'brandingSettings': {'channel': {'title': 'Alan Becker', 'description': 'My name is Alan Becker! My team and I make animations about stick figures that live on a computer desktop screen. There is no dialogue, but a lot of humor and emotion. Hope you enjoy!\n\nBusiness Inquiries: Alan.Becker@InTheBlackMedia.com\n\nSign up for the free newsletter for sneak peeks and behind the scenes! https://alanbecker.shop/pages/newsletter-signup\n\nApply to join our team: https://forms.gle/Qxvp5eVvo4MCN7ZW9\n', 'keywords': 'comedy art animation funny kids gaming minecraft', 'trackingAnalyticsAccountId': 'UA-151328605-1', 'country': 'US'}, 'image': {'bannerExternalUrl': 'https://yt3.googleusercontent.com/MRXc9aESOEmyhapPVMiexZn4CEQu43O-zOBhPybeAvrcnhLsB4mrD6ZKwM_EuqI4E_xBqIyX'}}, '_evidence_file': 'evidence/raw_api/channels_20260908T075956_d9559d9ceb4a6667.json', '_collected_at_utc': '2026-09-08T07:59:56Z'}","Alan Becker My name is Alan Becker! My team and I make animations about stick figures that live on a computer desktop screen. There is no dialogue, but a lot of h",0,0,0,0
UCy8KBeOp4g2B749unbq1I_Q,WhiteboardDoodles,@whiteboarddoodles24,BA,68900,53,3384063,63850.24528301887,49.1155732946299,1,1,Welcome to WhiteboardDoodles! We simplify tech concepts with engaging and easy-to-follow whiteboard animations. Whether you're diving into computer ba,"{'kind': 'youtube#channel', 'etag': '-W5M06hB4r_1b8OcDk4nOst8z1c', 'id': 'UCy8KBeOp4g2B749unbq1I_Q', 'snippet': {'title': 'WhiteboardDoodles', 'description': ""Welcome to WhiteboardDoodles! We simplify tech concepts with engaging and easy-to-follow whiteboard animations. Whether you're diving into computer basics or exploring the latest trends in AI, cybersecurity and software development, our channel has something for you. Our mission is to make technology accessible and understandable for everyone, from absolute beginners to seasoned tech enthusiasts in need of a quick refresh.\n\nJoin us as we break down complex topics like programming, networking, data science and more into bite-sized, visually appealing lessons. Our content is designed to help you grasp essential concepts, stay updated with the ever-evolving tech landscape and apply your knowledge in practical ways.\n\nSubscribe to our channel and hit the notification bell to stay informed about our latest videos. Let's make tech easy to understand and enjoyable for everyone together!\n"", 'customUrl': '@whiteboarddoodles24', 'publishedAt': '2024-05-20T20:57:24.878957Z', 'thumbnails': {'default': {'url': 'https://yt3.ggpht.com/9_u65G-OJApgeFIBIPZZwwKNosh5Eb3T0tcvWUZbY8twV0M9JpyIU7n30Zw9D68bBAp9g9fUTg=s88-c-k-c0x00ffffff-no-rj', 'width': 88, 'height': 88}, 'medium': {'url': 'https://yt3.ggpht.com/9_u65G-OJApgeFIBIPZZwwKNosh5Eb3T0tcvWUZbY8twV0M9JpyIU7n30Zw9D68bBAp9g9fUTg=s240-c-k-c0x00ffffff-no-rj', 'width': 240, 'height': 240}, 'high': {'url': 'https://yt3.ggpht.com/9_u65G-OJApgeFIBIPZZwwKNosh5Eb3T0tcvWUZbY8twV0M9JpyIU7n30Zw9D68bBAp9g9fUTg=s800-c-k-c0x00ffffff-no-rj', 'width': 800, 'height': 800}}, 'localized': {'title': 'WhiteboardDoodles', 'description': ""Welcome to WhiteboardDoodles! We simplify tech concepts with engaging and easy-to-follow whiteboard animations. Whether you're diving into computer basics or exploring the latest trends in AI, cybersecurity and software development, our channel has something for you. Our mission is to make technology accessible and understandable for everyone, from absolute beginners to seasoned tech enthusiasts in need of a quick refresh.\n\nJoin us as we break down complex topics like programming, networking, data science and more into bite-sized, visually appealing lessons. Our content is designed to help you grasp essential concepts, stay updated with the ever-evolving tech landscape and apply your knowledge in practical ways.\n\nSubscribe to our channel and hit the notification bell to stay informed about our latest videos. Let's make tech easy to understand and enjoyable for everyone together!\n""}, 'country': 'BA'}, 'contentDetails': {'relatedPlaylists': {'likes': '', 'uploads': 'UUy8KBeOp4g2B749unbq1I_Q'}}, 'statistics': {'viewCount': '3384063', 'subscriberCount': '68900', 'hiddenSubscriberCount': False, 'videoCount': '53'}, 'topicDetails': {'topicIds': ['/m/01k8wb', '/m/07c1v', '/m/019_rr'], 'topicCategories': ['https://en.wikipedia.org/wiki/Knowledge', 'https://en.wikipedia.org/wiki/Technology', 'https://en.wikipedia.org/wiki/Lifestyle_(sociology)']}, 'status': {'privacyStatus': 'public', 'isLinked': True, 'longUploadsStatus': 'longUploadsUnspecified', 'madeForKids': False}, 'brandingSettings': {'channel': {'title': 'WhiteboardDoodles', 'description': ""Welcome to WhiteboardDoodles! We simplify tech concepts with engaging and easy-to-follow whiteboard animations. Whether you're diving into computer basics or exploring the latest trends in AI, cybersecurity and software development, our channel has something for you. Our mission is to make technology accessible and understandable for everyone, from absolute beginners to seasoned tech enthusiasts in need of a quick refresh.\n\nJoin us as we break down complex topics like programming, networking, data science and more into bite-sized, visually appealing lessons. Our content is designed to help you grasp essential concepts, stay updated with the ever-evolving tech landscape and apply your knowledge in practical ways.\n\nSubscribe to our channel and hit the notification bell to stay informed about our latest videos. Let's make tech easy to understand and enjoyable for everyone together!\n"", 'keywords': 'whiteboard tech ""whiteboard doodles"" ""computer science"" ""information technology"" technology it whiteboarddoodles', 'unsubscribedTrailer': 'jYVI4f38idA', 'country': 'BA'}, 'image': {'bannerExternalUrl': 'https://yt3.googleusercontent.com/msObepLCwusc9C_Q5ITSFxz0Y7II8Dyroh8qku0PB2oZmdXWWygxVSbkoTdG0wgXld6x_vVdow'}}, '_evidence_file': 'evidence/raw_api/channels_20260908T075956_13370d1a390a68f8.json', '_collected_at_utc': '2026-09-08T07:59:56Z'}",WhiteboardDoodles Welcome to WhiteboardDoodles! We simplify tech concepts with engaging and easy-to-follow whiteboard animations. Whether you're diving into computer ba,0,0,0,1
UC_FStSURaDad8-xo6jH1j4Q,Bernard,@bernardanimationofficial,US,356000,80,34878675,435983.4375,97.97380617977528,1,0,I love making Stick Figure Videos to Discuss Why Life Sucks,"{'kind': 'youtube#channel', 'etag': 'IxO-YWynXMK64stmbgCNGDNXk6M', 'id': 'UC_FStSURaDad8-xo6jH1j4Q', 'snippet': {'title': 'Bernard', 'description': 'I love making Stick Figure Videos to Discuss Why Life Sucks', 'customUrl': '@bernardanimationofficial', 'publishedAt': '2025-05-01T03:13:46.880544Z', 'thumbnails': {'default': {'url': 'https://yt3.ggpht.com/om5gNhk0NmlX5VweDvJkq2Zk2FqJ5W0S4yRzFiBCpITovwLNtt3zPUcVZqLqBotrvjKL7_0Gbg=s88-c-k-c0x00ffffff-no-rj', 'width': 88, 'height': 88}, 'medium': {'url': 'https://yt3.ggpht.com/om5gNhk0NmlX5VweDvJkq2Zk2FqJ5W0S4yRzFiBCpITovwLNtt3zPUcVZqLqBotrvjKL7_0Gbg=s240-c-k-c0x00ffffff-no-rj', 'width': 240, 'height': 240}, 'high': {'url': 'https://yt3.ggpht.com/om5gNhk0NmlX5VweDvJkq2Zk2FqJ5W0S4yRzFiBCpITovwLNtt3zPUcVZqLqBotrvjKL7_0Gbg=s800-c-k-c0x00ffffff-no-rj', 'width': 800, 'height': 800}}, 'localized': {'title': 'Bernard', 'description': 'I love making Stick Figure Videos to Discuss Why Life Sucks'}, 'country': 'US'}, 'contentDetails': {'relatedPlaylists': {'likes': '', 'uploads': 'UU_FStSURaDad8-xo6jH1j4Q'}}, 'statistics': {'viewCount': '34878675', 'subscriberCount': '356000', 'hiddenSubscriberCount': False, 'videoCount': '80'}, 'topicDetails': {'topicIds': ['/m/02jjt', '/m/02vxn', '/m/01k8wb'], 'topicCategories': ['https://en.wikipedia.org/wiki/Entertainment', 'https://en.wikipedia.org/wiki/Film', 'https://en.wikipedia.org/wiki/Knowledge']}, 'status': {'privacyStatus': 'public', 'isLinked': True, 'longUploadsStatus': 'longUploadsUnspecified', 'madeForKids': False}, 'brandingSettings': {'channel': {'title': 'Bernard', 'description': 'I love making Stick Figure Videos to Discuss Why Life Sucks', 'keywords': 'Edutainment ""Stick Figure Animation"" Animated ""Animated Stories"" ""Animated History"" ""Serious History"" History Comedy ""Animated Comedy"" ""Animated Story"" Animations Educational ""Your Life As A"" ""Why It Sucks"" ""Why It Sucks To Be Born A"" History Ancient China Japan Japanese ""World History""', 'unsubscribedTrailer': 'CICWW8PjF7w', 'country': 'US'}, 'image': {'bannerExternalUrl': 'https://yt3.googleusercontent.com/zrjND_iqMGwxm0Wnyah4iw_D_-C-9jY06-hG8aaXcTrAEaaTXEIWUa2Viaw_TByLFI8qNmtRrd4'}}, '_evidence_file': 'evidence/raw_api/channels_20260908T075956_13370d1a390a68f8.json', '_collected_at_utc': '2026-09-08T07:59:56Z'}",Bernard I love making Stick Figure Videos to Discuss Why Life Sucks,0,0,0,0
UCly58gB7268VKzsH4zlMMvQ,Siebert Science,@siebertscience,US,481000,163,24339237,149320.47239263804,50.60132432432432,1,0,"Videos to help you learn Anatomy & Physiology!  Welcome to Siebert Science! My name is Justin Siebert, and I have taught science for over a decade: pr","{'kind': 'youtube#channel', 'etag': 'EQioSsJW5lBmnxnyByElf7RRbu8', 'id': 'UCly58gB7268VKzsH4zlMMvQ', 'snippet': {'title': 'Siebert Science', 'description': ""Videos to help you learn Anatomy & Physiology!\n\nWelcome to Siebert Science! My name is Justin Siebert, and I have taught science for over a decade: primarily Anatomy & Physiology, Physics, and AP Chemistry. I started making videos for my students, and currently I'm creating Anatomy & Physiology videos (and other resources) on topics covered from high school through medical school.\n\n🦾 Get my FREE A&P Survival Guide: https://siebertscience.ck.page/anatomysurvivalguide\n🧠 Learn how to study and retain more: https://memorylab.siebertscience.com\u200b\n💻 My comprehensive A&P system guides, practice tests, study cards, and other resources: https://store.siebertscience.com\n\nThere's lots to learn, so let's jump to the whiteboard and get started!\n"", 'customUrl': '@siebertscience', 'publishedAt': '2014-04-27T20:31:02Z', 'thumbnails': {'default': {'url': 'https://yt3.ggpht.com/ytc/AIdro_leqNkPe9ouYCa7lhJbwLNFtfF0SpmBHPR2eAuMmJCi4w=s88-c-k-c0x00ffffff-no-rj', 'width': 88, 'height': 88}, 'medium': {'url': 'https://yt3.ggpht.com/ytc/AIdro_leqNkPe9ouYCa7lhJbwLNFtfF0SpmBHPR2eAuMmJCi4w=s240-c-k-c0x00ffffff-no-rj', 'width': 240, 'height': 240}, 'high': {'url': 'https://yt3.ggpht.com/ytc/AIdro_leqNkPe9ouYCa7lhJbwLNFtfF0SpmBHPR2eAuMmJCi4w=s800-c-k-c0x00ffffff-no-rj', 'width': 800, 'height': 800}}, 'localized': {'title': 'Siebert Science', 'description': ""Videos to help you learn Anatomy & Physiology!\n\nWelcome to Siebert Science! My name is Justin Siebert, and I have taught science for over a decade: primarily Anatomy & Physiology, Physics, and AP Chemistry. I started making videos for my students, and currently I'm creating Anatomy & Physiology videos (and other resources) on topics covered from high school through medical school.\n\n🦾 Get my FREE A&P Survival Guide: https://siebertscience.ck.page/anatomysurvivalguide\n🧠 Learn how to study and retain more: https://memorylab.siebertscience.com\u200b\n💻 My comprehensive A&P system guides, practice tests, study cards, and other resources: https://store.siebertscience.com\n\nThere's lots to learn, so let's jump to the whiteboard and get started!\n""}, 'country': 'US'}, 'contentDetails': {'relatedPlaylists': {'likes': '', 'uploads': 'UUly58gB7268VKzsH4zlMMvQ'}}, 'statistics': {'viewCount': '24339237', 'subscriberCount': '481000', 'hiddenSubscriberCount': False, 'videoCount': '163'}, 'topicDetails': {'topicIds': ['/m/019_rr', '/m/01k8wb', '/m/0kt51'], 'topicCategories': ['https://en.wikipedia.org/wiki/Lifestyle_(sociology)', 'https://en.wikipedia.org/wiki/Knowledge', 'https://en.wikipedia.org/wiki/Health']}, 'status': {'privacyStatus': 'public', 'isLinked': True, 'longUploadsStatus': 'longUploadsUnspecified', 'madeForKids': False}, 'brandingSettings': {'channel': {'title': 'Siebert Science', 'description': ""Videos to help you learn Anatomy & Physiology!\n\nWelcome to Siebert Science! My name is Justin Siebert, and I have taught science for over a decade: primarily Anatomy & Physiology, Physics, and AP Chemistry. I started making videos for my students, and currently I'm creating Anatomy & Physiology videos (and other resources) on topics covered from high school through medical school.\n\n🦾 Get my FREE A&P Survival Guide: https://siebertscience.ck.page/anatomysurvivalguide\n🧠 Learn how to study and retain more: https://memorylab.siebertscience.com\u200b\n💻 My comprehensive A&P system guides, practice tests, study cards, and other resources: https://store.siebertscience.com\n\nThere's lots to learn, so let's jump to the whiteboard and get started!\n"", 'keywords': 'physiology physics science anatomy teaching education anatomy', 'unsubscribedTrailer': '_N_4fRpX4xw', 'country': 'US'}, 'image': {'bannerExternalUrl': 'https://yt3.googleusercontent.com/xfKStJ6OWEyChlv5QAVXbZ5yGxiV_4MAX4mS6mVCE2SzmFtxmsj8HF6mVbMCc_i8E8y4SCd_zw'}}, '_evidence_file': 'evidence/raw_api/channels_20260908T075956_13370d1a390a68f8.json', '_collected_at_utc': '2026-09-08T07:59:56Z'}","Siebert Science Videos to help you learn Anatomy & Physiology!  Welcome to Siebert Science! My name is Justin Siebert, and I have taught science for over a decade: pr",0,0,0,1
UCKYb7dZwd5VQT2ArAOn2g2A,Zeruel82Mk2,@zeruel82mk2,SE,434000,395,232332765,588184.2151898735,535.3289516129032,1,1,"I make stick figure animations with action, humor, emotion, and excitement!  This channel has three ongoing series:  *The Cliff and The Stickworld:  T","{'kind': 'youtube#channel', 'etag': 'cT6VplXc2PejOKzaTzwOwUPlnf8', 'id': 'UCKYb7dZwd5VQT2ArAOn2g2A', 'snippet': {'title': 'Zeruel82Mk2', 'description': 'I make stick figure animations with action, humor, emotion, and excitement!\n\nThis channel has three ongoing series: \n*The Cliff and The Stickworld: \nThis is a story-driven series that follows the fate of the Stickworld, and its many different characters!\n\n*Stick Figure Obstacle Courses: \nThis series follows a number of stick figures with different abilities that tackle all sorts of different obstacle courses and bosses!\nNot very much story here, but plenty of action and humor! \n\n*Mini Cliff Battles (Shorts):\nThese videos take the characters from the two series above and have them fight each other just for fun!\n', 'customUrl': '@zeruel82mk2', 'publishedAt': '2012-09-29T13:58:15Z', 'thumbnails': {'default': {'url': 'https://yt3.ggpht.com/zBfUSf-PdDBJ6z9AYNKRGRUT_KDQ4bq09N0we-HK8EAeSPLXxB8j6BumhDV-vGN-UQQnemgtdA=s88-c-k-c0x00ffffff-no-rj', 'width': 88, 'height': 88}, 'medium': {'url': 'https://yt3.ggpht.com/zBfUSf-PdDBJ6z9AYNKRGRUT_KDQ4bq09N0we-HK8EAeSPLXxB8j6BumhDV-vGN-UQQnemgtdA=s240-c-k-c0x00ffffff-no-rj', 'width': 240, 'height': 240}, 'high': {'url': 'https://yt3.ggpht.com/zBfUSf-PdDBJ6z9AYNKRGRUT_KDQ4bq09N0we-HK8EAeSPLXxB8j6BumhDV-vGN-UQQnemgtdA=s800-c-k-c0x00ffffff-no-rj', 'width': 800, 'height': 800}}, 'localized': {'title': 'Zeruel82Mk2', 'description': 'I make stick figure animations with action, humor, emotion, and excitement!\n\nThis channel has three ongoing series: \n*The Cliff and The Stickworld: \nThis is a story-driven series that follows the fate of the Stickworld, and its many different characters!\n\n*Stick Figure Obstacle Courses: \nThis series follows a number of stick figures with different abilities that tackle all sorts of different obstacle courses and bosses!\nNot very much story here, but plenty of action and humor! \n\n*Mini Cliff Battles (Shorts):\nThese videos take the characters from the two series above and have them fight each other just for fun!\n'}, 'country': 'SE'}, 'contentDetails': {'relatedPlaylists': {'likes': '', 'uploads': 'UUKYb7dZwd5VQT2ArAOn2g2A'}}, 'statistics': {'viewCount': '232332765', 'subscriberCount': '434000', 'hiddenSubscriberCount': False, 'videoCount': '395'}, 'topicDetails': {'topicIds': ['/m/02vxn', '/m/0bzvm2', '/m/02jjt'], 'topicCategories': ['https://en.wikipedia.org/wiki/Film', 'https://en.wikipedia.org/wiki/Video_game_culture', 'https://en.wikipedia.org/wiki/Entertainment']}, 'status': {'privacyStatus': 'public', 'isLinked': True, 'longUploadsStatus': 'longUploadsUnspecified', 'madeForKids': False}, 'brandingSettings': {'channel': {'title': 'Zeruel82Mk2', 'description': 'I make stick figure animations with action, humor, emotion, and excitement!\n\nThis channel has three ongoing series: \n*The Cliff and The Stickworld: \nThis is a story-driven series that follows the fate of the Stickworld, and its many different characters!\n\n*Stick Figure Obstacle Courses: \nThis series follows a number of stick figures with different abilities that tackle all sorts of different obstacle courses and bosses!\nNot very much story here, but plenty of action and humor! \n\n*Mini Cliff Battles (Shorts):\nThese videos take the characters from the two series above and have them fight each other just for fun!\n', 'keywords': 'FlipaClip stick figure animations ""The Cliff"" ""The Stickworld"" ""stick figure animations"" ""stick figure"" ""stick figure fights"" ""stick figure fight"" ""obstacle course"" ""stick figure obstacle course""', 'unsubscribedTrailer': '_N4IJB0fAbk', 'country': 'SE'}, 'image': {'bannerExternalUrl': 'https://yt3.googleusercontent.com/lZUdw-cqsTn9-dT32t6CJ6DYBV8jd2tzm58eE4QrIgaUoB_8c9X5MyFWWsdhxTeq6BqT5LAfIg'}}, '_evidence_file': 'evidence/raw_api/channels_20260908T075956_13370d1a390a68f8.json', '_collected_at_utc': '2026-09-08T07:59:56Z'}","Zeruel82Mk2 I make stick figure animations with action, humor, emotion, and excitement!  This channel has three ongoing series:  *The Cliff and The Stickworld:  T",0,0,0,0
UCL_v4tC26PvOFytV1_eEVSg,Marko - WhiteBoard Finance,@whiteboardfinance,US,1030000,425,69726050,164061.29411764705,67.69519417475728,1,0,My mission is to provide my viewers with actionable content that enables them to create financial wealth. My videos are a reflection of my real-world ,"{'kind': 'youtube#channel', 'etag': 'BgDAX2GwsgZDorbg0ZdLyOPVTGA', 'id': 'UCL_v4tC26PvOFytV1_eEVSg', 'snippet': {'title': 'Marko - WhiteBoard Finance', 'description': 'My mission is to provide my viewers with actionable content that enables them to create financial wealth. My videos are a reflection of my real-world experience as a real estate investor, stock market investor, student of finance, and entrepreneur. \n\nThis channel allows me to share my passion for personal finance, stock market investing, real estate investing, and entrepreneurship. I produce content that I would want to watch, and because of that, I give 100% effort in every video that I make. I also believe in complete transparency and open communication with my audience.\n\nBusiness inquiries - please email:\nsponsorships@whiteboardfinance.com\n\nMy FREE 7 Day Money Roadmap:\nhttps://whiteboardfinance.com/roadmap\n\nJoin My Private Community:\nwww.wbfuniversity.com\n\nFollow me on:\nInstagram - https://www.instagram.com/whiteboardfinance\n', 'customUrl': '@whiteboardfinance', 'publishedAt': '2017-10-29T02:03:14Z', 'thumbnails': {'default': {'url': 'https://yt3.ggpht.com/h2F7mSJ7h7OyuL0ptZncQmEOwkNfFHAuVbhA7XhyTf7sukW7e_M9uZTGPlSMR6vNfYrvrF7H6g=s88-c-k-c0x00ffffff-no-rj', 'width': 88, 'height': 88}, 'medium': {'url': 'https://yt3.ggpht.com/h2F7mSJ7h7OyuL0ptZncQmEOwkNfFHAuVbhA7XhyTf7sukW7e_M9uZTGPlSMR6vNfYrvrF7H6g=s240-c-k-c0x00ffffff-no-rj', 'width': 240, 'height': 240}, 'high': {'url': 'https://yt3.ggpht.com/h2F7mSJ7h7OyuL0ptZncQmEOwkNfFHAuVbhA7XhyTf7sukW7e_M9uZTGPlSMR6vNfYrvrF7H6g=s800-c-k-c0x00ffffff-no-rj', 'width': 800, 'height': 800}}, 'localized': {'title': 'Marko - WhiteBoard Finance', 'description': 'My mission is to provide my viewers with actionable content that enables them to create financial wealth. My videos are a reflection of my real-world experience as a real estate investor, stock market investor, student of finance, and entrepreneur. \n\nThis channel allows me to share my passion for personal finance, stock market investing, real estate investing, and entrepreneurship. I produce content that I would want to watch, and because of that, I give 100% effort in every video that I make. I also believe in complete transparency and open communication with my audience.\n\nBusiness inquiries - please email:\nsponsorships@whiteboardfinance.com\n\nMy FREE 7 Day Money Roadmap:\nhttps://whiteboardfinance.com/roadmap\n\nJoin My Private Community:\nwww.wbfuniversity.com\n\nFollow me on:\nInstagram - https://www.instagram.com/whiteboardfinance\n'}, 'country': 'US'}, 'contentDetails': {'relatedPlaylists': {'likes': '', 'uploads': 'UUL_v4tC26PvOFytV1_eEVSg'}}, 'statistics': {'viewCount': '69726050', 'subscriberCount': '1030000', 'hiddenSubscriberCount': False, 'videoCount': '425'}, 'topicDetails': {'topicIds': ['/m/01k8wb', '/m/098wr', '/m/019_rr'], 'topicCategories': ['https://en.wikipedia.org/wiki/Knowledge', 'https://en.wikipedia.org/wiki/Society', 'https://en.wikipedia.org/wiki/Lifestyle_(sociology)']}, 'status': {'privacyStatus': 'public', 'isLinked': True, 'longUploadsStatus': 'longUploadsUnspecified', 'madeForKids': False}, 'brandingSettings': {'channel': {'title': 'Marko - WhiteBoard Finance', 'description': 'My mission is to provide my viewers with actionable content that enables them to create financial wealth. My videos are a reflection of my real-world experience as a real estate investor, stock market investor, student of finance, and entrepreneur. \n\nThis channel allows me to share my passion for personal finance, stock market investing, real estate investing, and entrepreneurship. I produce content that I would want to watch, and because of that, I give 100% effort in every video that I make. I also believe in complete transparency and open communication with my audience.\n\nBusiness inquiries - please email:\nsponsorships@whiteboardfinance.com\n\nMy FREE 7 Day Money Roadmap:\nhttps://whiteboardfinance.com/roadmap\n\nJoin My Private Community:\nwww.wbfuniversity.com\n\nFollow me on:\nInstagram - https://www.instagram.com/whiteboardfinance\n', 'unsubscribedTrailer': 'EEP_tyBrFQE', 'country': 'US'}, 'image': {'bannerExternalUrl': 'https://yt3.googleusercontent.com/MtM32Ylg1ppFVTAzJ9qYXu8p-iBExIyLU7uLu7QNpKSUxfzoyHSX3TXzspDFDO6cg1VLtSiY'}}, '_evidence_file': 'evidence/raw_api/channels_20260908T075956_f8c77c54c5d1e2d2.json', '_collected_at_utc': '2026-09-08T07:59:56Z'}",Marko - WhiteBoard Finance My mission is to provide my viewers with actionable content that enables them to create financial wealth. My videos are a reflection of my real-world ,0,0,0,1
UCeLe9gr7c9CsAtFusECY18g,ToonStarterz Doodles,@toonstarterzdoodles,US,79200,96,10064760,104841.25,127.08030303030304,1,0,I draw things. Coherency not guaranteed. business: toonstarterz.business@gmail.com  Support me on Patreon: https://www.patreon.com/ToonStarterz Follow,"{'kind': 'youtube#channel', 'etag': '6XFOERCubmNdukeq4kkm37Qo5uk', 'id': 'UCeLe9gr7c9CsAtFusECY18g', 'snippet': {'title': 'ToonStarterz Doodles', 'description': 'I draw things. Coherency not guaranteed.\nbusiness: toonstarterz.business@gmail.com\n\nSupport me on Patreon: https://www.patreon.com/ToonStarterz\nFollow me on Twitter: https://twitter.com/ToonStarterz\nFollow me on Tumblr: https://toonstarterz.tumblr.com\nFollow me on Instagram: https://www.instagram.com/toonstarterz\n', 'customUrl': '@toonstarterzdoodles', 'publishedAt': '2010-09-06T23:18:31Z', 'thumbnails': {'default': {'url': 'https://yt3.ggpht.com/s5iw6ufhm_8lqn7AeLCX_te9IuJt2T-DndHU3PadUwnISUsL_vuG3Q3EVlWfIpdZenrkKJUQqg=s88-c-k-c0x00ffffff-no-rj', 'width': 88, 'height': 88}, 'medium': {'url': 'https://yt3.ggpht.com/s5iw6ufhm_8lqn7AeLCX_te9IuJt2T-DndHU3PadUwnISUsL_vuG3Q3EVlWfIpdZenrkKJUQqg=s240-c-k-c0x00ffffff-no-rj', 'width': 240, 'height': 240}, 'high': {'url': 'https://yt3.ggpht.com/s5iw6ufhm_8lqn7AeLCX_te9IuJt2T-DndHU3PadUwnISUsL_vuG3Q3EVlWfIpdZenrkKJUQqg=s800-c-k-c0x00ffffff-no-rj', 'width': 800, 'height': 800}}, 'localized': {'title': 'ToonStarterz Doodles', 'description': 'I draw things. Coherency not guaranteed.\nbusiness: toonstarterz.business@gmail.com\n\nSupport me on Patreon: https://www.patreon.com/ToonStarterz\nFollow me on Twitter: https://twitter.com/ToonStarterz\nFollow me on Tumblr: https://toonstarterz.tumblr.com\nFollow me on Instagram: https://www.instagram.com/toonstarterz\n'}, 'country': 'US'}, 'contentDetails': {'relatedPlaylists': {'likes': '', 'uploads': 'UUeLe9gr7c9CsAtFusECY18g'}}, 'statistics': {'viewCount': '10064760', 'subscriberCount': '79200', 'hiddenSubscriberCount': False, 'videoCount': '96'}, 'topicDetails': {'topicIds': ['/m/02jjt', '/m/02vxn'], 'topicCategories': ['https://en.wikipedia.org/wiki/Entertainment', 'https://en.wikipedia.org/wiki/Film']}, 'status': {'privacyStatus': 'public', 'isLinked': True, 'longUploadsStatus': 'longUploadsUnspecified'}, 'brandingSettings': {'channel': {'title': 'ToonStarterz Doodles', 'description': 'I draw things. Coherency not guaranteed.\nbusiness: toonstarterz.business@gmail.com\n\nSupport me on Patreon: https://www.patreon.com/ToonStarterz\nFollow me on Twitter: https://twitter.com/ToonStarterz\nFollow me on Tumblr: https://toonstarterz.tumblr.com\nFollow me on Instagram: https://www.instagram.com/toonstarterz\n', 'country': 'US'}, 'image': {'bannerExternalUrl': 'https://yt3.googleusercontent.com/Xsf4zIok7U8C4_M44GriduVHEV9o8cIeopyGITr2ld8YUOL61Dmrr57c0K4-Yf8EFoFFK-YI'}}, '_evidence_file': 'evidence/raw_api/channels_20260908T075956_f8c77c54c5d1e2d2.json', '_collected_at_utc': '2026-09-08T07:59:56Z'}",ToonStarterz Doodles I draw things. Coherency not guaranteed. business: toonstarterz.business@gmail.com  Support me on Patreon: https://www.patreon.com/ToonStarterz Follow,0,0,0,1
UCdL0Zdq18Wrtx5yRLFgiwDA,Wealthboard ,@wealthxboard,,106000,339,15153686,44701.13864306785,142.95930188679245,1,0,This platform is dedicated to providing high-quality financial education and market awareness in a simple and practical way. We share well-researched ,"{'kind': 'youtube#channel', 'etag': 'PPabyfP3o8BC4b5DfhTCoWUsM1Q', 'id': 'UCdL0Zdq18Wrtx5yRLFgiwDA', 'snippet': {'title': 'Wealthboard ', 'description': 'This platform is dedicated to providing high-quality financial education and market awareness in a simple and practical way.\nWe share well-researched and easy-to-understand content on: Stock Market, Crypto Trading, Forex Trading, Investing, Intraday Trading, Options Trading, Technical Analysis, Price Action, Chart Analysis, Smart Money Concepts, and the growing role of Artificial Intelligence (AI) in trading and investing.\nOur goal is to help you understand financial markets, build strong trading skills, and make smarter, data-driven decisions using modern AI tools.\n\nDisclaimer\nAll the content shared on this channel is strictly for educational and informational purposes only.\nThis is not financial or investment advice.\nTrading and investing in stocks, crypto, and forex involve high risk, and losses can occur. Always do your own research or consult a qualified financial advisor before making any investment decisions.\n\nFor business Queries - whiteboard1405@gmail.com', 'customUrl': '@wealthxboard', 'publishedAt': '2025-08-19T03:38:10.120726Z', 'thumbnails': {'default': {'url': 'https://yt3.ggpht.com/OP-dJQ0MZj4pn2Cmz8BO-XxOZ0ZiQgIsBuJvNkEMvLg32XS_zRjZgnKOU-4JRij0MsnoE95_=s88-c-k-c0x00ffffff-no-rj', 'width': 88, 'height': 88}, 'medium': {'url': 'https://yt3.ggpht.com/OP-dJQ0MZj4pn2Cmz8BO-XxOZ0ZiQgIsBuJvNkEMvLg32XS_zRjZgnKOU-4JRij0MsnoE95_=s240-c-k-c0x00ffffff-no-rj', 'width': 240, 'height': 240}, 'high': {'url': 'https://yt3.ggpht.com/OP-dJQ0MZj4pn2Cmz8BO-XxOZ0ZiQgIsBuJvNkEMvLg32XS_zRjZgnKOU-4JRij0MsnoE95_=s800-c-k-c0x00ffffff-no-rj', 'width': 800, 'height': 800}}, 'localized': {'title': 'Wealthboard ', 'description': 'This platform is dedicated to providing high-quality financial education and market awareness in a simple and practical way.\nWe share well-researched and easy-to-understand content on: Stock Market, Crypto Trading, Forex Trading, Investing, Intraday Trading, Options Trading, Technical Analysis, Price Action, Chart Analysis, Smart Money Concepts, and the growing role of Artificial Intelligence (AI) in trading and investing.\nOur goal is to help you understand financial markets, build strong trading skills, and make smarter, data-driven decisions using modern AI tools.\n\nDisclaimer\nAll the content shared on this channel is strictly for educational and informational purposes only.\nThis is not financial or investment advice.\nTrading and investing in stocks, crypto, and forex involve high risk, and losses can occur. Always do your own research or consult a qualified financial advisor before making any investment decisions.\n\nFor business Queries - whiteboard1405@gmail.com'}}, 'contentDetails': {'relatedPlaylists': {'likes': '', 'uploads': 'UUdL0Zdq18Wrtx5yRLFgiwDA'}}, 'statistics': {'viewCount': '15153686', 'subscriberCount': '106000', 'hiddenSubscriberCount': False, 'videoCount': '339'}, 'topicDetails': {'topicIds': ['/m/01k8wb'], 'topicCategories': ['https://en.wikipedia.org/wiki/Knowledge']}, 'status': {'privacyStatus': 'public', 'isLinked': True, 'longUploadsStatus': 'longUploadsUnspecified'}, 'brandingSettings': {'channel': {'title': 'Wealthboard ', 'description': 'This platform is dedicated to providing high-quality financial education and market awareness in a simple and practical way.\nWe share well-researched and easy-to-understand content on: Stock Market, Crypto Trading, Forex Trading, Investing, Intraday Trading, Options Trading, Technical Analysis, Price Action, Chart Analysis, Smart Money Concepts, and the growing role of Artificial Intelligence (AI) in trading and investing.\nOur goal is to help you understand financial markets, build strong trading skills, and make smarter, data-driven decisions using modern AI tools.\n\nDisclaimer\nAll the content shared on this channel is strictly for educational and informational purposes only.\nThis is not financial or investment advice.\nTrading and investing in stocks, crypto, and forex involve high risk, and losses can occur. Always do your own research or consult a qualified financial advisor before making any investment decisions.\n\nFor business Queries - whiteboard1405@gmail.com'}, 'image': {'bannerExternalUrl': 'https://yt3.googleusercontent.com/GePL6HXmbrQkVVyeSXHeGQx6uuuy4lh81rWZlXhGJkntYXLKyHAdq8hqQghcnQvvotF9OxR9_s8'}}, '_evidence_file': 'evidence/raw_api/channels_20260908T075956_f8c77c54c5d1e2d2.json', '_collected_at_utc': '2026-09-08T07:59:56Z'}",Wealthboard  This platform is dedicated to providing high-quality financial education and market awareness in a simple and practical way. We share well-researched ,0,0,0,1
UCEp6ieAXXKrxkPFZIGKHUaA,VideoScribe,@videoscribesparkol,GB,77200,913,8252775,9039.184008762322,106.90123056994818,1,1,VideoScribe is the unique tool for creating engaging animated content to tell your story. Make whiteboard-style animations quickly and easily without ,"{'kind': 'youtube#channel', 'etag': '4WDmPJ5kMG77Vapg1tmllrEDGFI', 'id': 'UCEp6ieAXXKrxkPFZIGKHUaA', 'snippet': {'title': 'VideoScribe', 'description': ""VideoScribe is the unique tool for creating engaging animated content to tell your story. Make whiteboard-style animations quickly and easily without technical training or design know-how. Made by Sparkol.\n\nCreate your own by downloading our 7 day VideoScribe free trial at www.videoscribe.co\n\nVideoScribe is designed to get your message heard. Whether that's in marketing videos, school lessons, key presentations, HR training, explainer videos, flipped classrooms, or social media. The list is endless!"", 'customUrl': '@videoscribesparkol', 'publishedAt': '2011-08-23T11:46:58Z', 'thumbnails': {'default': {'url': 'https://yt3.ggpht.com/ytc/AIdro_mVk35kZjonVKsOGZr-gTpa-VGbt6TH6UvXhi2PMBRu4xY=s88-c-k-c0x00ffffff-no-rj', 'width': 88, 'height': 88}, 'medium': {'url': 'https://yt3.ggpht.com/ytc/AIdro_mVk35kZjonVKsOGZr-gTpa-VGbt6TH6UvXhi2PMBRu4xY=s240-c-k-c0x00ffffff-no-rj', 'width': 240, 'height': 240}, 'high': {'url': 'https://yt3.ggpht.com/ytc/AIdro_mVk35kZjonVKsOGZr-gTpa-VGbt6TH6UvXhi2PMBRu4xY=s800-c-k-c0x00ffffff-no-rj', 'width': 800, 'height': 800}}, 'localized': {'title': 'VideoScribe', 'description': ""VideoScribe is the unique tool for creating engaging animated content to tell your story. Make whiteboard-style animations quickly and easily without technical training or design know-how. Made by Sparkol.\n\nCreate your own by downloading our 7 day VideoScribe free trial at www.videoscribe.co\n\nVideoScribe is designed to get your message heard. Whether that's in marketing videos, school lessons, key presentations, HR training, explainer videos, flipped classrooms, or social media. The list is endless!""}, 'country': 'GB'}, 'contentDetails': {'relatedPlaylists': {'likes': '', 'uploads': 'UUEp6ieAXXKrxkPFZIGKHUaA'}}, 'statistics': {'viewCount': '8252775', 'subscriberCount': '77200', 'hiddenSubscriberCount': False, 'videoCount': '913'}, 'topicDetails': {'topicIds': ['/m/03glg', '/m/02jjt', '/m/019_rr', '/m/02vxn'], 'topicCategories': ['https://en.wikipedia.org/wiki/Hobby', 'https://en.wikipedia.org/wiki/Entertainment', 'https://en.wikipedia.org/wiki/Lifestyle_(sociology)', 'https://en.wikipedia.org/wiki/Film']}, 'status': {'privacyStatus': 'public', 'isLinked': True, 'longUploadsStatus': 'longUploadsUnspecified'}, 'brandingSettings': {'channel': {'title': 'VideoScribe', 'description': ""VideoScribe is the unique tool for creating engaging animated content to tell your story. Make whiteboard-style animations quickly and easily without technical training or design know-how. Made by Sparkol.\n\nCreate your own by downloading our 7 day VideoScribe free trial at www.videoscribe.co\n\nVideoScribe is designed to get your message heard. Whether that's in marketing videos, school lessons, key presentations, HR training, explainer videos, flipped classrooms, or social media. The list is endless!"", 'keywords': '""video scribe"" videoscribe sparkol ""sparkle presentation"" story message business drawing ""scribing pen"" ""handdrawn drawn hand"" animation ""whiteboard animation"" ""Explainer video"" ""Whiteboard Video"" Storytelling ""visual storytelling"" poetry ""animation creation"" ""animation tool"" ""video creation"" ""video tool"" ""animation software"" ""video software"" ""video marketing"" video', 'trackingAnalyticsAccountId': 'UA-16232531-25', 'unsubscribedTrailer': '34BlrqgoNBU', 'country': 'GB'}, 'image': {'bannerExternalUrl': 'https://yt3.googleusercontent.com/yJA4E1pYxlnyW7SrRVryxk7V7cvuoXiJtgZtOZY3b-Dt8du34uczUQUCTUlUt7lqyWQf8Fnqs1c'}}, '_evidence_file': 'evidence/raw_api/channels_20260908T075957_a29654be747e6a6c.json', '_collected_at_utc': '2026-09-08T07:59:57Z'}",VideoScribe VideoScribe is the unique tool for creating engaging animated content to tell your story. Make whiteboard-style animations quickly and easily without ,0,0,0,0
UCFoDbd-bp5bXr8AJIwF9B7g,Illustrated Theology,@illustrated_theology,BR,137000,204,11428404,56021.58823529412,83.41900729927008,1,0,"My name is William Ximenes, a missionary serving in one of the poorest regions of Brazil. I created this channel with the purpose of making it possibl","{'kind': 'youtube#channel', 'etag': '4-cDT6XdC2unCzW9icmYAfBhTaY', 'id': 'UCFoDbd-bp5bXr8AJIwF9B7g', 'snippet': {'title': 'Illustrated Theology', 'description': ""My name is William Ximenes, a missionary serving in one of the poorest regions of Brazil. I created this channel with the purpose of making it possible to continue the missionary work I carry out. By watching the videos, sharing them, liking, or purchasing my materials, you are directly contributing to the advancement of this project. Welcome, and may God's blessings be upon your life."", 'customUrl': '@illustrated_theology', 'publishedAt': '2023-08-04T17:26:19.251238Z', 'thumbnails': {'default': {'url': 'https://yt3.ggpht.com/GfAJ09Jrq3x7U57vS7w7WVzN91eNVAIllCrEcPerWKHv5us1qwNxkXJRzWAGdlAdmKUdb4ktOg=s88-c-k-c0x00ffffff-no-rj', 'width': 88, 'height': 88}, 'medium': {'url': 'https://yt3.ggpht.com/GfAJ09Jrq3x7U57vS7w7WVzN91eNVAIllCrEcPerWKHv5us1qwNxkXJRzWAGdlAdmKUdb4ktOg=s240-c-k-c0x00ffffff-no-rj', 'width': 240, 'height': 240}, 'high': {'url': 'https://yt3.ggpht.com/GfAJ09Jrq3x7U57vS7w7WVzN91eNVAIllCrEcPerWKHv5us1qwNxkXJRzWAGdlAdmKUdb4ktOg=s800-c-k-c0x00ffffff-no-rj', 'width': 800, 'height': 800}}, 'localized': {'title': 'Illustrated Theology', 'description': ""My name is William Ximenes, a missionary serving in one of the poorest regions of Brazil. I created this channel with the purpose of making it possible to continue the missionary work I carry out. By watching the videos, sharing them, liking, or purchasing my materials, you are directly contributing to the advancement of this project. Welcome, and may God's blessings be upon your life.""}, 'country': 'BR'}, 'contentDetails': {'relatedPlaylists': {'likes': '', 'uploads': 'UUFoDbd-bp5bXr8AJIwF9B7g'}}, 'statistics': {'viewCount': '11428404', 'subscriberCount': '137000', 'hiddenSubscriberCount': False, 'videoCount': '204'}, 'topicDetails': {'topicIds': ['/m/098wr', '/m/06bvp'], 'topicCategories': ['https://en.wikipedia.org/wiki/Society', 'https://en.wikipedia.org/wiki/Religion']}, 'status': {'privacyStatus': 'public', 'isLinked': True, 'longUploadsStatus': 'longUploadsUnspecified', 'madeForKids': False}, 'brandingSettings': {'channel': {'title': 'Illustrated Theology', 'description': ""My name is William Ximenes, a missionary serving in one of the poorest regions of Brazil. I created this channel with the purpose of making it possible to continue the missionary work I carry out. By watching the videos, sharing them, liking, or purchasing my materials, you are directly contributing to the advancement of this project. Welcome, and may God's blessings be upon your life."", 'keywords': 'theology ""jesus christ"" theologians gospel worship', 'country': 'BR'}, 'image': {'bannerExternalUrl': 'https://yt3.googleusercontent.com/pSQVN3DkTP9gZ6o0pi7ZTIkPnxZNE1zoPVtEPXfPTTHUAGpPjJb7wewKAHSwQZpnSgIVuJ-YoA'}}, '_evidence_file': 'evidence/raw_api/channels_20260908T075957_a29654be747e6a6c.json', '_collected_at_utc': '2026-09-08T07:59:57Z'}","Illustrated Theology My name is William Ximenes, a missionary serving in one of the poorest regions of Brazil. I created this channel with the purpose of making it possibl",0,0,0,0
UC0naFmQzU8GtFEZiTkBqaSg,Doodly Official,@doodlyofficial6033,US,55600,511,1993414,3901.005870841487,35.852769784172665,1,1,"Welcome to the official Doodly Software Youtube Channel! On this channel, you can expect in-depth tutorials, creative presentations, and awesome examp","{'kind': 'youtube#channel', 'etag': 'S6h13ZgZjx2LYGrazbIUVjoOIss', 'id': 'UC0naFmQzU8GtFEZiTkBqaSg', 'snippet': {'title': 'Doodly Official', 'description': 'Welcome to the official Doodly Software Youtube Channel! On this channel, you can expect in-depth tutorials, creative presentations, and awesome examples on creating different types of whiteboard animation style videos. Whether you are a total beginner or a video animation pro, we have content to help you!\n\nAt Doodly, we pride ourselves on being the simplest drag and drop doodle video creator. You can create your own whiteboard animation video in as little as 60 seconds. Our software has a vast array of backgrounds, styles, images, sounds, and tracks to help you put together an awesome presentation. Whether it’s for YouTube, the classroom, a corporate setting, or just for fun, you will love creating with our software.\n', 'customUrl': '@doodlyofficial6033', 'publishedAt': '2019-05-21T18:15:07Z', 'thumbnails': {'default': {'url': 'https://yt3.ggpht.com/ytc/AIdro_mpRxHfEuEqjlUFxgjmYFccU4yburFCo8OzbxAtbHUAIg=s88-c-k-c0x00ffffff-no-rj', 'width': 88, 'height': 88}, 'medium': {'url': 'https://yt3.ggpht.com/ytc/AIdro_mpRxHfEuEqjlUFxgjmYFccU4yburFCo8OzbxAtbHUAIg=s240-c-k-c0x00ffffff-no-rj', 'width': 240, 'height': 240}, 'high': {'url': 'https://yt3.ggpht.com/ytc/AIdro_mpRxHfEuEqjlUFxgjmYFccU4yburFCo8OzbxAtbHUAIg=s800-c-k-c0x00ffffff-no-rj', 'width': 800, 'height': 800}}, 'localized': {'title': 'Doodly Official', 'description': 'Welcome to the official Doodly Software Youtube Channel! On this channel, you can expect in-depth tutorials, creative presentations, and awesome examples on creating different types of whiteboard animation style videos. Whether you are a total beginner or a video animation pro, we have content to help you!\n\nAt Doodly, we pride ourselves on being the simplest drag and drop doodle video creator. You can create your own whiteboard animation video in as little as 60 seconds. Our software has a vast array of backgrounds, styles, images, sounds, and tracks to help you put together an awesome presentation. Whether it’s for YouTube, the classroom, a corporate setting, or just for fun, you will love creating with our software.\n'}, 'country': 'US'}, 'contentDetails': {'relatedPlaylists': {'likes': '', 'uploads': 'UU0naFmQzU8GtFEZiTkBqaSg'}}, 'statistics': {'viewCount': '1993414', 'subscriberCount': '55600', 'hiddenSubscriberCount': False, 'videoCount': '511'}, 'topicDetails': {'topicIds': ['/m/03glg', '/m/01k8wb', '/m/019_rr', '/m/07c1v'], 'topicCategories': ['https://en.wikipedia.org/wiki/Hobby', 'https://en.wikipedia.org/wiki/Knowledge', 'https://en.wikipedia.org/wiki/Lifestyle_(sociology)', 'https://en.wikipedia.org/wiki/Technology']}, 'status': {'privacyStatus': 'public', 'isLinked': True, 'longUploadsStatus': 'longUploadsUnspecified', 'madeForKids': False}, 'brandingSettings': {'channel': {'title': 'Doodly Official', 'description': 'Welcome to the official Doodly Software Youtube Channel! On this channel, you can expect in-depth tutorials, creative presentations, and awesome examples on creating different types of whiteboard animation style videos. Whether you are a total beginner or a video animation pro, we have content to help you!\n\nAt Doodly, we pride ourselves on being the simplest drag and drop doodle video creator. You can create your own whiteboard animation video in as little as 60 seconds. Our software has a vast array of backgrounds, styles, images, sounds, and tracks to help you put together an awesome presentation. Whether it’s for YouTube, the classroom, a corporate setting, or just for fun, you will love creating with our software.\n', 'country': 'US'}, 'image': {'bannerExternalUrl': 'https://yt3.googleusercontent.com/gX1qGVhrhWkl7aU6uEts4GWozj-UR6cJqa8HkkbD_lkT01vjNkFpc66QLk2vEpdgmnvqm6Kv'}}, '_evidence_file': 'evidence/raw_api/channels_20260908T075957_a29654be747e6a6c.json', '_collected_at_utc': '2026-09-08T07:59:57Z'}","Doodly Official Welcome to the official Doodly Software Youtube Channel! On this channel, you can expect in-depth tutorials, creative presentations, and awesome examp",0,0,0,0
UCo0kJ_izJzH8lur8_MywZBw,One Pencil drawing,@onepencildrawing,EG,1040000,526,40326840,76666.99619771863,38.775807692307694,1,0,"Welcome to One Pencil Drawing! 🎨  Here, you'll learn how to master realistic pencil drawing, create stunning portrait sketches, and draw faces with si","{'kind': 'youtube#channel', 'etag': 'IrgyDHYeKtv3-v39Ak8fBCOfqVg', 'id': 'UCo0kJ_izJzH8lur8_MywZBw', 'snippet': {'title': 'One Pencil drawing', 'description': ""Welcome to One Pencil Drawing! 🎨\n\nHere, you'll learn how to master realistic pencil drawing, create stunning portrait sketches, and draw faces with simple techniques.\n\nI teach the famous Loomis method in an easy, step-by-step way perfect for beginners and intermediate artists.\n\nDiscover how to draw realistic faces, sketch portraits with only one pencil, and improve your pencil sketching skills with every lesson.\n\nWhether you're looking for drawing tutorials for beginners, easy pencil portraits, or want to understand the Loomis method for drawing heads, this channel is for you.\n\nPerfect for artists from the United States, Canada, United Kingdom, Germany, France, and Spain who want to level up their art!\n\n🎯 Subscribe now and start your artistic journey with simple, powerful techniques!\n\n#OnePencilDrawing #PencilSketch #PortraitDrawing #LoomisMethod #DrawingTutorial #RealisticDrawing #HowToDrawFaces #BeginnerDrawing #ArtTips #EasyDrawing\n\n\n"", 'customUrl': '@onepencildrawing', 'publishedAt': '2018-10-03T13:29:23Z', 'thumbnails': {'default': {'url': 'https://yt3.ggpht.com/lKL6CHzaPs8n4L0BhpYbvqdGhMnTZ4336tGjmjabOOXrBZD58wT9PIXZ8i2IB3cl-5RKaliEQNk=s88-c-k-c0x00ffffff-no-rj', 'width': 88, 'height': 88}, 'medium': {'url': 'https://yt3.ggpht.com/lKL6CHzaPs8n4L0BhpYbvqdGhMnTZ4336tGjmjabOOXrBZD58wT9PIXZ8i2IB3cl-5RKaliEQNk=s240-c-k-c0x00ffffff-no-rj', 'width': 240, 'height': 240}, 'high': {'url': 'https://yt3.ggpht.com/lKL6CHzaPs8n4L0BhpYbvqdGhMnTZ4336tGjmjabOOXrBZD58wT9PIXZ8i2IB3cl-5RKaliEQNk=s800-c-k-c0x00ffffff-no-rj', 'width': 800, 'height': 800}}, 'defaultLanguage': 'en', 'localized': {'title': 'One Pencil drawing', 'description': ""Welcome to One Pencil Drawing! 🎨\n\nHere, you'll learn how to master realistic pencil drawing, create stunning portrait sketches, and draw faces with simple techniques.\n\nI teach the famous Loomis method in an easy, step-by-step way perfect for beginners and intermediate artists.\n\nDiscover how to draw realistic faces, sketch portraits with only one pencil, and improve your pencil sketching skills with every lesson.\n\nWhether you're looking for drawing tutorials for beginners, easy pencil portraits, or want to understand the Loomis method for drawing heads, this channel is for you.\n\nPerfect for artists from the United States, Canada, United Kingdom, Germany, France, and Spain who want to level up their art!\n\n🎯 Subscribe now and start your artistic journey with simple, powerful techniques!\n\n#OnePencilDrawing #PencilSketch #PortraitDrawing #LoomisMethod #DrawingTutorial #RealisticDrawing #HowToDrawFaces #BeginnerDrawing #ArtTips #EasyDrawing\n\n\n""}, 'country': 'EG'}, 'contentDetails': {'relatedPlaylists': {'likes': '', 'uploads': 'UUo0kJ_izJzH8lur8_MywZBw'}}, 'statistics': {'viewCount': '40326840', 'subscriberCount': '1040000', 'hiddenSubscriberCount': False, 'videoCount': '526'}, 'topicDetails': {'topicIds': ['/m/019_rr', '/m/03glg'], 'topicCategories': ['https://en.wikipedia.org/wiki/Lifestyle_(sociology)', 'https://en.wikipedia.org/wiki/Hobby']}, 'status': {'privacyStatus': 'public', 'isLinked': True, 'longUploadsStatus': 'longUploadsUnspecified', 'madeForKids': False}, 'brandingSettings': {'channel': {'title': 'One Pencil drawing', 'description': ""Welcome to One Pencil Drawing! 🎨\n\nHere, you'll learn how to master realistic pencil drawing, create stunning portrait sketches, and draw faces with simple techniques.\n\nI teach the famous Loomis method in an easy, step-by-step way perfect for beginners and intermediate artists.\n\nDiscover how to draw realistic faces, sketch portraits with only one pencil, and improve your pencil sketching skills with every lesson.\n\nWhether you're looking for drawing tutorials for beginners, easy pencil portraits, or want to understand the Loomis method for drawing heads, this channel is for you.\n\nPerfect for artists from the United States, Canada, United Kingdom, Germany, France, and Spain who want to level up their art!\n\n🎯 Subscribe now and start your artistic journey with simple, powerful techniques!\n\n#OnePencilDrawing #PencilSketch #PortraitDrawing #LoomisMethod #DrawingTutorial #RealisticDrawing #HowToDrawFaces #BeginnerDrawing #ArtTips #EasyDrawing\n\n\n"", 'keywords': '""Loomis method"" ""How to draw faces"" ""Portrait drawing tutorial"" ""Realistic pencil drawing"" ""Face drawing step by step"" ""Loomis portrait drawing"" ""Drawing tutorial for beginners"" ""How to draw realistic portraits"" ""Pencil shading tutorial"" ""Face proportions drawing"" ""Step by step portrait"" ""Portrait sketching techniques"" ""One pencil drawing"" ""Head drawing tutorial"" ""Beginner pencil sketch"" ""Realistic face drawing"" ""Pencil sketch tutorial"" ""How to draw"" ""drawing tutorial"" ""face drawing"" draw art', 'unsubscribedTrailer': 'IB7-59u489Q', 'defaultLanguage': 'en', 'country': 'EG'}, 'image': {'bannerExternalUrl': 'https://yt3.googleusercontent.com/0uTAWd266Ct-gB2fvsBYXt3u22STCn_Bq5QoJsePLNCgt9IHEz4mPKn5UP6d5ub2IS_O5TIj2Q'}}, '_evidence_file': 'evidence/raw_api/channels_20260908T075957_aede7c4514205126.json', '_collected_at_utc': '2026-09-08T07:59:57Z'}","One Pencil drawing Welcome to One Pencil Drawing! 🎨  Here, you'll learn how to master realistic pencil drawing, create stunning portrait sketches, and draw faces with si",0,0,0,1
UC8zu2OozCIfLIoDyCQmlHhA,Huta Chan,@hutachan,US,3130000,708,892052729,1259961.481638418,285.000871884984,1,0,"🎨Watercolor Illustrator/Graphic Designer  ⚠️Don’t redraw, trace my works or re-upload my videos.  📩Contact: hopthuhutachan@gmail.com  ❤️Please follow ","{'kind': 'youtube#channel', 'etag': 'CiAQCGNrrBd-R_wNrwl8xFiVHrM', 'id': 'UC8zu2OozCIfLIoDyCQmlHhA', 'snippet': {'title': 'Huta Chan', 'description': '🎨Watercolor Illustrator/Graphic Designer\n\n⚠️Don’t redraw, trace my works or re-upload my videos.\n\n📩Contact: hopthuhutachan@gmail.com\n\n❤️Please follow me on:\n- Facebook: Huta Chan Art Drawing\n- Instagram: @hutachan96\n- Tiktok: Huta Chan\n', 'customUrl': '@hutachan', 'publishedAt': '2019-07-01T09:19:16Z', 'thumbnails': {'default': {'url': 'https://yt3.ggpht.com/ytc/AIdro_kjP5FizP3jFyyt5Ojbvc6GAm2W680iqMtpIBhCDbOi808=s88-c-k-c0x00ffffff-no-rj', 'width': 88, 'height': 88}, 'medium': {'url': 'https://yt3.ggpht.com/ytc/AIdro_kjP5FizP3jFyyt5Ojbvc6GAm2W680iqMtpIBhCDbOi808=s240-c-k-c0x00ffffff-no-rj', 'width': 240, 'height': 240}, 'high': {'url': 'https://yt3.ggpht.com/ytc/AIdro_kjP5FizP3jFyyt5Ojbvc6GAm2W680iqMtpIBhCDbOi808=s800-c-k-c0x00ffffff-no-rj', 'width': 800, 'height': 800}}, 'localized': {'title': 'Huta Chan', 'description': '🎨Watercolor Illustrator/Graphic Designer\n\n⚠️Don’t redraw, trace my works or re-upload my videos.\n\n📩Contact: hopthuhutachan@gmail.com\n\n❤️Please follow me on:\n- Facebook: Huta Chan Art Drawing\n- Instagram: @hutachan96\n- Tiktok: Huta Chan\n'}, 'country': 'US'}, 'contentDetails': {'relatedPlaylists': {'likes': '', 'uploads': 'UU8zu2OozCIfLIoDyCQmlHhA'}}, 'statistics': {'viewCount': '892052729', 'subscriberCount': '3130000', 'hiddenSubscriberCount': False, 'videoCount': '708'}, 'topicDetails': {'topicIds': ['/m/019_rr', '/m/03glg'], 'topicCategories': ['https://en.wikipedia.org/wiki/Lifestyle_(sociology)', 'https://en.wikipedia.org/wiki/Hobby']}, 'status': {'privacyStatus': 'public', 'isLinked': True, 'longUploadsStatus': 'longUploadsUnspecified', 'madeForKids': False}, 'brandingSettings': {'channel': {'title': 'Huta Chan', 'description': '🎨Watercolor Illustrator/Graphic Designer\n\n⚠️Don’t redraw, trace my works or re-upload my videos.\n\n📩Contact: hopthuhutachan@gmail.com\n\n❤️Please follow me on:\n- Facebook: Huta Chan Art Drawing\n- Instagram: @hutachan96\n- Tiktok: Huta Chan\n', 'keywords': '""Huta Art"" watercolor redraw ""huta chan 96"" drawing ""after before"" draw ""how to draw"" watercolour painting paint art ""Huta chan"" huta howtodraw drawing ""easy draw"" ""học vẽ"" ""vẽ tranh"" Shorts ""than and now"" ""semi realistic style"" ""drawing tutorials"" ""hội họa"" ""vẽ màu nước"" anime flipbook sketch fanart ""vẽ tranh""', 'trackingAnalyticsAccountId': 'UA-143261196-1', 'unsubscribedTrailer': 'Gc1Z11SKf0I', 'country': 'US'}, 'image': {'bannerExternalUrl': 'https://yt3.googleusercontent.com/mzdwAAQF4mbm8jDO8KlP8GjcB6PceVzvOqTmc1DjJaZQtwO9rdPhxKB1P5J2Va_QEGor4rU02Xw'}}, '_evidence_file': 'evidence/raw_api/channels_20260908T075957_aede7c4514205126.json', '_collected_at_utc': '2026-09-08T07:59:57Z'}","Huta Chan 🎨Watercolor Illustrator/Graphic Designer  ⚠️Don’t redraw, trace my works or re-upload my videos.  📩Contact: hopthuhutachan@gmail.com  ❤️Please follow ",0,0,0,0
UCbankswkN26UTMJswHZyfsQ,Neal Illustrator,@nealillustrator,,573000,129,99630536,772329.7364341086,173.8752809773124,1,1,Heyo! It's Neal. I enjoy spending my free time listening to music and planning animatics in my head,"{'kind': 'youtube#channel', 'etag': 'iDwgrqTbTvg2L1P4nWtmw904tAI', 'id': 'UCbankswkN26UTMJswHZyfsQ', 'snippet': {'title': 'Neal Illustrator', 'description': ""Heyo! It's Neal. I enjoy spending my free time listening to music and planning animatics in my head"", 'customUrl': '@nealillustrator', 'publishedAt': '2018-10-11T00:30:59Z', 'thumbnails': {'default': {'url': 'https://yt3.ggpht.com/mynSVsvYcywNIcbnadHh999e8Lns4dT8fZdcEKcAq4GkHHySNQTrhiYeyv5DNJ9OsYDKsizstFY=s88-c-k-c0x00ffffff-no-rj', 'width': 88, 'height': 88}, 'medium': {'url': 'https://yt3.ggpht.com/mynSVsvYcywNIcbnadHh999e8Lns4dT8fZdcEKcAq4GkHHySNQTrhiYeyv5DNJ9OsYDKsizstFY=s240-c-k-c0x00ffffff-no-rj', 'width': 240, 'height': 240}, 'high': {'url': 'https://yt3.ggpht.com/mynSVsvYcywNIcbnadHh999e8Lns4dT8fZdcEKcAq4GkHHySNQTrhiYeyv5DNJ9OsYDKsizstFY=s800-c-k-c0x00ffffff-no-rj', 'width': 800, 'height': 800}}, 'localized': {'title': 'Neal Illustrator', 'description': ""Heyo! It's Neal. I enjoy spending my free time listening to music and planning animatics in my head""}}, 'contentDetails': {'relatedPlaylists': {'likes': '', 'uploads': 'UUbankswkN26UTMJswHZyfsQ'}}, 'statistics': {'viewCount': '99630536', 'subscriberCount': '573000', 'hiddenSubscriberCount': False, 'videoCount': '129'}, 'topicDetails': {'topicIds': ['/m/03glg', '/m/02vxn', '/m/02jjt', '/m/019_rr'], 'topicCategories': ['https://en.wikipedia.org/wiki/Hobby', 'https://en.wikipedia.org/wiki/Film', 'https://en.wikipedia.org/wiki/Entertainment', 'https://en.wikipedia.org/wiki/Lifestyle_(sociology)']}, 'status': {'privacyStatus': 'public', 'isLinked': True, 'longUploadsStatus': 'longUploadsUnspecified'}, 'brandingSettings': {'channel': {'title': 'Neal Illustrator', 'description': ""Heyo! It's Neal. I enjoy spending my free time listening to music and planning animatics in my head""}, 'image': {'bannerExternalUrl': 'https://yt3.googleusercontent.com/Nhc1TPMyjcXG0jv75OmjaW-pzFnzsbI27WWnOeIWjd0h99gS1zixzdIf0XiPTPWySo-rCn7L2dI'}}, '_evidence_file': 'evidence/raw_api/channels_20260908T075957_aede7c4514205126.json', '_collected_at_utc': '2026-09-08T07:59:57Z'}",Neal Illustrator Heyo! It's Neal. I enjoy spending my free time listening to music and planning animatics in my head,0,0,0,0
UC03z0XlBx2ZSyKIFef_Rq8Q,Sparkle Drawz,@sparkledrawz,,561000,286,106602827,372737.1573426573,190.0228645276292,1,0,Hey there! I’m ✨ Sparkle! ✨ Just a girl who loves art and can’t wait to unlock the amazing world of creativity with you!  On this channel you’ll find ,"{'kind': 'youtube#channel', 'etag': 'xyCZptL_JCRcRbil9LR3T-23Hcw', 'id': 'UC03z0XlBx2ZSyKIFef_Rq8Q', 'snippet': {'title': 'Sparkle Drawz', 'description': ""Hey there! I’m ✨ Sparkle! ✨ Just a girl who loves art and can’t wait to unlock the amazing world of creativity with you! \nOn this channel you’ll find me reviewing art supplies, trying out art challenges, drawing in my sketchbook, making art vlogs, exploring my art style and more! \n\nI make lots of drawings and paintings with markers, pencils, watercolours, gouache and a bunch more art supplies! There’ll be new magical videos coming out all the time! \n \n🌸 {Email} 🌸\n~ sparkledrawz10@gmail.com\n(for fan art/business enquires)\n\n🌸 {Offical Accounts} 🌸\n~ YouTube: Sparkle Drawz (@SparkleDrawz)\n~ YouTube: Sparkle Drawz Shorts (@SparkleDrawzShorts)\n~ Instagram: @sparkle.drawz\n~ Pinterest username: sparkledrawz\n\n🌸{Subscriber Milestones}🌸\n100 ~ 05/09/2021 \n1000 ~ 15/05/2022\n10,000 ~ 01/11/2022\n50,000 ~ 13/02/2023\n100,000 ~ 04/11/2023\n200,000 ~ 04/02/2024\n300,000 ~ 18/05/2024\n500,000 ~ 30/09/2025\n1,000,000 ~ a dream come true!\n\nConsider subscribing if you’d like to! It'd mean a lot ⭐️"", 'customUrl': '@sparkledrawz', 'publishedAt': '2021-07-07T06:39:31.77474Z', 'thumbnails': {'default': {'url': 'https://yt3.ggpht.com/vsVZbHytkUQ3bcg5T08oDMKt0PzCykzIIXxsBr1Z_LvwYM3lw1iahz277SFO_F3dZMnDpxxrUA=s88-c-k-c0x00ffffff-no-rj', 'width': 88, 'height': 88}, 'medium': {'url': 'https://yt3.ggpht.com/vsVZbHytkUQ3bcg5T08oDMKt0PzCykzIIXxsBr1Z_LvwYM3lw1iahz277SFO_F3dZMnDpxxrUA=s240-c-k-c0x00ffffff-no-rj', 'width': 240, 'height': 240}, 'high': {'url': 'https://yt3.ggpht.com/vsVZbHytkUQ3bcg5T08oDMKt0PzCykzIIXxsBr1Z_LvwYM3lw1iahz277SFO_F3dZMnDpxxrUA=s800-c-k-c0x00ffffff-no-rj', 'width': 800, 'height': 800}}, 'localized': {'title': 'Sparkle Drawz', 'description': ""Hey there! I’m ✨ Sparkle! ✨ Just a girl who loves art and can’t wait to unlock the amazing world of creativity with you! \nOn this channel you’ll find me reviewing art supplies, trying out art challenges, drawing in my sketchbook, making art vlogs, exploring my art style and more! \n\nI make lots of drawings and paintings with markers, pencils, watercolours, gouache and a bunch more art supplies! There’ll be new magical videos coming out all the time! \n \n🌸 {Email} 🌸\n~ sparkledrawz10@gmail.com\n(for fan art/business enquires)\n\n🌸 {Offical Accounts} 🌸\n~ YouTube: Sparkle Drawz (@SparkleDrawz)\n~ YouTube: Sparkle Drawz Shorts (@SparkleDrawzShorts)\n~ Instagram: @sparkle.drawz\n~ Pinterest username: sparkledrawz\n\n🌸{Subscriber Milestones}🌸\n100 ~ 05/09/2021 \n1000 ~ 15/05/2022\n10,000 ~ 01/11/2022\n50,000 ~ 13/02/2023\n100,000 ~ 04/11/2023\n200,000 ~ 04/02/2024\n300,000 ~ 18/05/2024\n500,000 ~ 30/09/2025\n1,000,000 ~ a dream come true!\n\nConsider subscribing if you’d like to! It'd mean a lot ⭐️""}}, 'contentDetails': {'relatedPlaylists': {'likes': '', 'uploads': 'UU03z0XlBx2ZSyKIFef_Rq8Q'}}, 'statistics': {'viewCount': '106602827', 'subscriberCount': '561000', 'hiddenSubscriberCount': False, 'videoCount': '286'}, 'topicDetails': {'topicIds': ['/m/019_rr', '/m/03glg'], 'topicCategories': ['https://en.wikipedia.org/wiki/Lifestyle_(sociology)', 'https://en.wikipedia.org/wiki/Hobby']}, 'status': {'privacyStatus': 'public', 'isLinked': True, 'longUploadsStatus': 'longUploadsUnspecified', 'madeForKids': False}, 'brandingSettings': {'channel': {'title': 'Sparkle Drawz', 'description': ""Hey there! I’m ✨ Sparkle! ✨ Just a girl who loves art and can’t wait to unlock the amazing world of creativity with you! \nOn this channel you’ll find me reviewing art supplies, trying out art challenges, drawing in my sketchbook, making art vlogs, exploring my art style and more! \n\nI make lots of drawings and paintings with markers, pencils, watercolours, gouache and a bunch more art supplies! There’ll be new magical videos coming out all the time! \n \n🌸 {Email} 🌸\n~ sparkledrawz10@gmail.com\n(for fan art/business enquires)\n\n🌸 {Offical Accounts} 🌸\n~ YouTube: Sparkle Drawz (@SparkleDrawz)\n~ YouTube: Sparkle Drawz Shorts (@SparkleDrawzShorts)\n~ Instagram: @sparkle.drawz\n~ Pinterest username: sparkledrawz\n\n🌸{Subscriber Milestones}🌸\n100 ~ 05/09/2021 \n1000 ~ 15/05/2022\n10,000 ~ 01/11/2022\n50,000 ~ 13/02/2023\n100,000 ~ 04/11/2023\n200,000 ~ 04/02/2024\n300,000 ~ 18/05/2024\n500,000 ~ 30/09/2025\n1,000,000 ~ a dream come true!\n\nConsider subscribing if you’d like to! It'd mean a lot ⭐️"", 'unsubscribedTrailer': 'Wy1aJRwpGpY'}, 'image': {'bannerExternalUrl': 'https://yt3.googleusercontent.com/U54WWZjTnMz7wKPoeRqTGZvpwm0ubmbxB3cAATJBkJCKdiE1RhcpB95y24_pUXzDkIwW56frsN4'}}, '_evidence_file': 'evidence/raw_api/channels_20260908T075957_aede7c4514205126.json', '_collected_at_utc': '2026-09-08T07:59:57Z'}",Sparkle Drawz Hey there! I’m ✨ Sparkle! ✨ Just a girl who loves art and can’t wait to unlock the amazing world of creativity with you!  On this channel you’ll find ,0,0,0,0
UCiMhM7xCTT8b5SJRnhpH7Ag,Whiteboard Medicine Emergency And Critical Care,@whiteboardmedicine,US,83900,426,2941918,6905.910798122066,35.064576877234806,1,0,We are WhiteBoard Medicine. We are focused on high yield emergency and critical care medical education content!  Welcome and thanks for checking out t,"{'kind': 'youtube#channel', 'etag': 'm_kUaVwF2zSYRCsJtrP3CT1b_mg', 'id': 'UCiMhM7xCTT8b5SJRnhpH7Ag', 'snippet': {'title': 'Whiteboard Medicine Emergency And Critical Care', 'description': 'We are WhiteBoard Medicine. We are focused on high yield emergency and critical care medical education content!\n\nWelcome and thanks for checking out the page!\n\nPatreon: www.patreon.com/WhiteBoardMedicine\nPodcasts:\nPodBean - https://whiteboardmedicine.podbean.com\nApple - https://podcasts.apple.com/us/podcast/whiteboard-medicine/id1808306430\nSpotify - https://open.spotify.com/show/2PgtF4QpnePOKYUd6RBrqE?si=RnwORi6rQqGRfBpmQ3fg_g\nListen Notes - https://www.listennotes.com/podcasts/whiteboard-medicine-whiteboard-medicine-osU-105r_Y6/?srsltid=AfmBOopY7QsUZLfvSoBV_Aooph-MPgfbXck0T4Fs1Ei5AOUILVkZ3R8J\niHeart - https://www.iheart.com/podcast/1323-whiteboard-medicine-272468908/\n\nWhiteBoard Medicine provides educational content for healthcare professionals and trainees. Content is intended for educational purposes only and should not be used as a substitute for independent clinical judgment. Full disclaimer: https://whiteboardmedicine.com/disclaimer/\n', 'customUrl': '@whiteboardmedicine', 'publishedAt': '2018-07-24T23:33:26Z', 'thumbnails': {'default': {'url': 'https://yt3.ggpht.com/wd7PZa6mtb69iZEiJjDLN1e0LmZdpivy51jBhfl8kyLA8rizklQWi0MowCjFtlfkO9Laz-vVLAc=s88-c-k-c0x00ffffff-no-rj', 'width': 88, 'height': 88}, 'medium': {'url': 'https://yt3.ggpht.com/wd7PZa6mtb69iZEiJjDLN1e0LmZdpivy51jBhfl8kyLA8rizklQWi0MowCjFtlfkO9Laz-vVLAc=s240-c-k-c0x00ffffff-no-rj', 'width': 240, 'height': 240}, 'high': {'url': 'https://yt3.ggpht.com/wd7PZa6mtb69iZEiJjDLN1e0LmZdpivy51jBhfl8kyLA8rizklQWi0MowCjFtlfkO9Laz-vVLAc=s800-c-k-c0x00ffffff-no-rj', 'width': 800, 'height': 800}}, 'localized': {'title': 'Whiteboard Medicine Emergency And Critical Care', 'description': 'We are WhiteBoard Medicine. We are focused on high yield emergency and critical care medical education content!\n\nWelcome and thanks for checking out the page!\n\nPatreon: www.patreon.com/WhiteBoardMedicine\nPodcasts:\nPodBean - https://whiteboardmedicine.podbean.com\nApple - https://podcasts.apple.com/us/podcast/whiteboard-medicine/id1808306430\nSpotify - https://open.spotify.com/show/2PgtF4QpnePOKYUd6RBrqE?si=RnwORi6rQqGRfBpmQ3fg_g\nListen Notes - https://www.listennotes.com/podcasts/whiteboard-medicine-whiteboard-medicine-osU-105r_Y6/?srsltid=AfmBOopY7QsUZLfvSoBV_Aooph-MPgfbXck0T4Fs1Ei5AOUILVkZ3R8J\niHeart - https://www.iheart.com/podcast/1323-whiteboard-medicine-272468908/\n\nWhiteBoard Medicine provides educational content for healthcare professionals and trainees. Content is intended for educational purposes only and should not be used as a substitute for independent clinical judgment. Full disclaimer: https://whiteboardmedicine.com/disclaimer/\n'}, 'country': 'US'}, 'contentDetails': {'relatedPlaylists': {'likes': '', 'uploads': 'UUiMhM7xCTT8b5SJRnhpH7Ag'}}, 'statistics': {'viewCount': '2941918', 'subscriberCount': '83900', 'hiddenSubscriberCount': False, 'videoCount': '426'}, 'topicDetails': {'topicIds': ['/m/01k8wb', '/m/0kt51', '/m/019_rr'], 'topicCategories': ['https://en.wikipedia.org/wiki/Knowledge', 'https://en.wikipedia.org/wiki/Health', 'https://en.wikipedia.org/wiki/Lifestyle_(sociology)']}, 'status': {'privacyStatus': 'public', 'isLinked': True, 'longUploadsStatus': 'longUploadsUnspecified', 'madeForKids': False}, 'brandingSettings': {'channel': {'title': 'Whiteboard Medicine Emergency And Critical Care', 'description': 'We are WhiteBoard Medicine. We are focused on high yield emergency and critical care medical education content!\n\nWelcome and thanks for checking out the page!\n\nPatreon: www.patreon.com/WhiteBoardMedicine\nPodcasts:\nPodBean - https://whiteboardmedicine.podbean.com\nApple - https://podcasts.apple.com/us/podcast/whiteboard-medicine/id1808306430\nSpotify - https://open.spotify.com/show/2PgtF4QpnePOKYUd6RBrqE?si=RnwORi6rQqGRfBpmQ3fg_g\nListen Notes - https://www.listennotes.com/podcasts/whiteboard-medicine-whiteboard-medicine-osU-105r_Y6/?srsltid=AfmBOopY7QsUZLfvSoBV_Aooph-MPgfbXck0T4Fs1Ei5AOUILVkZ3R8J\niHeart - https://www.iheart.com/podcast/1323-whiteboard-medicine-272468908/\n\nWhiteBoard Medicine provides educational content for healthcare professionals and trainees. Content is intended for educational purposes only and should not be used as a substitute for independent clinical judgment. Full disclaimer: https://whiteboardmedicine.com/disclaimer/\n', 'keywords': '""emergency critical care"" ""critical care medicine"" ""ICU education"" ""emergency medicine education"" ""intensive care medicine"" ""bedside critical care"" ""medical education"" ""clinical physiology"" ""mechanical ventilation"" ""ventilator management"" ""ventilator waveforms"" ""spontaneous breathing trials"" ""extubation criteria"" ""ARDS ventilation"" CRRT ""dialysis ICU"" ""septic shock"" vasopressors hemodynamics ""arterial line monitoring"" ""ICU for residents"" ""critical care for medical students"" ""ICU for nurses""', 'country': 'US'}, 'image': {'bannerExternalUrl': 'https://yt3.googleusercontent.com/lJLWU8Vb7WwyT2ElLUPn50HDLlZJPrAveZQTAmzFs8BObskWQn6waagY1Qc5_21OBQ7AbpaEuw'}}, '_evidence_file': 'evidence/raw_api/channels_20260908T075957_ebf82e6b950b8aaf.json', '_collected_at_utc': '2026-09-08T07:59:57Z'}",Whiteboard Medicine Emergency And Critical Care We are WhiteBoard Medicine. We are focused on high yield emergency and critical care medical education content!  Welcome and thanks for checking out t,0,0,0,1
UCfdNM3NAhaBOXCafH7krzrA,The Infographics Show,@theinfographicsshow,US,15500000,6292,6898275790,1096356.6099809282,445.0500509677419,1,1,"Facts are fun, but most are presented in boring and badly edited videos. The Infographics Show focuses on making animated motion infographic videos, m","{'kind': 'youtube#channel', 'etag': 'rxTmCBQGAP-nlzp90-YJptj8wBM', 'id': 'UCfdNM3NAhaBOXCafH7krzrA', 'snippet': {'title': 'The Infographics Show', 'description': 'Facts are fun, but most are presented in boring and badly edited videos. The Infographics Show focuses on making animated motion infographic videos, made in a fun and entertaining way. \n\nSoftware that we use: Adobe Audition for voice recording, Adobe Illustrator for dealing with vectors, and Adobe After Effects for animation. \n\nIf you want to sponsor a video or discuss any other business-related things, you can get our email below.\n\n', 'customUrl': '@theinfographicsshow', 'publishedAt': '2011-02-26T21:19:36Z', 'thumbnails': {'default': {'url': 'https://yt3.ggpht.com/ytc/AIdro_lXfGenrTAobxcy-fKXlzwvp7w2l7IlLOVk0jS7NUZZTGQ=s88-c-k-c0x00ffffff-no-rj', 'width': 88, 'height': 88}, 'medium': {'url': 'https://yt3.ggpht.com/ytc/AIdro_lXfGenrTAobxcy-fKXlzwvp7w2l7IlLOVk0jS7NUZZTGQ=s240-c-k-c0x00ffffff-no-rj', 'width': 240, 'height': 240}, 'high': {'url': 'https://yt3.ggpht.com/ytc/AIdro_lXfGenrTAobxcy-fKXlzwvp7w2l7IlLOVk0jS7NUZZTGQ=s800-c-k-c0x00ffffff-no-rj', 'width': 800, 'height': 800}}, 'defaultLanguage': 'en', 'localized': {'title': 'The Infographics Show', 'description': 'Facts are fun, but most are presented in boring and badly edited videos. The Infographics Show focuses on making animated motion infographic videos, made in a fun and entertaining way. \n\nSoftware that we use: Adobe Audition for voice recording, Adobe Illustrator for dealing with vectors, and Adobe After Effects for animation. \n\nIf you want to sponsor a video or discuss any other business-related things, you can get our email below.\n\n'}, 'country': 'US'}, 'contentDetails': {'relatedPlaylists': {'likes': '', 'uploads': 'UUfdNM3NAhaBOXCafH7krzrA'}}, 'statistics': {'viewCount': '6898275790', 'subscriberCount': '15500000', 'hiddenSubscriberCount': False, 'videoCount': '6292'}, 'topicDetails': {'topicIds': ['/m/01k8wb', '/m/098wr', '/m/07c1v', '/m/019_rr'], 'topicCategories': ['https://en.wikipedia.org/wiki/Knowledge', 'https://en.wikipedia.org/wiki/Society', 'https://en.wikipedia.org/wiki/Technology', 'https://en.wikipedia.org/wiki/Lifestyle_(sociology)']}, 'status': {'privacyStatus': 'public', 'isLinked': True, 'longUploadsStatus': 'longUploadsUnspecified', 'madeForKids': False}, 'brandingSettings': {'channel': {'title': 'The Infographics Show', 'description': 'Facts are fun, but most are presented in boring and badly edited videos. The Infographics Show focuses on making animated motion infographic videos, made in a fun and entertaining way. \n\nSoftware that we use: Adobe Audition for voice recording, Adobe Illustrator for dealing with vectors, and Adobe After Effects for animation. \n\nIf you want to sponsor a video or discuss any other business-related things, you can get our email below.\n\n', 'keywords': 'facts comparison versus vs compare celebrity animation infographic statistics show statistic education fun entertainment funtainment', 'trackingAnalyticsAccountId': 'UA-96758077-1', 'unsubscribedTrailer': 'drPjV8zkYmw', 'defaultLanguage': 'en', 'country': 'US'}, 'image': {'bannerExternalUrl': 'https://yt3.googleusercontent.com/x4JwiKQvjxAcHO6lmaocWq7rg153VeNaUISqcdbuCTy1a47_Vrd7RqCWWY1htLiWWGa0nyiPmQ'}}, '_evidence_file': 'evidence/raw_api/channels_20260908T075957_ebf82e6b950b8aaf.json', '_collected_at_utc': '2026-09-08T07:59:57Z'}","The Infographics Show Facts are fun, but most are presented in boring and badly edited videos. The Infographics Show focuses on making animated motion infographic videos, m",0,0,0,1
UCsXVk37bltHxD1rDPwtNM8Q,Kurzgesagt – In a Nutshell,@kurzgesagt,DE,25500000,386,3837679033,9942173.660621762,150.49721698039215,1,1,"Animation videos explaining things with optimistic nihilism since 12,013.  We’re a team of illustrators, animators, number crunchers and one dog who a","{'kind': 'youtube#channel', 'etag': 'dcYy544j5M8Uhim5xaaedclmiaM', 'id': 'UCsXVk37bltHxD1rDPwtNM8Q', 'snippet': {'title': 'Kurzgesagt – In a Nutshell', 'description': 'Animation videos explaining things with optimistic nihilism since 12,013.\n\nWe’re a team of illustrators, animators, number crunchers and one dog who aim to spark curiosity about science and the world we live in. To us nothing is boring if you tell a good story.\n\nFor updates on our videos and other news from the kurzgesagt universe follow us on Twitter, Facebook, Instagram and LinkedIn.\n', 'customUrl': '@kurzgesagt', 'publishedAt': '2013-07-09T20:17:20Z', 'thumbnails': {'default': {'url': 'https://yt3.ggpht.com/ytc/AIdro_n1Ribd7LwdP_qKtqWL3ZDfIgv9M1d6g78VwpHGXVR2Ir4=s88-c-k-c0x00ffffff-no-rj', 'width': 88, 'height': 88}, 'medium': {'url': 'https://yt3.ggpht.com/ytc/AIdro_n1Ribd7LwdP_qKtqWL3ZDfIgv9M1d6g78VwpHGXVR2Ir4=s240-c-k-c0x00ffffff-no-rj', 'width': 240, 'height': 240}, 'high': {'url': 'https://yt3.ggpht.com/ytc/AIdro_n1Ribd7LwdP_qKtqWL3ZDfIgv9M1d6g78VwpHGXVR2Ir4=s800-c-k-c0x00ffffff-no-rj', 'width': 800, 'height': 800}}, 'localized': {'title': 'Kurzgesagt – In a Nutshell', 'description': 'Animation videos explaining things with optimistic nihilism since 12,013.\n\nWe’re a team of illustrators, animators, number crunchers and one dog who aim to spark curiosity about science and the world we live in. To us nothing is boring if you tell a good story.\n\nFor updates on our videos and other news from the kurzgesagt universe follow us on Twitter, Facebook, Instagram and LinkedIn.\n'}, 'country': 'DE'}, 'contentDetails': {'relatedPlaylists': {'likes': '', 'uploads': 'UUsXVk37bltHxD1rDPwtNM8Q'}}, 'statistics': {'viewCount': '3837679033', 'subscriberCount': '25500000', 'hiddenSubscriberCount': False, 'videoCount': '386'}, 'topicDetails': {'topicIds': ['/m/01k8wb', '/m/0kt51'], 'topicCategories': ['https://en.wikipedia.org/wiki/Knowledge', 'https://en.wikipedia.org/wiki/Health']}, 'status': {'privacyStatus': 'public', 'isLinked': True, 'longUploadsStatus': 'longUploadsUnspecified', 'madeForKids': False}, 'brandingSettings': {'channel': {'title': 'Kurzgesagt – In a Nutshell', 'description': 'Animation videos explaining things with optimistic nihilism since 12,013.\n\nWe’re a team of illustrators, animators, number crunchers and one dog who aim to spark curiosity about science and the world we live in. To us nothing is boring if you tell a good story.\n\nFor updates on our videos and other news from the kurzgesagt universe follow us on Twitter, Facebook, Instagram and LinkedIn.\n', 'keywords': 'Science universe space ""black hole"" life virus climate history education evolution biology humanism', 'unsubscribedTrailer': '_27eD49ePQE', 'country': 'DE'}, 'image': {'bannerExternalUrl': 'https://yt3.googleusercontent.com/8sT9BbnbNORM5aSzSyHDFV_1ItIwaiLq4ctD4aLeMJnLiZYNCr73eN_-0Xrhy5joVL_Ewet5'}}, '_evidence_file': 'evidence/raw_api/channels_20260908T075957_ebf82e6b950b8aaf.json', '_collected_at_utc': '2026-09-08T07:59:57Z'}","Kurzgesagt – In a Nutshell Animation videos explaining things with optimistic nihilism since 12,013.  We’re a team of illustrators, animators, number crunchers and one dog who a",0,0,0,1
UCE2GdTW2WVCHZnqHF5otvgQ,HealthSketch,@healthsketch,GB,128000,44,12789160,290662.7272727273,99.9153125,1,1,"HealthSketch is a project to convey health information in visually engaging ways, through the use of short and simple whiteboard animations. We hope t","{'kind': 'youtube#channel', 'etag': 'JaukKKVgqERmVmo6nSKirLUyddk', 'id': 'UCE2GdTW2WVCHZnqHF5otvgQ', 'snippet': {'title': 'HealthSketch', 'description': 'HealthSketch is a project to convey health information in visually engaging ways, through the use of short and simple whiteboard animations. We hope through our simple yet memorable videos, we can empower us all to lead healthier lives. For more information, please visit:\nWebsite: http://www.health-sketch.com\nEmail: healthsketchinfo@gmail.com\nCreated by Dr Wikum Jayatunga (Public Health) and Dr Samantha Chandrasekera (GP)\nFeaturing animation by Russ Law: https://www.russlaw.co.uk - contact russ@russlaw.co.uk for commercial enquiries. \n', 'customUrl': '@healthsketch', 'publishedAt': '2015-04-27T13:54:19Z', 'thumbnails': {'default': {'url': 'https://yt3.ggpht.com/ytc/AIdro_lNR6bRmxAipx0fBF3sjtD0giSRwA3XQXyd_zdQUjzERg=s88-c-k-c0x00ffffff-no-rj', 'width': 88, 'height': 88}, 'medium': {'url': 'https://yt3.ggpht.com/ytc/AIdro_lNR6bRmxAipx0fBF3sjtD0giSRwA3XQXyd_zdQUjzERg=s240-c-k-c0x00ffffff-no-rj', 'width': 240, 'height': 240}, 'high': {'url': 'https://yt3.ggpht.com/ytc/AIdro_lNR6bRmxAipx0fBF3sjtD0giSRwA3XQXyd_zdQUjzERg=s800-c-k-c0x00ffffff-no-rj', 'width': 800, 'height': 800}}, 'localized': {'title': 'HealthSketch', 'description': 'HealthSketch is a project to convey health information in visually engaging ways, through the use of short and simple whiteboard animations. We hope through our simple yet memorable videos, we can empower us all to lead healthier lives. For more information, please visit:\nWebsite: http://www.health-sketch.com\nEmail: healthsketchinfo@gmail.com\nCreated by Dr Wikum Jayatunga (Public Health) and Dr Samantha Chandrasekera (GP)\nFeaturing animation by Russ Law: https://www.russlaw.co.uk - contact russ@russlaw.co.uk for commercial enquiries. \n'}, 'country': 'GB'}, 'contentDetails': {'relatedPlaylists': {'likes': '', 'uploads': 'UUE2GdTW2WVCHZnqHF5otvgQ'}}, 'statistics': {'viewCount': '12789160', 'subscriberCount': '128000', 'hiddenSubscriberCount': False, 'videoCount': '44'}, 'topicDetails': {'topicIds': ['/m/01k8wb', '/m/0kt51', '/m/019_rr'], 'topicCategories': ['https://en.wikipedia.org/wiki/Knowledge', 'https://en.wikipedia.org/wiki/Health', 'https://en.wikipedia.org/wiki/Lifestyle_(sociology)']}, 'status': {'privacyStatus': 'public', 'isLinked': True, 'longUploadsStatus': 'longUploadsUnspecified', 'madeForKids': False}, 'brandingSettings': {'channel': {'title': 'HealthSketch', 'description': 'HealthSketch is a project to convey health information in visually engaging ways, through the use of short and simple whiteboard animations. We hope through our simple yet memorable videos, we can empower us all to lead healthier lives. For more information, please visit:\nWebsite: http://www.health-sketch.com\nEmail: healthsketchinfo@gmail.com\nCreated by Dr Wikum Jayatunga (Public Health) and Dr Samantha Chandrasekera (GP)\nFeaturing animation by Russ Law: https://www.russlaw.co.uk - contact russ@russlaw.co.uk for commercial enquiries. \n', 'keywords': 'healthsketch health sketch animation whiteboard education', 'unsubscribedTrailer': 'wHa1Hbfv8qA', 'country': 'GB'}, 'image': {'bannerExternalUrl': 'https://yt3.googleusercontent.com/4_iUDVaZ3dhUByUXGQopSAFnlHoMqwNWFdQSxE0WHplLHeysTiy3F4vMroAFIKOSjJGm6M5zYv8'}}, '_evidence_file': 'evidence/raw_api/channels_20260908T075957_ebf82e6b950b8aaf.json', '_collected_at_utc': '2026-09-08T07:59:57Z'}","HealthSketch HealthSketch is a project to convey health information in visually engaging ways, through the use of short and simple whiteboard animations. We hope t",0,0,0,1
UCj4hfQEWcGtF08SLEZCZc5Q,Vindooly,@vindooly,AU,9880000,1927,8793529596,4563326.204462896,890.0333599190284,1,1,If it ain't chocolate milk I don't want it.  IRL: http://youtube.com/@vinRL Animations: http://youtube.com/@Vindoodles Explains: http://youtube.com/@V,"{'kind': 'youtube#channel', 'etag': 'lSIN4_H0mkkfNNcCL3BSYG0KJtc', 'id': 'UCj4hfQEWcGtF08SLEZCZc5Q', 'snippet': {'title': 'Vindooly', 'description': ""If it ain't chocolate milk I don't want it. \nIRL: http://youtube.com/@vinRL\nAnimations: http://youtube.com/@Vindoodles\nExplains: http://youtube.com/@VinExplains\n\nSend me anything: \nPO Box 350, St Albans, VIC, Australia 3021 \n"", 'customUrl': '@vindooly', 'publishedAt': '2009-11-11T11:39:20Z', 'thumbnails': {'default': {'url': 'https://yt3.ggpht.com/p7cG0HVGxLFBJac5U_98Vlxl_yZ20j05K7GWjP9Phst2jUUtb17_sjCdPNWi-7utoC-f7RhbXQ=s88-c-k-c0x00ffffff-no-rj', 'width': 88, 'height': 88}, 'medium': {'url': 'https://yt3.ggpht.com/p7cG0HVGxLFBJac5U_98Vlxl_yZ20j05K7GWjP9Phst2jUUtb17_sjCdPNWi-7utoC-f7RhbXQ=s240-c-k-c0x00ffffff-no-rj', 'width': 240, 'height': 240}, 'high': {'url': 'https://yt3.ggpht.com/p7cG0HVGxLFBJac5U_98Vlxl_yZ20j05K7GWjP9Phst2jUUtb17_sjCdPNWi-7utoC-f7RhbXQ=s800-c-k-c0x00ffffff-no-rj', 'width': 800, 'height': 800}}, 'localized': {'title': 'Vindooly', 'description': ""If it ain't chocolate milk I don't want it. \nIRL: http://youtube.com/@vinRL\nAnimations: http://youtube.com/@Vindoodles\nExplains: http://youtube.com/@VinExplains\n\nSend me anything: \nPO Box 350, St Albans, VIC, Australia 3021 \n""}, 'country': 'AU'}, 'contentDetails': {'relatedPlaylists': {'likes': '', 'uploads': 'UUj4hfQEWcGtF08SLEZCZc5Q'}}, 'statistics': {'viewCount': '8793529596', 'subscriberCount': '9880000', 'hiddenSubscriberCount': False, 'videoCount': '1927'}, 'topicDetails': {'topicIds': ['/m/025zzc', '/m/0403l3g', '/m/0bzvm2', '/m/02ntfj'], 'topicCategories': ['https://en.wikipedia.org/wiki/Action_game', 'https://en.wikipedia.org/wiki/Role-playing_video_game', 'https://en.wikipedia.org/wiki/Video_game_culture', 'https://en.wikipedia.org/wiki/Action-adventure_game']}, 'status': {'privacyStatus': 'public', 'isLinked': True, 'longUploadsStatus': 'longUploadsUnspecified', 'madeForKids': False}, 'brandingSettings': {'channel': {'title': 'Vindooly', 'description': ""If it ain't chocolate milk I don't want it. \nIRL: http://youtube.com/@vinRL\nAnimations: http://youtube.com/@Vindoodles\nExplains: http://youtube.com/@VinExplains\n\nSend me anything: \nPO Box 350, St Albans, VIC, Australia 3021 \n"", 'keywords': 'pwr ""pwr vindooly"" ""vindooly fortnite"" fortnite ""vincent ton"" roblox minecraft vin vindooly', 'unsubscribedTrailer': 'B_i8fMeWlp4', 'country': 'AU'}, 'image': {'bannerExternalUrl': 'https://yt3.googleusercontent.com/BympRXln_b0MkIqs9uIWJsgzuPak0PYBvROYM3tg2j_Esokx9vGEuNF1mgwE7R6GtayuOVWWgsA'}}, '_evidence_file': 'evidence/raw_api/channels_20260908T075957_59931ec7c82397cf.json', '_collected_at_utc': '2026-09-08T07:59:57Z'}",Vindooly If it ain't chocolate milk I don't want it.  IRL: http://youtube.com/@vinRL Animations: http://youtube.com/@Vindoodles Explains: http://youtube.com/@V,0,0,0,1
