channel_id,title,handle,url,bucket,n_discovery_queries,country,created,age_days,subs,videos,total_views,avg_views_per_video,views_per_sub_lifetime,uploads_per_month_lifetime,arabic_signal,on_topic,hidden_subs,eligible
UC2mALJwz1ByOf5L0050EzyQ,Over Explained,@overexplained6414,https://www.youtube.com/@overexplained6414,D,1,US,2021-02-22T16:06:40.379032Z,2022,20,2,1739,869.5,86.95,0.03,0,0,0,False
UC42DNR4KDslAS6EkfspCxAg,حيدر كاظم | hayder kadhim,@haydertrading,https://www.youtube.com/@haydertrading,B,1,AE,2020-11-30T21:49:36.923915Z,2106,167000,103,6995111,67913.7,41.89,1.49,1,0,0,False
UC0ep2A36j7gTFdqW2Yvngbg,Tori Trades,@toritrades,https://www.youtube.com/@toritrades,C,1,US,2009-09-16T02:24:54Z,6200,691000,1347,107481810,79793.5,155.55,6.61,0,1,0,True
UC-ORGieRVw9K_-8r36CnO5Q,Animated Economy,@animated.economy,https://www.youtube.com/@animated.economy,D,1,,2026-05-10T23:06:31.568834Z,119,27,10,2147,214.7,79.52,2.56,0,1,0,False
UC3nwb_OkPmYeEWanh7O38HQ,Investing support,@investingsupportbypankaj,https://www.youtube.com/@investingsupportbypankaj,C,1,IN,2023-06-17T05:30:15.641685Z,1178,40,26,8763,337.0,219.07,0.67,0,1,0,False
UC2y5U9wW2-Ny1nWS2jFPlzA,السهم الممتنع,@alsahm,https://www.youtube.com/@alsahm,B,2,SA,2022-02-12T17:00:38.246888Z,1667,301000,81,13125186,162039.3,43.61,1.48,1,1,0,True
UC2OgSIw5NhVJVaNsnznIkoA,Smart Money Whiteboard,@smartmoneywhiteboard,https://www.youtube.com/@smartmoneywhiteboard,D,1,,2026-07-21T14:12:54.26065Z,48,0,3,6,2.0,,1.9,0,1,0,False
UC1gbCVtEAinEtFFJj5lkMgg,سليم خليف - تداول و استثمار,@saleemkhleif,https://www.youtube.com/@saleemkhleif,A,1,IL,2026-07-13T17:39:42.059344Z,55,1,1,19,19.0,19.0,0.55,1,1,0,False
UC3Rj9SEdy-PV5W7xGIWAE0A,PUG Stock Market Analysis LLC,@pugstockmarketanalysisllc7846,https://www.youtube.com/@pugstockmarketanalysisllc7846,C,1,,2020-03-26T00:33:21.272412Z,2356,138,22,2225,101.1,16.12,0.28,0,1,0,False
UC1XRRtnhJbVmmUt35uTPzJQ,Sunlike study,@sunlikestudy,https://www.youtube.com/@sunlikestudy,D,1,IN,2021-06-03T09:26:00.454862Z,1922,2190000,85,289869585,3410230.4,132.36,1.35,0,0,0,False
UC1Yfld8YDGwcfcx0_MQ2jyA,دهب GPT,@دهب.جى.بي.تى,https://www.youtube.com/@دهب.جى.بي.تى,B,1,EG,2025-05-06T22:41:03.202924Z,488,7260,1125,2729077,2425.8,375.91,70.17,1,1,0,False
UC3emKi9NT-W9LEMGK7hlkgA,استراتيجية الخمسين,@fiftystrategy,https://www.youtube.com/@fiftystrategy,B,1,SA,2020-10-10T19:31:33.393244Z,2157,3350,44,198675,4515.3,59.31,0.62,1,1,0,False
UC-08FfiuOa8Swp8NQX_lrRw,مستثمر العملة الرقمية بيتكوين,@مستثمرالعملةالرقميةبيتكوين,https://www.youtube.com/@مستثمرالعملةالرقميةبيتكوين,B,1,GB,2018-09-15T12:38:35Z,2914,101000,4435,19381419,4370.1,191.9,46.33,1,1,0,True
UC0e1DM7_nAEnoc_Bbon8R-w,Godswill Invest,@godswillinvest,https://www.youtube.com/@godswillinvest,D,1,US,2026-06-14T19:11:50.308758Z,84,10,4,204,51.0,20.4,1.45,0,1,0,False
UC2qRS7m_AzRZABlFEVcox3Q,Bitcoin News and updates,@bitcoinnewsandupdates4188,https://www.youtube.com/@bitcoinnewsandupdates4188,C,1,,2017-09-26T10:43:24Z,3268,27,18,5763,320.2,213.44,0.17,0,1,0,False
UC1qSwXFfD-rkJiWt1PpYT2Q,خريطة الثروة,@tharwamap,https://www.youtube.com/@tharwamap,A,1,MA,2025-11-05T12:12:23.181586Z,306,16,26,2099,80.7,131.19,2.59,1,1,0,False
UC4oUDLjlOeLlaX49-N7X87g,Amir Nady - Forex,@amirnady,https://www.youtube.com/@amirnady,B,1,EG,2018-07-14T17:17:02Z,2976,127000,664,4762056,7171.8,37.5,6.79,1,1,0,True
UC1U-Evmlc9nC9tMh5kV0zfQ,الإقتصاد ببساطة ,@pro_economy,https://www.youtube.com/@pro_economy,A,1,TR,2024-07-23T13:11:19.224155Z,776,298,14,3041,217.2,10.2,0.55,1,1,0,False
UC4IXw4WkYvKcoKp84cNHplw,The Bitcoin Analyst,@bitcoinanalyst,https://www.youtube.com/@bitcoinanalyst,C,1,SG,2026-01-26T02:50:34.271085Z,224,114,113,13595,120.3,119.25,15.36,0,1,0,False
UC53qvVKUyC064kZ7wqarn5g,SlickStick Finance,@slickstickfinance,https://www.youtube.com/@slickstickfinance,D,1,IT,2026-01-03T12:33:31.355597Z,247,2,5,26,5.2,13.0,0.62,0,1,0,False
UC-WpGb12NlGMNHLKFcO6YWw,Jess Uy,@jessuytheglobalinvestor,https://www.youtube.com/@jessuytheglobalinvestor,A,1,,2023-07-25T04:06:46.241248Z,1140,15,33,6710,203.3,447.33,0.88,0,1,0,False
UC-JCLVabbUkcvC9N6tXh5vw,Investing Gyann💲,@investinggyann,https://www.youtube.com/@investinggyann,C,1,,2026-09-05T15:32:52.307427Z,1,4,1,0,0.0,0.0,,0,1,0,False
UC0zaZ_SAS03NRG_UbZ9UMvw,Value Growth Investing,@valuegrowthinvesting,https://www.youtube.com/@valuegrowthinvesting,C,1,GB,2017-01-01T07:51:58Z,3536,43,13,3099,238.4,72.07,0.11,0,1,0,False
UC4JCiN2H_RTqJkIW8MIEf6Q,Animated Economics,@animatedeconomicstv,https://www.youtube.com/@animatedeconomicstv,D,1,US,2025-11-03T23:05:14.728473Z,307,1630,684,115774,169.3,71.03,67.82,0,1,0,False
UC1xAmyQFJ9TEDxZoEyIt3Tg,Fiscal Axis,@fiscalaxis4,https://www.youtube.com/@fiscalaxis4,D,1,US,2026-02-15T07:22:03.597059Z,204,3,13,1192,91.7,397.33,1.94,0,1,0,False
UC-GRqSZRLXSLVHL_YUIDKGA,Whiteboard Visuals,@doodlesketch-y5d,https://www.youtube.com/@doodlesketch-y5d,D,1,,2024-12-05T00:25:52.571296Z,641,1,5,36,7.2,36.0,0.24,0,1,0,False
UC2y4FLh3QHdXA27GPk1YLgQ,Gold pulse,@goldpulse-e5e,https://www.youtube.com/@goldpulse-e5e,A,1,,2026-08-23T07:40:31.657733Z,15,4,4,807,201.8,201.75,,1,1,0,False
UC4TXiSS6QqcXVVhwsCqjuVw,The Investing for Beginners Podcast,@ifb_podcast,https://www.youtube.com/@ifb_podcast,C,1,US,2013-04-24T04:39:58Z,4884,7730,367,413487,1126.7,53.49,2.29,0,1,0,False
UC-QuoA5AdXbYVdSuyNXbNLA,Macro Ledger,@macroledger5,https://www.youtube.com/@macroledger5,C,1,US,2026-08-17T18:47:01.440617Z,20,4,6,1019,169.8,254.75,,0,1,0,False
UC25ZsKhflHSrlv9dFzatOBA,الباحث الاقتصادي ,@الباحثالاقتصادي-ش2ز,https://www.youtube.com/@الباحثالاقتصادي-ش2ز,A,2,,2025-09-12T00:29:44.957928Z,360,16,4,761,190.2,47.56,0.34,1,1,0,False
UC-luaBAGSqZ---25Wifnnhg,LuxAlgo,@luxalgo,https://www.youtube.com/@luxalgo,C,1,AR,2020-05-11T15:19:37.482219Z,2309,727000,889,72650037,81721.1,99.93,11.72,0,1,0,True
UC14Fb2zWTEZklONPXFbLrTQ,Primate Economics,@primateeconomics,https://www.youtube.com/@primateeconomics,D,1,AU,2022-02-16T03:38:54.437651Z,1664,574000,28,31679520,1131411.4,55.19,0.51,0,1,0,True
UC4AAYuCF-tg8JqB5AGzXKPg,Finance Toons,@financetoons-07,https://www.youtube.com/@financetoons-07,D,1,,2026-03-23T15:36:33.981123Z,167,0,1,186,186.0,,0.18,0,1,0,False
UC2ABrzAK0uPchl6xAfKs_gg,Undertow,@undertowhq,https://www.youtube.com/@undertowhq,D,1,US,2013-09-28T00:48:25Z,4727,15,6,1951,325.2,130.07,0.04,0,1,0,False
UC0IdvsiWHZC7h-Mn3qHR97Q,عقلية المرأة الثرية,@اماسيدالبسكرية,https://www.youtube.com/@اماسيدالبسكرية,A,1,DZ,2025-06-02T01:10:00.615299Z,462,1030,85,101191,1190.5,98.24,5.6,1,1,0,False
UC1lZ-GY-sfkBBZUpREHP9nQ,KairoYT,@kairoyt99,https://www.youtube.com/@kairoyt99,D,1,,2016-12-12T09:03:58Z,3556,0,1,97,97.0,,0.01,0,1,0,False
UC2kFCHTapbuqq9uUx3Sji8Q,Doodle Dollars,@doodledollars98,https://www.youtube.com/@doodledollars98,D,1,US,2012-08-28T16:26:53Z,5122,871,28,4772,170.4,5.48,0.17,0,1,0,False
UC0h_Kb1Kjz_cBIwyMxxk2Qw,Charles Arauco,@mrocuara,https://www.youtube.com/@mrocuara,D,1,,2010-10-12T14:15:29Z,5809,174,11,82055,7459.5,471.58,0.06,0,0,0,False
UC0EgRYa-sZPQKrLqB0zfJoQ,Crypt Zee Trading - Best Trading Indicators,@cryptzeetrading,https://www.youtube.com/@cryptzeetrading,C,1,IN,2024-07-28T09:46:26.989502Z,771,35,68,4293,63.1,122.66,2.68,0,1,0,False
UC2ClbMicsTKr2W5GopidYgg,Doodle Dollars,@doodledollarsus,https://www.youtube.com/@doodledollarsus,D,1,,2025-12-29T12:01:53.095806Z,252,0,1,1,1.0,,0.12,0,1,0,False
UC4HXX1n3XTh4nSOOqQRlCxw,صحوة Sahwa,@sahwa-6.26,https://www.youtube.com/@sahwa-6.26,A,1,MA,2026-06-09T13:54:10.445448Z,90,1230,74,73876,998.3,60.06,25.03,1,1,0,False
UC1Gm1jH1Ty-FexzycW2PqIg,Triangle Investor ,@triangleinvestor,https://www.youtube.com/@triangleinvestor,C,1,HR,2023-03-22T13:39:47.721187Z,1265,42100,725,4887522,6741.4,116.09,17.45,0,1,0,True
UC4_IlHekQ-Ac3qofJGbizNA,فنون الثقافة المالية 💸💰,@theonemilliondollars.,https://www.youtube.com/@theonemilliondollars.,A,1,,2022-12-17T03:20:21.262443Z,1360,58,44,20614,468.5,355.41,0.98,1,1,0,False
UC1AlmnTDLcor-p2zoJAdakw,العملات الرقمية المنطقة الذهبية ,@cryptohamza-v5y,https://www.youtube.com/@cryptohamza-v5y,B,1,MA,2021-01-12T11:56:36.198651Z,2064,4730,728,468058,642.9,98.96,10.74,1,1,0,False
UC0eEB9af3_Y0qGCYs5k8LuQ,Mops Explains,@mopsexplains,https://www.youtube.com/@mopsexplains,D,1,VN,2026-04-28T12:11:41.258254Z,132,14,30,908,30.3,64.86,6.92,0,1,0,False
UC1GArMR9WFksshv3purF1Rw,John Doe,@johndoee,https://www.youtube.com/@johndoee,D,1,US,2020-06-19T04:52:43.996921Z,2271,711,45,91042,2023.2,128.05,0.6,0,0,0,False
UC3DFEe_HEhpIsrqXmMq1IMg,Investing Explained,@investingexplained1,https://www.youtube.com/@investingexplained1,C,1,US,2021-08-26T23:25:40.341369Z,1837,3200,33,341656,10353.2,106.77,0.55,0,1,0,False
UC1PSmbpO_J1pr09sPzdW71w,Crypto Explained,@cryptoexplained-101,https://www.youtube.com/@cryptoexplained-101,D,1,US,2025-04-06T23:26:33.586617Z,518,4,12,101,8.4,25.25,0.71,0,1,0,False
UC4iH8RcbTrKrfZgBvIU1pgQ,STOCK MARKET ANALYSIS WITH SANDEEP ,@stockanalysiswithsandeep,https://www.youtube.com/@stockanalysiswithsandeep,C,1,IN,2020-04-28T12:25:29.263712Z,2323,6210,225,207518,922.3,33.42,2.95,0,1,0,False
UC0kXmA3aoWkHKi6c5dAazmQ,The Economy بالمصري,@theeconomy7,https://www.youtube.com/@theeconomy7,A,1,EG,2025-12-25T14:50:17.462731Z,255,5,4,145,36.2,29.0,0.48,1,1,0,False
UC63ZyW8YpbGyLZ_ZuErDgcQ,وعي مالي ذكي 💰 ,@waeimalizakiwaeimalizaki,https://www.youtube.com/@waeimalizakiwaeimalizaki,A,1,,2026-04-27T11:54:09.302254Z,133,4,1,343,343.0,85.75,0.23,1,1,0,False
UC8IMrdXp0WMdk8UVZfzKdVA,SIRIUS X,@siriusx-f3z,https://www.youtube.com/@siriusx-f3z,B,1,,2025-03-20T17:56:29.875533Z,535,27,10,333,33.3,12.33,0.57,1,1,0,False
UC7s1nlSTjOiagozbfRn8dMw,Saudi StockSail | بحار الأسهم السعودية,@saudistocksail,https://www.youtube.com/@saudistocksail,B,1,SA,2013-10-06T01:54:45Z,4719,4850,30,30914,1030.5,6.37,0.19,1,1,0,False
UC6vaWd0dpXVzU_D4jeeSAQg,Capital Explained,@thecapitalexplained,https://www.youtube.com/@thecapitalexplained,D,1,CA,2026-05-18T09:56:21.244861Z,112,2380,35,282431,8069.5,118.67,9.51,0,1,0,False
UC6p43WSskTfzlr2-nuGl5mw,عبد الرحمن الجابري |  WMC,@aljabryfx,https://www.youtube.com/@aljabryfx,B,1,TR,2012-12-20T13:22:51Z,5009,5160,535,329783,616.4,63.91,3.25,1,1,0,False
UC7tEkFjaELrk5xCA-Mgy2rw,Trading Indicators Knowledge & Education,@trading_indicators_knowledge,https://www.youtube.com/@trading_indicators_knowledge,C,1,IN,2026-07-14T17:00:55.722659Z,54,636,8,21961,2745.1,34.53,4.51,0,1,0,False
UC6i0U0buRGhRM4KsizP0yNw,أكاديمية تاسي,@tasiacademy,https://www.youtube.com/@tasiacademy,B,1,EG,2019-12-31T22:36:58.893664Z,2441,3750,769,257194,334.5,68.59,9.59,1,1,0,False
UC7p-Zy2bE_lsYcTQGRCCK1A,FOREX VIDEOS,@forexvideos2010,https://www.youtube.com/@forexvideos2010,B,1,JO,2020-04-08T12:06:29.994256Z,2343,29700,3351,2497999,745.4,84.11,43.54,1,1,0,True
UC8IC9dL5FkszLPoLeVIZZEA,Money Mindset-عقل مالي,@moneymindset-m5n,https://www.youtube.com/@moneymindset-m5n,A,1,,2026-05-02T23:34:32.140246Z,127,0,1,57,57.0,,0.24,1,1,0,False
UC7NJLsf6IonOy8QI8gt5BeA,Trading with DaviddTech,@daviddtech,https://www.youtube.com/@daviddtech,C,1,,2015-09-01T20:00:41Z,4023,1450000,361,12151347,33660.2,8.38,2.73,0,1,0,True
UC5BIJevFJFhejJKtkbfTEhw,نخبة محاربي ICT ,@ictwarriors1,https://www.youtube.com/@ictwarriors1,B,1,,2019-10-30T15:14:00.770552Z,2503,1430,8,1553,194.1,1.09,0.1,1,1,0,False
UC5zcAf63mQZZfZ0p98P1qkw,The Formula Behind Wealth,@theformulabehindwealth,https://www.youtube.com/@theformulabehindwealth,D,1,US,2026-06-30T10:50:40.278472Z,69,2,8,80,10.0,40.0,3.53,0,1,0,False
UC5fZv7bPcF5j2RsfO-9OiLA,Investor's Business Daily,@investorsbusinessdaily,https://www.youtube.com/@investorsbusinessdaily,C,1,US,2008-10-27T19:20:12Z,6523,183000,5379,36240772,6737.5,198.04,25.1,0,1,0,True
UC9Dv4L_qAguE2viiNLSk0Jg,Macro Horizon,@macrohorizon-u1v,https://www.youtube.com/@macrohorizon-u1v,C,1,US,2026-08-01T05:14:23.747515Z,37,0,2,0,0.0,,1.65,0,1,0,False
UC8JMaGgCaqV-IDNP37AnNdw,Gregory Weldon- Global-Macro Market Research ,@gregoryweldon,https://www.youtube.com/@gregoryweldon,C,1,,2013-01-15T16:27:58Z,4982,2070,148,30544,206.4,14.76,0.9,0,1,0,False
UC6v0zWBSDVKH7LjCvOicAeg,VIP Trading Indicators,@vip_tradingindicators,https://www.youtube.com/@vip_tradingindicators,C,1,,2024-02-20T16:55:18.297692Z,929,130,107,6303,58.9,48.48,3.51,0,1,0,False
UC72h7j1uru3iopWJkaR958g,Max Options Trading,@maxoptionstrading,https://www.youtube.com/@maxoptionstrading,C,1,US,2020-10-01T17:30:34.06621Z,2166,183000,2976,40997453,13776.0,224.03,41.82,0,1,0,True
UC8qyw4xvnzyFQIMajyBktbw,Jeff Finance,@jefffinance-us,https://www.youtube.com/@jefffinance-us,D,1,US,2015-10-26T21:04:32Z,3968,25,9,3600,400.0,144.0,0.07,0,1,0,False
UC6QVqce95KaGG8AwYa34dNQ,Personal finance,@personalfinance-v4p,https://www.youtube.com/@personalfinance-v4p,C,1,US,2026-06-02T11:49:02.680642Z,97,6,25,941,37.6,156.83,7.85,0,1,0,False
UCA7PokAyFaSkqF9xW168b7Q,توصيات الأسهم السعودية,@saudistockssignals,https://www.youtube.com/@saudistockssignals,B,1,SA,2020-08-17T02:49:55.710464Z,2212,18700,1750,2038724,1165.0,109.02,24.08,1,1,0,False
UC5GQgmJZIYzDKbyE8wswizg,Trading with Indicators,@tradingwithindicators-h9h,https://www.youtube.com/@tradingwithindicators-h9h,C,1,IN,2025-03-15T06:25:19.354433Z,541,6,14,1437,102.6,239.5,0.79,0,1,0,False
UC97F56WaALQs0J13nH9g1aQ,Politics Doctor - طبيب السياسة,@politicsdoctor,https://www.youtube.com/@politicsdoctor,A,1,EG,2022-12-22T06:55:13.202728Z,1355,859,714,114859,160.9,133.71,16.04,1,1,0,False
UC6X0ttmzTAJt_2ebcqcIbYw,Palisades Gold Radio,@palisaderadio,https://www.youtube.com/@palisaderadio,C,1,,2013-08-13T17:08:04Z,4772,116000,1688,26772304,15860.4,230.8,10.77,0,1,0,True
UC87IzvzdWw1cK4wBADH1ZHg,Olivia Invests,@oliviainvests-z6w,https://www.youtube.com/@oliviainvests-z6w,D,1,US,2026-05-13T05:31:39.716036Z,117,4,6,383,63.8,95.75,1.56,0,1,0,False
UC88j7_gELQAHwsmcZUY1brg,FXIRAQI,@fxiraqi,https://www.youtube.com/@fxiraqi,B,1,IQ,2023-06-28T15:45:08.527557Z,1166,55700,315,4996699,15862.5,89.71,8.22,1,1,0,True
UC5hMu88WjVxbqgDFBSMSPDg,المحاضرة ببساطة مع د. عبير,@drabeeromyassen3419,https://www.youtube.com/@drabeeromyassen3419,A,1,SA,2020-02-22T11:44:28.176652Z,2389,185,39,7890,202.3,42.65,0.5,1,0,0,False
UC8hyOJoF1gS_uGUL5uQqRhg, Intelligent Stock Investing,@intelligentstockinvesting,https://www.youtube.com/@intelligentstockinvesting,C,1,US,2020-08-26T17:24:23.615719Z,2202,16700,64,605517,9461.2,36.26,0.88,0,1,0,False
UC7B5SG3c_mO-1ajmTcfZhrg,Sofia Invests,@sofiainvestsusa,https://www.youtube.com/@sofiainvestsusa,D,1,,2026-04-04T13:12:02.059179Z,156,0,2,23,11.5,,0.39,0,1,0,False
UC90XDI0DGfacaIK83nQrs_Q,The Simplifire,@thesimplifire-0,https://www.youtube.com/@thesimplifire-0,D,1,US,2025-12-20T17:20:36.79164Z,260,3,11,37,3.4,12.33,1.29,0,1,0,False
UC7K9WAfCOTUJNd-_tLC98WA,Aadtrader عبدالرحمن,@aadtrader995,https://www.youtube.com/@aadtrader995,B,1,SA,2022-01-12T17:34:27.863227Z,1698,895,11,31302,2845.6,34.97,0.2,1,1,0,False
UC60KtdsfUSIiJHW7TwC7IkQ,Trading Binance,@binancefutures-yt,https://www.youtube.com/@binancefutures-yt,B,1,SA,2017-08-04T16:19:44Z,3320,527,139,31366,225.7,59.52,1.27,1,1,0,False
UC95buhz5I9FjjKu5OgIRuPw,تعلّم التداول من الصفر الى الاحتراف ,@learn.trading.from.scratchh,https://www.youtube.com/@learn.trading.from.scratchh,A,1,JO,2016-02-03T13:38:38Z,3869,71300,68,2548,37.5,0.04,0.54,1,1,0,True
UC9uVHFRcuZi9vFHnRG-sNfg,نادى المال Money Club,@moneyclub200,https://www.youtube.com/@moneyclub200,A,1,,2021-08-12T19:15:58.513446Z,1851,379,30,52014,1733.8,137.24,0.49,1,1,0,False
UC6cJw0dIcT2bLxlGJWss1pA,اقتصاد ببساطة ,@yehyandym8159,https://www.youtube.com/@yehyandym8159,A,1,,2017-03-06T21:27:06Z,3471,2,3,8,2.7,4.0,0.03,1,1,0,False
UC60fVimB-vrzqAEwRhBLskQ,اسعار الدولار والذهب مباشر,@اسعارالدولاروالذهبمباشر,https://www.youtube.com/@اسعارالدولاروالذهبمباشر,B,1,,2017-12-23T19:01:42Z,3179,96600,10,152377,15237.7,1.58,0.1,1,1,0,False
UC5jDe5atlSkX5a5KJU6A6Iw,Sullivan Financial Partners with Craig Sullivan,@sullivanfinancialpartners,https://www.youtube.com/@sullivanfinancialpartners,A,1,,2024-08-12T03:53:40.842488Z,756,417,67,59572,889.1,142.86,2.7,0,1,0,False
UC7AoMESkPXV_Bqr0I8dbzrw,اقتصاد ببساطة -ابراهيم الشربينى -aiqtisad bibasata,@ibrahimalsherbiny76,https://www.youtube.com/@ibrahimalsherbiny76,A,1,,2023-07-16T22:25:22.208825Z,1148,49000,560,6698745,11962.0,136.71,14.85,1,1,0,True
UC5FxKAiWAH2vAn906ezNxDw,The Wealth Mint,@thewealthmintofficial,https://www.youtube.com/@thewealthmintofficial,C,1,,2026-05-16T08:29:30.447173Z,114,1000,10,4793,479.3,4.79,2.67,0,1,0,False
UCA4oEHpiTljOryfxRc4iBSA,AI Video Creator,@videoaisers,https://www.youtube.com/@videoaisers,D,1,,2026-03-26T16:46:41.73097Z,164,1,15,1116,74.4,1116.0,2.78,0,0,0,False
UC6BwJM_DfdoWpvSd3ULFQRA,اقتصادى Eqtsady 101,@eqtsady,https://www.youtube.com/@eqtsady,A,1,,2020-02-19T08:18:33.460682Z,2392,1630,23,35962,1563.6,22.06,0.29,1,1,0,False
UC5SfxzEalw74GeWN_COM2nQ,Al-Amal Platform,@al-amalplatform,https://www.youtube.com/@al-amalplatform,A,1,,2024-09-23T09:53:20.573456Z,714,49,10,87846,8784.6,1792.78,0.43,0,0,0,False
UC7sKhsfP6MewRD2-qmYOndg,ThehiddenEconomy,@thehiddeneconomyofficial,https://www.youtube.com/@thehiddeneconomyofficial,D,1,IN,2026-07-01T03:52:46.888093Z,68,1,3,49,16.3,49.0,1.34,0,1,0,False
UC9HzuRQGseyqFPct9phIfUw,The Whiteboard Mindset,@thewhiteboardmindset,https://www.youtube.com/@thewhiteboardmindset,D,1,US,2025-11-05T22:38:31.88976Z,305,2,10,82,8.2,41.0,1.0,0,1,0,False
UC7aNK2UlxuCdzJ9uvyEI4fA, Lectures with Djalila,@djalila1,https://www.youtube.com/@djalila1,A,1,DZ,2019-03-02T13:51:35Z,2746,13700,327,699112,2138.0,51.03,3.62,1,1,0,False
UC9apRzE0X2DemH16wSnBL-w,Bullsmart Official,@bullsmart_official,https://www.youtube.com/@bullsmart_official,A,1,IN,2022-04-21T11:02:47.612656Z,1600,258000,10,3571,357.1,0.01,0.19,0,1,0,False
UC5NewmmH0Hv9TGSgpNzWVqA,مضاربات الأسهم السعودية,@theworldofsaudistocks,https://www.youtube.com/@theworldofsaudistocks,B,1,EG,2024-03-08T07:47:08.532528Z,913,155,61,5197,85.2,33.53,2.03,1,1,0,False
UC5b3BLY0AQgYDL9mBjtQsGA,    Eqtisad Shorts,@eqtisadshorts,https://www.youtube.com/@eqtisadshorts,A,1,,2024-08-12T02:56:08.080869Z,756,1,2,10,5.0,10.0,0.08,1,1,0,False
UC5Bl4JZLOBaorcdEYXfzUag,Personal Finance Explained,@personalfinanceexplained786,https://www.youtube.com/@personalfinanceexplained786,C,1,US,2017-06-24T04:01:02Z,3362,8,5,2365,473.0,295.62,0.05,0,1,0,False
UC5KSRTqX_69WVM05ONgRN6w,Smart Future,@smartfuture-t5h,https://www.youtube.com/@smartfuture-t5h,A,1,MA,2019-11-06T17:36:41.648464Z,2496,7610,312,417585,1338.4,54.87,3.81,1,1,0,False
UC6YyE7-3pAKPWST7Za2ZZ3w,Personal Finance Academy,@personalfinanceacademy4644,https://www.youtube.com/@personalfinanceacademy4644,C,1,KE,2014-05-19T09:18:44Z,4494,1610,229,39549,172.7,24.56,1.55,0,1,0,False
UCEGMN_zY0nRDI6mVx-qpVBw,Unscripted Visualizer,@thevisualizer-0608,https://www.youtube.com/@thevisualizer-0608,D,1,IN,2026-08-08T16:09:18.036249Z,29,2,1,99,99.0,49.5,,0,1,0,False
UCD1U_Y3U4eLSxVxo2IkkLTw,🔥 عقل الثراء,@themindofwealthai,https://www.youtube.com/@themindofwealthai,A,1,MA,2026-02-26T10:08:20.931489Z,193,97,43,20370,473.7,210.0,6.78,1,1,0,False
UCCJ64zDSPdwefj0o7bhN_hA,توصيات,@twsiatme,https://www.youtube.com/@twsiatme,A,1,AM,2021-05-24T15:25:37.703524Z,1931,78000,4992,887485,177.8,11.38,78.69,1,1,0,True
UCDC44VUDP2VF5gSQlLzU1Mw,عقلية مكيافيلي تجاه المال,@عقليةمكيافيليتجاهالمال,https://www.youtube.com/@عقليةمكيافيليتجاهالمال,A,1,SA,2026-06-11T08:10:43.080734Z,88,398,13,27983,2152.5,70.31,4.5,1,1,0,False
UCEAAzv2OBqxsSczKJ2QZyGQ,Pushkar Raj Thakur: Stock Market Educator 📈,@pushkarrajthakurofficial,https://www.youtube.com/@pushkarrajthakurofficial,C,1,IN,2011-12-23T06:10:08Z,5372,15300000,2795,1815277264,649473.1,118.65,15.84,0,1,0,True
UCAILnlWX6axuBD93UiBslcw,GoldSilver Macro Lab,@tonyfinance-f8z,https://www.youtube.com/@tonyfinance-f8z,C,1,US,2026-03-14T11:48:29.60301Z,177,26,14,3323,237.4,127.81,2.41,0,1,0,False
UCCRId9I1P5WTbg-IeuIzegQ,Money Game,@moneygamedotclub,https://www.youtube.com/@moneygamedotclub,A,1,ID,2024-08-29T09:02:38.743051Z,739,1180,6,7815,1302.5,6.62,0.25,1,1,0,False
UCB9cb6C4MPvmbp-V4QOjkMQ,Personal Finance Explained,@personalfinance-i7z,https://www.youtube.com/@personalfinance-i7z,C,1,US,2026-06-16T03:41:05.286405Z,83,2,4,34,8.5,17.0,1.47,0,1,0,False
UCBpJdjVgoxRAcPYn9eRRUfw,Ahmed Fouad Trading,@forexahmedfouad,https://www.youtube.com/@forexahmedfouad,B,2,EG,2015-07-07T19:09:48Z,4079,70900,382,4157065,10882.4,58.63,2.85,1,1,0,True
UCAZj0zUeWrUKE4EKvFctQKA,Investing.com: Stock Market,,https://www.youtube.com/channel/UCAZj0zUeWrUKE4EKvFctQKA,C,1,,2025-09-02T11:04:13.034263Z,370,0,0,0,,,0.0,0,1,0,False
UCEIWHQnlNkt5oa1AOTdr8eA,مركاز الأسهم Merkaz Stocks,@almerkaz,https://www.youtube.com/@almerkaz,B,1,SA,2010-11-26T13:38:40Z,5764,120000,6216,19205617,3089.7,160.05,32.83,1,1,0,True
UCEtUyHSqY8NnuxU1uD6cj9Q,محمود رفعت,@mahmoudrefaat931,https://www.youtube.com/@mahmoudrefaat931,B,1,,2020-05-29T20:51:26.21381Z,2291,74900,646,7068770,10942.4,94.38,8.58,1,1,0,True
UCAbJbWmZbAz7dISYWAM97CQ,Your Life As TV,@yourlifeastv,https://www.youtube.com/@yourlifeastv,D,1,US,2018-04-28T11:59:15Z,3054,47,3,217,72.3,4.62,0.03,0,1,0,False
UCDu-8vyVbIRI96jM9GdK4wQ,Financial Literacy,@financialliteracy188,https://www.youtube.com/@financialliteracy188,D,1,IN,2025-12-23T08:12:07.689961Z,258,29,6,927,154.5,31.97,0.71,0,1,0,False
UCDXKirKNPz7asBtM7hhpOqg,EDuckation,@educkation-1,https://www.youtube.com/@educkation-1,D,1,,2026-05-07T08:39:17.22945Z,123,21800,14,5881505,420107.5,269.79,3.46,0,1,0,False
UCC_3C1KOVqQpPNStlnsFivw,Personal Finance Circle ,@personalfinancecircle,https://www.youtube.com/@personalfinancecircle,C,1,NG,2021-02-11T23:55:27.114725Z,2033,13700,195,338585,1736.3,24.71,2.92,0,1,0,False
UCEweE8l3zqC7kAkZA6askjQ,financialfacts,@chinni2523,https://www.youtube.com/@chinni2523,C,1,IN,2026-07-04T00:46:29.411888Z,65,7,1,7,7.0,1.0,0.47,0,1,0,False
UCDxzc6tDdwEkcTyhy7TA_lQ,Dimamology,@dimamology4465,https://www.youtube.com/@dimamology4465,A,1,,2018-04-07T12:36:00Z,3075,11,5,14,2.8,1.27,0.05,0,0,0,False
UCE_edD0qJd_EyfwGCfLHSeQ,TheDailyGold,@thedailygold,https://www.youtube.com/@thedailygold,C,1,US,2015-09-07T19:54:28Z,4017,48500,1198,6085717,5079.9,125.48,9.08,0,1,0,True
UCBVcSSBfcEe8xKmhhMhZ4BQ,Code X | Economy,@codex-economy,https://www.youtube.com/@codex-economy,A,1,EG,2025-09-07T02:44:01.201879Z,365,2200,84,129155,1537.6,58.71,7.01,1,1,0,False
UCEQ-pzQ9xjkgdvvHcwO7nGA,تحديثات السوق,@marketupdatesar,https://www.youtube.com/@marketupdatesar,B,1,,2025-11-18T07:02:55.906598Z,293,1,24,2453,102.2,2453.0,2.49,1,1,0,False
UCDg1SeARggHkJQ9bdzaFWbQ,الخبير في الجغرافيا و الإقتصاد,@mohamedfarag-rl4ed,https://www.youtube.com/@mohamedfarag-rl4ed,A,1,,2024-03-09T17:58:20.537913Z,911,46,8,553,69.1,12.02,0.27,1,0,0,False
UCCfmSGpcZzZ2v2Gv7R9aQTQ, الاستاذ محمد الشلول ثقافة مالية ومهارات رقمية ,@teachermohammadahmadalshloul,https://www.youtube.com/@teachermohammadahmadalshloul,A,1,,2014-03-27T22:33:43Z,4546,70,17,1720,101.2,24.57,0.11,1,1,0,False
UCASM0cgfkJxQ1ICmRilfHLw,Patrick Boyle,@pboyle,https://www.youtube.com/@pboyle,C,1,US,2019-01-21T11:48:49Z,2786,1330000,479,193838769,404673.8,145.74,5.23,0,1,0,True
UCE-VsPf_vj8E-eXV9vU5GmA,Azul,@azulwells,https://www.youtube.com/@azulwells,A,1,US,2013-08-28T03:34:21Z,4758,423000,3069,119449005,38921.1,282.39,19.63,0,1,0,False
UCE7dqFgqAHQ7PIQuHFRtulw,أفضل إستراتيجيات التداول في اسواق المال,@br_trading2028,https://www.youtube.com/@br_trading2028,B,1,TR,2022-12-14T16:52:33.483015Z,1362,930,23,217884,9473.2,234.28,0.51,1,1,0,False
UCBjV2_SW6rFW0Asxwf7hNfA,أساسيات التحليل الفني,@اساسياتالتحليلالفني,https://www.youtube.com/@اساسياتالتحليلالفني,B,1,,2021-08-19T16:12:12.128425Z,1844,759,8,26022,3252.8,34.28,0.13,1,0,0,False
UCD_hOUSXUXViTvIkbLasfdQ,اخبار البنوك,@اخبارالبنوك,https://www.youtube.com/@اخبارالبنوك,B,1,EG,2019-09-02T03:42:34Z,2562,141000,4300,52962644,12316.9,375.62,51.09,1,1,0,True
UCB2f0j8CyqCmSe-LAaqMkgQ,AnimDocs,@realanimdocs,https://www.youtube.com/@realanimdocs,D,1,US,2026-01-12T14:20:22.896514Z,238,11,13,7055,542.7,641.36,1.66,0,0,0,False
UCEmb4L-yuf_3hK6pe8jYaZg,جلسة الاعمال,@jalsat-elaamal,https://www.youtube.com/@jalsat-elaamal,A,1,EG,2024-01-07T15:59:16.408989Z,973,605,31,5712,184.3,9.44,0.97,1,1,0,False
UCCRPCN0MwgNB4JhD37GSrwQ,Abanob Trader,@abanobtrader,https://www.youtube.com/@abanobtrader,B,1,EG,2014-02-28T23:20:25Z,4573,65500,570,3969881,6964.7,60.61,3.79,1,1,0,True
UCFCEuCsyWP0YkP3CZ3Mr01Q,The Plain Bagel,@theplainbagel,https://www.youtube.com/@theplainbagel,C,1,CA,2017-08-16T17:40:02Z,3308,1210000,278,99248252,357008.1,82.02,2.56,0,1,0,True
UCDmJ0q0ggEZcOh5-3XUVYqQ,Andy Explains Money,@andyexplainsmoney,https://www.youtube.com/@andyexplainsmoney,D,1,US,2026-04-01T07:52:48.397193Z,159,20800,109,1474472,13527.3,70.89,20.87,0,1,0,True
UCExpDthBte2tiNv-YI-XI4A,Whiteboard Finance,@whiteboardfinance_z,https://www.youtube.com/@whiteboardfinance_z,D,1,,2024-05-20T17:40:19.86694Z,839,2020,30,104149,3471.6,51.56,1.09,0,1,0,False
UCBeB0LM0PZE379Bvsq_w5UQ,فهم وتداول,@فهم.وتداول,https://www.youtube.com/@فهم.وتداول,B,1,LB,2026-02-28T22:25:30.733352Z,190,714,130,32748,251.9,45.87,20.83,1,1,0,False
UCAT5LcDsfS7rEYwHrxx_d9g,الثقافة الماليه,@financialliteracy267,https://www.youtube.com/@financialliteracy267,A,1,,2017-11-29T21:48:51Z,3203,873,1,1,1.0,0.0,0.01,1,1,0,False
UCCNFhE6kqwuvaruBJ6SShAA,رحلة أنثى ,@rihlatontha,https://www.youtube.com/@rihlatontha,A,1,DZ,2026-07-05T13:23:33.984342Z,64,12,2,1443,721.5,120.25,0.95,1,1,0,False
UCAsdYT8gu1MS2pPr48ZLcvA,أكاديمية فؤاد الحربي ,@fuadacademy,https://www.youtube.com/@fuadacademy,A,1,SA,2021-09-23T09:47:23.753733Z,1810,67900,290,4414409,15222.1,65.01,4.88,1,1,0,True
UCBrw_n8yiBoWfcbBU_KdAXA,Daniel Fresquez | Family Financial Advisor,@danieldiscussesmoney,https://www.youtube.com/@danieldiscussesmoney,A,1,,2026-03-01T04:07:55.393702Z,190,10,133,13673,102.8,1367.3,21.31,0,1,0,False
UCCs4B-pYdIQrnFeIg2fZ3HA,IQGULF - المريخي,@iqgulf,https://www.youtube.com/@iqgulf,A,1,DE,2016-02-27T02:19:06Z,3845,42500,184,1887691,10259.2,44.42,1.46,1,0,0,False
UCARFV1yasuqUpgX8ScKOPVw,أبو أمير | MH Trade,@mhtrad1,https://www.youtube.com/@mhtrad1,B,1,,2024-02-25T00:29:09.836365Z,925,10400,9,3624,402.7,0.35,0.3,1,1,0,False
UCCH-8UHecY4bE4lR-PQLsqA,"محمد دويد 
Mohammed A Dowaid",@محمد.دويد,https://www.youtube.com/@محمد.دويد,A,1,,2023-12-18T15:04:07.636008Z,993,69,9,1115,123.9,16.16,0.28,1,0,0,False
UCD_f4G1lGh7OCWCJ76KpuFA,FiscalMotion,@fiscalmotion,https://www.youtube.com/@fiscalmotion,D,1,US,2026-05-13T11:19:48.116939Z,117,2,12,216,18.0,108.0,3.12,0,1,0,False
UCDZ1K8O76ehpo1abaNdLPWQ,My planning way,@myplanningway,https://www.youtube.com/@myplanningway,A,1,,2026-06-25T13:38:40.323449Z,74,277,9,9424,1047.1,34.02,3.7,1,1,0,False
UCCimlp6qfeLjX6wndGCUg9g,تعلم التداول من الصفر,@تعلم_التداول_من_الصفر,https://www.youtube.com/@تعلم_التداول_من_الصفر,A,1,,2025-07-07T06:31:27.628544Z,427,60,12,3141,261.8,52.35,0.86,1,1,0,False
UCCbv0qixG-cyokxEY3kELtg,TradingLab,@tradinglabofficial,https://www.youtube.com/@tradinglabofficial,C,1,US,2021-07-26T15:42:48.843042Z,1868,2030000,236,176601490,748311.4,87.0,3.85,0,1,0,True
UCD8a-f6ABNDhv4C0dln80dw,Simply Finance,@simplyfinance-xj4xv,https://www.youtube.com/@simplyfinance-xj4xv,D,1,,2023-03-12T16:00:10.879512Z,1274,3,6,1356,226.0,452.0,0.14,0,1,0,False
UCCczAtaiQEz-L-moKj2ecPA,أكاديمية الأسواق المالية,@tradingzahir,https://www.youtube.com/@tradingzahir,B,1,SA,2026-06-02T18:01:51.229281Z,96,365,70,595,8.5,1.63,22.2,1,1,0,False
UCEozExMo0iHN9RSpv1pJbTQ,Stock Market Analysis,@stockmarketanalysis-x8k,https://www.youtube.com/@stockmarketanalysis-x8k,C,1,,2026-07-17T04:14:59.926563Z,52,15,10,5084,508.4,338.93,5.85,0,1,0,False
UCBxm9WodPjj70GaiKTIRPGg,Mohamed Shamseddine ,@mohamedshamseddine,https://www.youtube.com/@mohamedshamseddine,B,1,CA,2022-01-06T14:57:16.64857Z,1704,35100,2000,7244629,3622.3,206.4,35.73,1,1,0,True
UCFGcFlt6kL8Dbm0O26RuuYA,The Macro Bytes,@themacrobytes,https://www.youtube.com/@themacrobytes,C,1,,2026-01-07T04:35:28.200923Z,243,3,20,1896,94.8,632.0,2.51,0,0,0,False
UCKJDhE9BuLRjat_5gcZwi0Q,Money Sketch,@moneyskech,https://www.youtube.com/@moneyskech,D,1,,2026-07-18T10:45:14.676932Z,51,0,7,16,2.3,,4.18,0,1,0,False
UCIbYLuL5aHNqMWKQeRw7ddQ,عقلية المال,@عقليةالمال-الربح,https://www.youtube.com/@عقليةالمال-الربح,A,1,,2026-03-06T13:57:32.308571Z,185,53,39,32495,833.2,613.11,6.42,1,1,0,False
UCH49vmxb3CSuRk6RM6cI2CA,تعلم واربح ب الأسهم مع أحمد عمار,@ahmadammarsaudiksa,https://www.youtube.com/@ahmadammarsaudiksa,A,1,LB,2012-01-05T03:52:35Z,5359,43300,6,392289,65381.5,9.06,0.03,1,1,0,False
UCILcVTJPgZky46EdzU6QHLw,Easy Finance Explained,@easy_finance_explained,https://www.youtube.com/@easy_finance_explained,D,1,,2024-12-21T07:12:12.537123Z,625,0,1,1,1.0,,0.05,0,1,0,False
UCFDXEtN66R3R_z1SBo7f1vw,Animated Economics Explained,@animatedeconomicsexplained,https://www.youtube.com/@animatedeconomicsexplained,D,1,GB,2026-03-11T02:40:56.341424Z,180,9,53,4017,75.8,446.33,8.96,0,1,0,False
UCHhcwq4MxHoQVUCm8_001Gg,Elliott Academy أكاديمية إليوت لتعليم التداول ,@elliottacademy,https://www.youtube.com/@elliottacademy,B,1,,2026-03-24T01:01:19.976564Z,167,7,13,1369,105.3,195.57,2.37,1,1,0,False
UCHSt1foETkUcb2NVdO3dPwA, الأسهم السعودية,@الاسهمالسعودية-ض2ق,https://www.youtube.com/@الاسهمالسعودية-ض2ق,B,1,SA,2021-01-31T15:17:23.872067Z,2044,2370,932,243452,261.2,102.72,13.88,1,1,0,False
UCIsrJo3NIs_iiaIKx_F8Pkw,MoneyMindsDaily,@moneymindsdaily-t9o,https://www.youtube.com/@moneymindsdaily-t9o,D,1,US,2026-08-28T08:56:07.451514Z,10,1,1,18,18.0,18.0,,0,1,0,False
UCI1qBNCHZBK9NnP1gMJnlkQ,عرب بتكوين,@arabbtc,https://www.youtube.com/@arabbtc,B,1,SA,2012-05-13T07:15:49Z,5230,92700,156,534324,3425.2,5.76,0.91,1,0,0,False
UCGEF6ktU-Lqwdv3AT8uMQ-A,ثراء بودكاست,@podcast_thara,https://www.youtube.com/@podcast_thara,A,1,KW,2016-07-28T18:20:09Z,3692,7740,60,201364,3356.1,26.02,0.49,1,1,0,False
UCJPXb76h6TiTYY_xynHGFfg,Aria Carter,@ariacarterr,https://www.youtube.com/@ariacarterr,D,1,,2026-06-15T15:38:04.003189Z,83,2,4,19,4.8,9.5,1.47,0,1,0,False
UCKTzzsuZ1FwHLR_13KoDJsQ,Toonematic Tales,@toonematictales,https://www.youtube.com/@toonematictales,D,1,IN,2024-08-19T05:18:53.228217Z,749,134000,689,102566120,148862.3,765.42,28.0,0,0,0,False
UCIwYagJcNwQq2sD3web3-8Q,Investing for Beginners - Harshit Rastogi,@investwithharshit-k1,https://www.youtube.com/@investwithharshit-k1,C,1,IN,2025-11-09T10:26:39.355928Z,302,9,15,800,53.3,88.89,1.51,0,1,0,False
UCG3Eptha6hEISzZT7Azymdw,J U M O K E   M I  |  Finance Nerd,@jumokemi,https://www.youtube.com/@jumokemi,C,1,GB,2022-12-09T18:47:58.74185Z,1367,98800,99,3485331,35205.4,35.28,2.2,0,1,0,True
UCHBLxebiwrkanhCKazg7RBw,FinancialHub,@financialhub-f9g,https://www.youtube.com/@financialhub-f9g,A,1,,2024-08-16T19:42:03.287476Z,751,30,42,8865,211.1,295.5,1.7,1,1,0,False
UCKVAkKmCampK2TrQg_TzUFw,Forex fg,@forexfg-if1yp,https://www.youtube.com/@forexfg-if1yp,A,1,,2024-01-22T17:14:26.738891Z,958,3090,1424,274530,192.8,88.84,45.25,1,1,0,False
UCL61IzYjN8VN-P1iXmidHfw,Financial Markets Now,@financialmarkets_now,https://www.youtube.com/@financialmarkets_now,C,1,,2026-03-09T20:14:06.390206Z,181,21,26,889,34.2,42.33,4.37,0,1,0,False
UCHlqPUIhZ2TvMH7beYomWlw,Mahmoud Saad,@mahmoudsaadjooker,https://www.youtube.com/@mahmoudsaadjooker,B,1,,2013-08-16T15:00:15Z,4769,7650,139,262772,1890.4,34.35,0.89,1,1,0,False
UCGfh7Hr6bpEHP-MqLan4Riw,Wealth Wave,@thewealthwavess,https://www.youtube.com/@thewealthwavess,D,1,NO,2025-05-20T16:50:38.571594Z,474,16,21,2879,137.1,179.94,1.35,0,1,0,False
UCItUJvMqeen3fSBa9jDA6rA,Rudy School (Arabic عربي),@rudyschoolarab,https://www.youtube.com/@rudyschoolarab,B,1,AE,2006-11-21T10:08:41Z,7230,188,150,10357,69.0,55.09,0.63,1,1,0,False
UCIALMKvObZNtJ6AmdCLP7Lg,Bloomberg Television,@markets,https://www.youtube.com/@markets,C,1,US,2017-05-03T19:57:47Z,3413,3270000,97310,1466998372,15075.5,448.62,867.89,0,1,0,True
UCInIlECe4WdVQ_y2NiSmg9A,  WAHIB MANSOUR,@wahibmansour3568,https://www.youtube.com/@wahibmansour3568,B,1,JO,2021-10-25T17:51:34.93493Z,1777,15600,582,599337,1029.8,38.42,9.97,1,1,0,False
UCI6OUKGAwzn1sRGdAauobmQ,MACRO FINANCE DAILY,@macrofinancedaily,https://www.youtube.com/@macrofinancedaily,C,1,US,2026-06-02T14:39:24.030101Z,96,1580,105,121345,1155.7,76.8,33.29,0,1,0,False
UCJdBRGdAz-Or0MwCQoS072Q,KG Trading | Stock Market Analysis,@kgtrading-stocks,https://www.youtube.com/@kgtrading-stocks,C,1,DE,2025-12-14T19:07:08.057195Z,266,539,197,33757,171.4,62.63,22.54,0,1,0,False
UCKO-mcLEHGnJfpzQ7q_mQkQ,تحليل معاملات الذهب والفضة,@تحليل_معاملات_الذهب_والفضة,https://www.youtube.com/@تحليل_معاملات_الذهب_والفضة,B,1,,2025-04-19T12:26:30.255187Z,506,11,18,7840,435.6,712.73,1.08,1,1,0,False
UCFheWV_HcwBU2SK7dd-0BzQ,Economic Indicators & Stock Market Analysis,@dhtayloranalysis,https://www.youtube.com/@dhtayloranalysis,C,1,US,2023-09-29T15:27:30.87722Z,1073,3830,481,323557,672.7,84.48,13.65,0,1,0,False
UCFOry4O_FlI2HU5epQnDWPQ,الاستاذ ربيع الفتياني ثقافة مالية ورياضيات الأعمال,@rabee_alfetyani,https://www.youtube.com/@rabee_alfetyani,A,1,JO,2021-10-19T16:17:54.377696Z,1783,145000,207,8838629,42698.7,60.96,3.53,1,1,0,True
UCJhbQR4oxJge57QxmsgVoMQ,Curio Finance  Explainer,@curiofinanceexplainer-h7w,https://www.youtube.com/@curiofinanceexplainer-h7w,D,1,US,2026-06-05T04:32:09.800774Z,94,11,3,503,167.7,45.73,0.97,0,1,0,False
UCJ7ip_9K8cOI1uzVuGW8Upg,الاسهم السعودية تاسي,@tadaul2022,https://www.youtube.com/@tadaul2022,B,1,SA,2013-08-16T16:38:45Z,4769,3340,1109,431840,389.4,129.29,7.08,1,1,0,False
UCFJ6fmiGxBCZv8QcXJX3iHQ,StartEdge Money Making,@startedgeagency,https://www.youtube.com/@startedgeagency,A,1,MA,2017-01-27T11:40:15Z,3510,36,5,256,51.2,7.11,0.04,1,1,0,False
UCJ_8gkrocRLDL-yEdPUMkug,Stick With Finance Lab,@stickwithfinancelab,https://www.youtube.com/@stickwithfinancelab,D,1,AE,2026-08-26T19:19:27.754693Z,11,5,3,0,0.0,0.0,,0,1,0,False
UCJvFHWFL-KJM4OwE8DhK3kA,Crypto oulmouk,@oulmouk,https://www.youtube.com/@oulmouk,B,1,MA,2020-08-18T19:17:52.529559Z,2210,20300,931,1600725,1719.4,78.85,12.82,1,1,0,True
UCKpMvD5q1SSW2f70KRzpoTw,أصول,@osoulfinance,https://www.youtube.com/@osoulfinance,A,1,MA,2025-01-23T22:28:33.833194Z,591,1860,38,44366,1167.5,23.85,1.96,1,1,0,False
UCIUnJdsj5pSUZq48FH_x8ow,دكتور بتكوين,@دكتوربتكوين,https://www.youtube.com/@دكتوربتكوين,B,1,EG,2022-08-07T15:38:30.702503Z,1491,3640,2154,352320,163.6,96.79,43.98,1,1,0,False
UCHKRQ5Mz9z7nUGwgSsNQMHQ,Ben Invests,@beninvests_10,https://www.youtube.com/@beninvests_10,D,1,US,2025-08-16T15:35:50.612961Z,386,3250,178,126121,708.5,38.81,14.04,0,1,0,False
UCFu1qhS9oIuFV2IcD5PBnCg,Enigma Crypto Whale | قناة العملات الرقمية,@eingmacryptowhale,https://www.youtube.com/@eingmacryptowhale,B,1,DE,2021-05-08T01:04:53.061509Z,1948,6340,305,292202,958.0,46.09,4.77,1,1,0,False
UCJN4GYadCsJK81sRGhmafrA,Trading by Yassine,@trading-by-yassine,https://www.youtube.com/@trading-by-yassine,B,1,TN,2016-02-29T00:40:49Z,3843,414000,1125,7469254,6639.3,18.04,8.91,1,1,0,True
UCJlu6BjPWHZhzuCc0zVME0Q,دوباميكافين Dupamicaffeine,@dupamicaffeine,https://www.youtube.com/@dupamicaffeine,A,1,SA,2019-08-31T11:08:43Z,2564,8490000,307,338287767,1101914.6,39.85,3.64,1,0,0,False
UCI3iiHJHXR0klCb0aXGXcwg,Thameen | ثمين,@thameensa,https://www.youtube.com/@thameensa,A,1,SA,2018-03-15T13:00:31Z,3098,9730,264,32916011,124681.9,3382.94,2.59,1,1,0,False
UCIP3QFzSshFMYBSLtHAZvQA,وليد مغربي,@walidmograbi,https://www.youtube.com/@walidmograbi,B,1,RO,2020-04-25T10:11:32.003386Z,2326,153000,899,12512043,13917.7,81.78,11.77,1,1,0,True
UCGv34DrfwwUoyJlw_xhCrsQ,Abderrahim FX Official,@abderrahimfxoficial,https://www.youtube.com/@abderrahimfxoficial,B,1,,2011-10-21T14:18:48Z,5435,8450,227,356685,1571.3,42.21,1.27,1,1,0,False
UCG0gh8ATlloh-xqbA-3NUEA, تحليل الأسهم السعودية  saudi stock analysis,@ibraheem-mahdi,https://www.youtube.com/@ibraheem-mahdi,B,2,SA,2012-02-28T09:17:08Z,5305,5260,220,277339,1260.6,52.73,1.26,1,1,0,False
UCFSr5MLsjpP31ufXnjkOlUw,صفقات التحليل الفني,@صفقاتالتحليلالفني,https://www.youtube.com/@صفقاتالتحليلالفني,B,2,,2020-12-04T21:44:44.74072Z,2102,4540,21,253822,12086.8,55.91,0.3,1,1,0,False
UCHQcA89nXMchSc80cLpKM5A,Stock Market Investing TV | Learn How To Buy Stocks,@stockmarketinvestingtoday,https://www.youtube.com/@stockmarketinvestingtoday,C,1,US,2009-09-03T04:02:35Z,6213,141,34,19090,561.5,135.39,0.17,0,1,0,False
UCJY4rTNO_VuU6-ixPUvQayA,سامر جيرمني ArayFx,@samersmg,https://www.youtube.com/@samersmg,B,1,IQ,2014-04-12T21:54:23Z,4530,441000,62,78087,1259.5,0.18,0.42,1,1,0,True
UCJneCEB-Id4PCuc22SyDHhw,أكاديمية التداول Trading Academy,@trading_academy_ar,https://www.youtube.com/@trading_academy_ar,B,1,KW,2024-06-09T06:54:50.421941Z,820,38100,148,1467548,9915.9,38.52,5.49,1,1,0,True
UCJyShuFZz6AIUpfdTymQy4w,Next Level Indicators,@nextlevelindicator,https://www.youtube.com/@nextlevelindicator,C,1,BD,2017-02-11T06:40:01Z,3495,94,72,16609,230.7,176.69,0.63,0,1,0,False
UCFaJ8JgHaiXBmSzZEGvW5XA,إسماعيل الشكري,@shukriim,https://www.youtube.com/@shukriim,B,2,SA,2007-02-05T06:25:47Z,7154,151000,1065,14266243,13395.5,94.48,4.53,1,1,0,True
UCHTKXQalEHFqKk68ZpJxZNw,Ooga Booga Finance,@oogaboogafinance,https://www.youtube.com/@oogaboogafinance,D,1,US,2026-01-25T09:12:49.796976Z,225,0,1,11,11.0,,0.14,0,1,0,False
UCLe_q9axMaeTbjN0hy1Z9xA,Caleb Hammer,@calebhammer,https://www.youtube.com/@calebhammer,D,1,US,2020-05-20T15:46:09.004801Z,2300,3710000,4786,4363220813,911663.4,1176.07,63.34,0,1,0,True
UCLq1_5XUE53ecojIwkOZlFA,Kirttan Shah,@kirtanashah,https://www.youtube.com/@kirtanashah,C,1,IN,2013-07-25T09:59:19Z,4792,128000,314,13544580,43135.6,105.82,1.99,0,1,0,True
UCMa3AmhND6CM4Ko2RqvmGTQ,Investing.com: Stock Market,,https://www.youtube.com/channel/UCMa3AmhND6CM4Ko2RqvmGTQ,C,1,,2025-11-03T10:47:40.94279Z,308,0,0,0,,,0.0,0,1,0,False
UCLFdNwLb2P7HYy7p45hBq5A,اسرار تداول العملات الرقمية,@crypto911,https://www.youtube.com/@crypto911,B,1,AE,2021-05-24T18:12:38.232049Z,1931,4830,973,323355,332.3,66.95,15.34,1,1,0,False
UCNc2cFy7_fRlcD0x-ddMFlQ,Waqar Zaka,@waqarzaka,https://www.youtube.com/@waqarzaka,C,1,AU,2015-04-28T08:58:32Z,4150,1900000,3465,144890138,41815.3,76.26,25.42,0,1,0,True
UCNtqZ90xzDjUF6juYL37pVg,عقلية النجاح المالي,@money.mindset44,https://www.youtube.com/@money.mindset44,A,1,US,2025-10-18T22:15:08.444326Z,323,346,74,72753,983.1,210.27,6.97,1,1,0,False
UCME0QCDLzRc4dFPzCP-_bug,Financial maestro Zufar | المايسترو المالي,@maestrozufar,https://www.youtube.com/@maestrozufar,B,1,,2008-06-04T14:13:26Z,6669,429,63,79501,1261.9,185.32,0.29,1,1,0,False
UCPQFIx80N8_a3MC6Gx9If2g,Teach Me! Personal Finance,@teachmepersonalfinance,https://www.youtube.com/@teachmepersonalfinance,C,1,US,2022-10-18T12:44:58.58247Z,1420,23600,820,4192929,5113.3,177.67,17.58,0,1,0,True
UCNXYBYAjs13KEAbXQ1UzfOg,Stephen Finance ,@stephenfinance,https://www.youtube.com/@stephenfinance,D,1,GH,2022-12-14T03:29:21.050372Z,1363,103000,74,894784,12091.7,8.69,1.65,0,1,0,True
UCPAaapWJbYnGKwIua7yaBiQ,The Money Strategy,@the.money.strategy,https://www.youtube.com/@the.money.strategy,A,1,EG,2014-09-04T18:11:39Z,4385,15,24,9009,375.4,600.6,0.17,1,1,0,False
UCOHxDwCcOzBaLkeTazanwcw,Bravos Research,@bravosresearch,https://www.youtube.com/@bravosresearch,C,1,AE,2017-08-19T08:49:11Z,3306,641000,921,86453596,93869.3,134.87,8.48,0,1,0,True
UCMw5p2f53_DerfXjeTx8L5w,Finance Explained,@financeexplained-us,https://www.youtube.com/@financeexplained-us,C,1,US,2026-07-06T15:15:11.72097Z,62,4,10,1049,104.9,262.25,4.91,0,1,0,False
UCOfxXOCahCuLPXqLtNxeP3w,المستر إبراهيم محمد ,@ibrahimmohamedyt,https://www.youtube.com/@ibrahimmohamedyt,A,1,,2025-05-06T18:38:05.527107Z,488,0,4,255,63.8,,0.25,1,0,0,False
UCPYnO91qekBWZExXRUtq2Qw,Jessica Moorhouse - Canadian Personal Finance,@jessicamoorhouse,https://www.youtube.com/@jessicamoorhouse,C,1,CA,2015-09-03T00:41:21Z,4022,63000,394,5817026,14764.0,92.33,2.98,0,1,0,True
UCNUI5V8T8vuhEX1l2Z-D2eg,First Person Wealth,@themoneygame777,https://www.youtube.com/@themoneygame777,D,1,US,2025-04-28T22:38:08.914562Z,496,622,47,40892,870.0,65.74,2.88,0,1,0,False
UCMdDsXYzg-GbDX3eDCDiTtg,عالم البيتكوين والعملات الرقمية ,@عالم.البيتكوين.العملات.الرقمية,https://www.youtube.com/@عالم.البيتكوين.العملات.الرقمية,B,1,EG,2019-03-28T15:40:28Z,2719,6750,101,198603,1966.4,29.42,1.13,1,1,0,False
UCNAgwbLCxblTqTJkyT2xMjQ,Bawali Bitcoin,@bawalibitcoin,https://www.youtube.com/@bawalibitcoin,C,1,IN,2022-01-23T20:02:39.376296Z,1687,131,18,5693,316.3,43.46,0.32,0,1,0,False
UCMtuPmD3Uemc0qoSeSGsdFQ,Finverse,@finverse26,https://www.youtube.com/@finverse26,D,1,,2026-07-07T06:00:11.120945Z,62,0,1,2,2.0,,0.49,0,1,0,False
UCN1EubZoom0nFMa8_mwmBhQ,Bitcoin Exposed,@bitcoinexposed,https://www.youtube.com/@bitcoinexposed,C,1,US,2024-11-24T16:47:41.286365Z,651,38,17,2174,127.9,57.21,0.79,0,1,0,False
UCNIuvl7V8zACPpTmmNIqP2A,OverSimplified,@oversimplified,https://www.youtube.com/@oversimplified,D,1,US,2006-10-28T11:29:15Z,7254,9610000,33,1414472769,42862811.2,147.19,0.14,0,0,0,False
UCL_v4tC26PvOFytV1_eEVSg,Marko - WhiteBoard Finance,@whiteboardfinance,https://www.youtube.com/@whiteboardfinance,D,1,US,2017-10-29T02:03:14Z,3235,1030000,425,69721872,164051.5,67.69,4.0,0,1,0,True
UCN_7mCnvo2CVJuYci2o4oqw,عامر قاسم ,@amer_network,https://www.youtube.com/@amer_network,B,1,DE,2016-07-27T12:09:56Z,3694,131000,60,278525,4642.1,2.13,0.49,1,1,0,True
UCNj1mz_ZzBs-8x28Jd_bCEA,The Financial Explainer ,@financial_explainer,https://www.youtube.com/@financial_explainer,D,1,,2023-07-30T09:05:02.410564Z,1135,22000,99,2054926,20756.8,93.41,2.66,0,1,0,True
UCOusPwyNlxmtqQduGOM2FnA,Explaining Economics Like You're Five,@explainingeconlikeyourefive,https://www.youtube.com/@explainingeconlikeyourefive,D,1,US,2018-01-18T01:10:33Z,3154,18200,426,1237101,2904.0,67.97,4.11,0,1,0,False
UCOCcs_MZ1H8Va51-hARMi7Q,Yunabs Economics Cartoon,@yunabseconomicscartoon2673,https://www.youtube.com/@yunabseconomicscartoon2673,D,1,,2021-03-01T21:06:04.100039Z,2015,3,5,104,20.8,34.67,0.08,0,1,0,False
UCPPvSwUkX9TGBMmDO0ogF8w,TradingView Indicators,@trading-z9q,https://www.youtube.com/@trading-z9q,C,1,,2025-01-18T04:26:21.293255Z,597,15,47,1099,23.4,73.27,2.4,0,1,0,False
UCP2Yoxvv3C_6tqnup2RVEKA,EGXLytics | Egyptian Stock Market & AI Finance,@egxlytics,https://www.youtube.com/@egxlytics,C,1,,2026-09-07T07:34:32.221793Z,0,0,4,0,0.0,,,1,1,0,False
UCNtn3qL3In4JpiKJY7n10Iw,Economic Discussion | دردشة اقتصادية,@economic_discussion,https://www.youtube.com/@economic_discussion,A,1,DE,2026-05-28T13:48:17.0401Z,102,4370,55,113449,2062.7,25.96,16.41,1,1,0,False
UCMw07uiVxGULqePlrOZnx9A,Personal Finance with Leila - Debt Over It,@personalfinancewithleila,https://www.youtube.com/@personalfinancewithleila,C,1,US,2019-12-05T00:33:47.204238Z,2468,66300,1233,8956191,7263.7,135.09,15.21,0,1,0,True
UCPMGX5GSfu3hT_YtpgUOnsw,فوركس - Forex Profit,@forexprofit1,https://www.youtube.com/@forexprofit1,B,1,EG,2019-10-13T11:43:19.880177Z,2521,102000,588,2086944,3549.2,20.46,7.1,1,1,0,True
UCLcmgzk0UYlblo_XysBwuOg,Money Explained,@moneyexplained-me2,https://www.youtube.com/@moneyexplained-me2,D,1,UA,2020-05-28T15:54:04.805921Z,2292,5440,66,963496,14598.4,177.11,0.88,0,1,0,False
UCLvlBE9rK6tefXi11vAbO5Q,ببساطة,@ببساطة-ط2ن,https://www.youtube.com/@ببساطة-ط2ن,A,1,MA,2026-06-09T13:01:43.858116Z,90,6,3,3093,1031.0,515.5,1.01,1,1,0,False
UCLma2VYLkCBMtXfZPV-dTyg,Kyle Invests,@kyle.invests,https://www.youtube.com/@kyle.invests,D,1,US,2025-04-05T20:16:07.78315Z,519,210,87,19871,228.4,94.62,5.1,0,1,0,False
UCNBNj_eE6METYs5qIZjoWPQ,"Zach Chiara, CFP®",@zachchiaracfp,https://www.youtube.com/@zachchiaracfp,A,1,,2025-02-03T02:25:43.836509Z,581,200,62,103609,1671.1,518.04,3.25,0,1,0,False
UCL8DNIRHI36rTTdYuUy1rfw,Crypto trading بالعربي,@cryptotrading_arabic,https://www.youtube.com/@cryptotrading_arabic,B,1,,2026-04-05T16:04:44.582908Z,154,23,6,357,59.5,15.52,1.19,1,1,0,False
UCNak2Oc0NQ5Tu3Jz7l7eQUw,Omar Khalaf,@oconomics,https://www.youtube.com/@oconomics,A,1,,2025-11-14T11:08:05.967481Z,297,522,23,32230,1401.3,61.74,2.36,1,1,0,False
UCN8Nu711h4rtbjScX-4dtWA,Macro Unfiltered,@macrounfiltered-b8e1j,https://www.youtube.com/@macrounfiltered-b8e1j,C,1,US,2026-08-07T15:29:14.93207Z,30,0,4,127,31.8,,,0,1,0,False
UCNF5Np30COaoOZSYu9hKa7A,Hannah Invests,@hannah_investsus,https://www.youtube.com/@hannah_investsus,A,1,US,2026-06-29T19:37:33.134424Z,69,3680,31,273033,8807.5,74.19,13.68,0,1,0,False
UCLMokBSMDliv1bcPZkRt2rA,Bull&Marker,@bullmarker,https://www.youtube.com/@bullmarker,D,1,US,2025-07-10T00:20:32.218132Z,424,86,76,95479,1256.3,1110.22,5.46,0,1,0,False
UCLj0jKYcCmK1CjjFjKsMedA,Doodle Dividends,@doodledividend5,https://www.youtube.com/@doodledividend5,D,1,US,2026-01-19T16:05:00.594604Z,230,1,54,4872,90.2,4872.0,7.15,0,1,0,False
UCNwJ4aGVGKyOu1mtdTx_3fA,"Bitcoin, Cryptocurrency Technologies",@bitcoincryptocurrencytechn3019,https://www.youtube.com/@bitcoincryptocurrencytechn3019,C,1,NG,2019-05-09T21:28:20Z,2677,4,18,190,10.6,47.5,0.2,0,1,0,False
UCP9RPj_BG0vit2TNM7LuRxA,Crayon Capital,@crayon_capital,https://www.youtube.com/@crayon_capital,D,1,,2025-03-31T08:12:45.920605Z,525,253000,29,18477547,637156.8,73.03,1.68,0,1,0,True
UCP5saXoAty-G1QLzjkoYDsQ,بالعربي - Chart ,@arabicchart,https://www.youtube.com/@arabicchart,B,1,EG,2025-07-07T08:53:08.199608Z,427,533,43,35578,827.4,66.75,3.07,1,0,0,False
UCOfYT8e9oCOfP2Tkr9PF1tg,Macro Vision,@macrovision-z2m,https://www.youtube.com/@macrovision-z2m,C,1,US,2026-08-01T14:13:35.981435Z,37,23,44,3159,71.8,137.35,36.2,0,1,0,False
UCLxuIOwrqM02d3_t1c6qMYQ,Hoor Trading,@horr.9,https://www.youtube.com/@horr.9,B,1,,2021-10-02T15:14:32.37391Z,1800,1160,27,19582,725.3,16.88,0.46,1,1,0,False
UCLZr_0je639BbJVh1BFqx0Q,Owl Trade,@owl_trade_30,https://www.youtube.com/@owl_trade_30,B,1,,2022-09-13T14:20:24.750837Z,1455,9450,139,309769,2228.6,32.78,2.91,0,1,0,False
UCPNlCLYAqrgRz8iOhBQ6ofg,"Millie Gormely, CFP - IG Wealth Management",@milliegormely,https://www.youtube.com/@milliegormely,A,1,CA,2009-12-18T21:33:17Z,6106,30,18,430,23.9,14.33,0.09,0,1,0,False
UCNa-AODajwfzOVirx0W7IZg,Macro Bullion,@macrobullions,https://www.youtube.com/@macrobullions,C,1,US,2026-07-04T10:30:33.633812Z,65,4030,89,409562,4601.8,101.63,41.68,0,1,0,False
UCP7HF4y_PLWKoFgaMfdG57A,CashToon,@cashtoon-n4b,https://www.youtube.com/@cashtoon-n4b,D,1,US,2026-05-05T07:03:45.282155Z,125,0,2,183,91.5,,0.49,0,1,0,False
UCO3qWot3L3egKYit9x9uWGw,البورصة للمبتدئين,@borsa-for-beginners,https://www.youtube.com/@borsa-for-beginners,A,1,EG,2024-05-15T17:33:26.783952Z,844,28800,654,1979604,3026.9,68.74,23.59,1,1,0,True
UCUZ4uWZB0R31exvcOys9qcg,Stock Market Supremacy Analysis,@1973pkb,https://www.youtube.com/@1973pkb,C,1,IN,2011-11-20T06:11:17Z,5405,59100,7835,34309479,4379.0,580.53,44.13,0,1,0,True
UCRLV-68DF_wJjJHULuo2O7A,The Investing Guide,@theinvestingguide-u4l,https://www.youtube.com/@theinvestingguide-u4l,C,1,US,2026-07-12T20:35:24.876118Z,56,0,6,173,28.8,,3.26,0,1,0,False
UCRMMjfRBda5o8JFEABFruxQ,بوصلة المال,@moneycompass94,https://www.youtube.com/@moneycompass94,A,1,,2019-09-03T20:35:03Z,2560,1,23,100,4.3,100.0,0.27,1,1,0,False
UCQa-nvZH50GtRX6Dr_6ftuA,Finance In Paint,@financeinpaint-c3b,https://www.youtube.com/@financeinpaint-c3b,D,1,US,2026-09-04T05:02:38.782209Z,3,0,1,0,0.0,,,0,1,0,False
UCTyapbYf8u1Kgfr06Cb0iyQ,ديوانية الاسهم السعودية,@ديوانيةالاسهمالسعودية,https://www.youtube.com/@ديوانيةالاسهمالسعودية,B,1,SA,2011-12-04T03:52:06Z,5391,978,22,24416,1109.8,24.97,0.12,1,0,0,False
UCRQ6sqGZgd3v5fH97HYBuNw,تعلم التحليل الفني في التداول,@تحليل_الاسهم_التحليل_الفني,https://www.youtube.com/@تحليل_الاسهم_التحليل_الفني,B,1,AE,2015-06-23T18:16:35Z,4093,18300,7,1280,182.9,0.07,0.05,1,1,0,False
UCQ1m6nl_Vv350wLjysCt55w,Whiteboard Wealth,@whiteboardwealthy,https://www.youtube.com/@whiteboardwealthy,D,1,US,2026-01-14T17:52:06.695676Z,235,19,8,1064,133.0,56.0,1.04,0,1,0,False
UCU75k8o-BPa2gVwXgJSfEVQ,Jemy JR Crypto,@jemyjrcrypto7,https://www.youtube.com/@jemyjrcrypto7,B,1,AE,2022-01-10T11:47:31.426448Z,1701,41000,208,1655640,7959.8,40.38,3.72,1,1,0,True
UCUgKeiAxakx5i-e_peOOejw,Bitcoin Trading Platform,@bitcointradingplatform-t6u,https://www.youtube.com/@bitcointradingplatform-t6u,C,1,,2025-03-24T11:02:41.772776Z,532,4,29,572,19.7,143.0,1.66,0,1,0,False
UCUc5GtilYKoR3D2Do4BZfTA, تعلم و اربح في الأسهم و الدهب | مع أحمد يوسف,@تعلمواربحفيالاسهموالدهبمعاحمدي,https://www.youtube.com/@تعلمواربحفيالاسهموالدهبمعاحمدي,B,1,,2020-04-12T19:05:32.986365Z,2338,4270,89,158380,1779.6,37.09,1.16,1,1,0,False
UCRK5xmIi8kuLUduTE3Ti7lw,Share Market Analysis,@sharemarketanalysis,https://www.youtube.com/@sharemarketanalysis,C,1,IN,2021-02-18T17:31:52.374725Z,2026,331000,16253,127083720,7819.1,383.94,244.2,0,1,0,True
UCTY6Yae62kodvNX1PDTSrug,IntraQuotes Trading Indicators,@intraquotes,https://www.youtube.com/@intraquotes,C,1,IN,2015-11-20T06:01:33Z,3944,2990,49,185776,3791.3,62.13,0.38,0,1,0,False
UCSRX7Wx8IGdjNfY2Y3zJz3Q,Clever Finance,@cleverfinancegroup,https://www.youtube.com/@cleverfinancegroup,D,1,GB,2026-05-05T18:28:48.96761Z,124,20,26,4272,164.3,213.6,6.38,0,1,0,False
UCUh5m4D_bSOqw7cJF8EQ8Dw,Finance Simply Explained,@financesimplyexplained2025,https://www.youtube.com/@financesimplyexplained2025,C,1,,2025-08-12T17:37:19.503776Z,390,19000,70,628342,8976.3,33.07,5.46,0,1,0,False
UCRoJlSwsBJaFh_YdHiwqObg,Stock Monster: Stock Market Analysis,@stockmonsterbycaprateekdangi,https://www.youtube.com/@stockmonsterbycaprateekdangi,C,1,IN,2019-12-16T12:56:26.982389Z,2457,4590,197,166171,843.5,36.2,2.44,0,1,0,False
UCS069MbT-bczkkf9DmNSZUQ,Trading Indicators,@my-tradingindicators,https://www.youtube.com/@my-tradingindicators,C,1,CA,2011-10-02T18:00:32Z,5453,3300,272,192567,708.0,58.35,1.52,0,1,0,False
UCQ2e0UA7tFWn6sU3F64bjFQ,Rich Habits بالعربي,@drmahus,https://www.youtube.com/@drmahus,A,1,EG,2025-04-12T22:41:54.99725Z,512,6790,88,224161,2547.3,33.01,5.23,1,1,0,False
UCRbToPlK5uToKqHQw8hwUlw,احمد غنيم - اقتصاد بالبلدى,@eqtesadbelbalady,https://www.youtube.com/@eqtesadbelbalady,A,1,,2022-08-01T02:43:00.557918Z,1498,1190,278,44941,161.7,37.77,5.65,1,1,0,False
UCRWpy0YKif3XGtJwQJBnBMQ,Stock Investing Beginners Guide - Topic,,https://www.youtube.com/channel/UCRWpy0YKif3XGtJwQJBnBMQ,C,1,,2018-08-08T05:57:03Z,2952,53,25,19208,768.3,362.42,0.26,0,1,0,False
UCSmcIvLwCkxX0aZTGIE8s6Q,تعلّم التداول | The Trading Guide,@the-trading-guide,https://www.youtube.com/@the-trading-guide,B,1,MA,2019-02-13T12:40:02Z,2763,44300,47,12750,271.3,0.29,0.52,1,1,0,True
UCSBNLAgSpN6nm9XIjfkiXDw,محمد الميموني ,@mohammad_fx,https://www.youtube.com/@mohammad_fx,B,1,SA,2014-12-16T13:23:04Z,4283,23900,2510,3602359,1435.2,150.73,17.84,1,1,0,True
UCR8GaoODTnWg7lSGOUr4_Ww,مختبر التحليل الفني ,@chart_artist,https://www.youtube.com/@chart_artist,B,1,,2016-05-10T10:06:58Z,3772,16,11,1696,154.2,106.0,0.09,1,1,0,False
UCQv8K2vlxopHYlC6Ur8g8Ig,اسهم نقية,@pure.stocks,https://www.youtube.com/@pure.stocks,B,1,SA,2022-09-01T14:44:04.926268Z,1466,354,63,13200,209.5,37.29,1.31,1,1,0,False
UCQNG2omYjXg1gCYhxvDh5mQ,تداول خارج الصندوق,@kharej-alsondouk-trading,https://www.youtube.com/@kharej-alsondouk-trading,B,1,TN,2023-01-19T03:33:08.201841Z,1327,1720,0,0,,0.0,0.0,1,1,0,False
UCQlBx0Qn5E094F9qbvVIwKA,AhmedSaeid _ تعلم التحليل الفني,@zikotrading4104,https://www.youtube.com/@zikotrading4104,B,1,,2020-05-22T03:01:28.505272Z,2299,3380,48,74646,1555.1,22.08,0.64,1,1,0,False
UCSv70qwUKJz8Kz8Lnhgj54A,نبض الإقتصاد,@نبضاالاقتصاد,https://www.youtube.com/@نبضاالاقتصاد,A,1,JO,2026-07-15T13:20:32.683728Z,54,109,14,8963,640.2,82.23,7.89,1,1,0,False
UCSnOiCeRfN9OjkMDC-iswwA,Gold Trading Maroc,@goldtradingmaroc,https://www.youtube.com/@goldtradingmaroc,B,1,,2026-03-22T18:56:11.905145Z,168,12,22,1713,77.9,142.75,3.99,1,1,0,False
UCTwBDY4-yzyeuJA-uiEyvQA,WealthMind AI,@wealthmindai-i6z,https://www.youtube.com/@wealthmindai-i6z,D,1,,2026-08-27T22:56:08.444633Z,10,0,1,8,8.0,,,0,1,0,False
UCTZ8Sw2Ipxrsq5ySXlOx76A,Whiteboard Capital,@whiteboardcapital,https://www.youtube.com/@whiteboardcapital,D,1,US,2026-06-20T05:51:34.461078Z,79,0,2,1,0.5,,0.77,0,1,0,False
UCRYDaSyrGXJFts54aVV36ww,WeeKup,@weeksup,https://www.youtube.com/@weeksup,A,1,MA,2025-01-30T21:01:30.306006Z,584,4,1,21,21.0,5.25,0.05,1,1,0,False
UCPyFljkktqB0YER3ZmcsQhg,اكادمية الثقافة المالية ,@اكادمية_ثقافة_المالية,https://www.youtube.com/@اكادمية_ثقافة_المالية,A,1,,2019-07-09T08:20:34Z,2617,14,8,3628,453.5,259.14,0.09,1,1,0,False
UCQpPo9BNwezg54N9hMFQp6Q,Nischa,@nischa,https://www.youtube.com/@nischa,C,1,GB,2021-12-04T12:32:14.456169Z,1738,2250000,272,141166412,518994.2,62.74,4.76,0,1,0,True
UCRd2_I_CoD34x29KmN5ff9g,Investing.com: Stock Market,,https://www.youtube.com/channel/UCRd2_I_CoD34x29KmN5ff9g,C,1,,2025-10-23T11:54:01.507568Z,319,0,0,0,,,0.0,0,1,0,False
UCS107r9jTeTR61rdyZGwPkw,Accurate Cryptocurrency Information,@accuratecryptocurrencyinfo1793,https://www.youtube.com/@accuratecryptocurrencyinfo1793,C,1,VU,2019-10-23T21:02:03.284877Z,2510,440,100,72741,727.4,165.32,1.21,0,1,0,False
UCTV0Wfd2Z5SROPn6cU7weCQ,Bitcoin Wealth Hub ,@bitcoinwealthhub-01,https://www.youtube.com/@bitcoinwealthhub-01,C,1,US,2026-08-21T16:45:08.632637Z,16,0,1,45,45.0,,,0,1,0,False
UCRdqpG2dntcoRUJJyPhNOAg,Dalilak Al Mali-دليلك المالي,@dalilakmali,https://www.youtube.com/@dalilakmali,A,1,AE,2024-10-07T04:02:18.449497Z,700,7870,147,304968,2074.6,38.75,6.39,1,1,0,False
UCSkxlGvCO-MUW75ZF-TaJ1g,📈 القناة الرسمية للمحلل الفني أبو هيف 💹,@abu_haif,https://www.youtube.com/@abu_haif,B,1,SA,2021-04-23T20:17:30.960245Z,1962,4450,74,133611,1805.6,30.02,1.15,1,1,0,False
UCRCXQGpVx3JrReYQmtXBgTw,Dhiraj Markets Daily,@queenmoneymindset,https://www.youtube.com/@queenmoneymindset,C,1,IN,2023-12-31T05:53:42.173939Z,981,13400,7,1804,257.7,0.13,0.22,0,1,0,False
UCQwvc_DMdwkjOvmk0tXy7pg,استثمار باختصار ,@استثمارباختصار,https://www.youtube.com/@استثمارباختصار,B,1,KW,2023-02-07T04:29:41.554983Z,1308,3330,70,154257,2203.7,46.32,1.63,1,1,0,False
UCQ2mc5SjZQ1jgGDP7352Vmg,Personal Finance Explained,@personalfinance_explained,https://www.youtube.com/@personalfinance_explained,C,1,,2026-08-10T01:34:16.861805Z,28,0,7,60,8.6,,,0,1,0,False
UCRXe1sNPncgCcNC3_cnuX7w,و,@musta-nad,https://www.youtube.com/@musta-nad,A,1,EG,2022-01-22T00:24:00.242738Z,1689,0,1,4,4.0,,0.02,1,1,0,False
UCQLkn81yh9FLZkhljwYjS_w,Cryptocurrency News and Updates,@cryptonewsandupdates17,https://www.youtube.com/@cryptonewsandupdates17,C,1,,2016-06-02T17:59:20Z,3748,5,33,1083,32.8,216.6,0.27,0,1,0,False
UCTLw0KZbPWIaM1uNv8yKF5Q,تعليم التداول,@tradingedecution,https://www.youtube.com/@tradingedecution,A,1,MA,2020-05-05T21:43:50.136498Z,2315,28,10,242,24.2,8.64,0.13,1,1,0,False
UCSn51KXzr9aKn-lhlWBHHGA,Amine Explains Money,@amineexplainsmoney,https://www.youtube.com/@amineexplainsmoney,D,1,MA,2026-08-06T12:35:40.149974Z,32,3,3,118,39.3,39.33,2.85,0,1,0,False
UCRyjTl83TOXFtqCjbfAR_Mw,Your life's wealth,@yourlifeswealth,https://www.youtube.com/@yourlifeswealth,A,1,,2022-10-30T15:52:51.370747Z,1407,1,1,4,4.0,4.0,0.02,1,1,0,False
UCUO1cm8OvIQLzr9804q2urQ,Tadawool FX,@tadawoolfx,https://www.youtube.com/@tadawoolfx,B,1,LB,2021-10-01T21:19:55.728653Z,1801,5900,241,472127,1959.0,80.02,4.07,1,1,0,False
UCQfUtJbFZVkCoJ3pD6QYW7Q,JackInvesıs,@jackinvesis,https://www.youtube.com/@jackinvesis,D,1,TR,2016-05-05T16:29:36Z,3776,4,8,65,8.1,16.25,0.06,0,1,0,False
UCTjEXls-s7667nZvo1R6xEw,I am Economics,@iameconomics,https://www.youtube.com/@iameconomics,D,1,,2026-09-05T08:36:22.466461Z,2,0,3,0,0.0,,,0,1,0,False
UCRgOlAawb_wX2CrluupUmtw,برنامج نادي الاسهم السعودي,@youtubeclub-g7w,https://www.youtube.com/@youtubeclub-g7w,B,1,SA,2022-01-29T18:20:22.581997Z,1681,29,29,4849,167.2,167.21,0.53,1,0,0,False
UCSpWjXuD7IvygFelsJA2New,تعلم Forex بالعربي,@forex4017,https://www.youtube.com/@forex4017,B,1,,2021-11-01T08:26:09.173178Z,1771,18,15,493,32.9,27.39,0.26,1,0,0,False
UC_4QJKhVhnBwO7viR2kqt_A,RM Capital Analytics: Rashad Hajiyev,@rmcapitalanalyticsrashadha8686,https://www.youtube.com/@rmcapitalanalyticsrashadha8686,C,1,AZ,2012-05-19T06:14:54Z,5224,7040,179,419479,2343.5,59.59,1.04,0,1,0,False
UCVSAOTthOHP2kQwVxG6WKFw,kero trade,@kerotrade,https://www.youtube.com/@kerotrade,B,1,EG,2021-10-18T23:28:35.625152Z,1784,7430,412,364990,885.9,49.12,7.03,1,1,0,False
UCZ6jPX8gjXoQwNtBqTBIohQ,Macro Bullion,@macrobullion01,https://www.youtube.com/@macrobullion01,C,1,US,2026-02-15T11:26:30.236036Z,204,18,90,5331,59.2,296.17,13.43,0,1,0,False
UC_vCui3QWgmNrASMMz_EejQ,uChartAlgo ||,@algouchart,https://www.youtube.com/@algouchart,B,1,EG,2023-12-04T20:48:17.085748Z,1007,21800,81,940822,11615.1,43.16,2.45,1,1,0,True
UCVV5Eh6hpKzRP9zwxfVJKGw,الاقتصاد ببساطة,@الاقتصادببساطة-ح2ظ,https://www.youtube.com/@الاقتصادببساطة-ح2ظ,A,1,,2022-03-15T08:18:34.758387Z,1637,3,1,66,66.0,22.0,0.02,1,1,0,False
UCXKaOToBbYstk-vIT7dpfxw,A GHAZAL TRADER,@ghazal_trader,https://www.youtube.com/@ghazal_trader,B,1,EG,2022-12-13T04:42:43.68253Z,1364,202,147,51600,351.0,255.45,3.28,1,1,0,False
UCZmKFfiLAag4Cw612favrSg,  GroWise |  الاستثمار مع مصطفى خليل ,@moustafakhalil-s8u,https://www.youtube.com/@moustafakhalil-s8u,A,1,AE,2024-12-17T20:02:23.916462Z,628,20700,417,1147834,2752.6,55.45,20.21,1,1,0,True
UC_kwDHUeC6EFeH7s5xquymA,Crypto Recs – التحليل الفني,@cryptorecs,https://www.youtube.com/@cryptorecs,B,1,MA,2025-04-19T15:43:55.046891Z,505,391,4,3906,976.5,9.99,0.24,1,1,0,False
UC_4JcFVfzl5f5runRldZgtw,الأستاذ قنشوبة,@guenchouba,https://www.youtube.com/@guenchouba,A,1,DZ,2020-05-20T22:12:28.911988Z,2300,1100000,662,59219423,89455.3,53.84,8.76,1,1,0,True
UC_cgTPDiLT2e6xixyw7fwbw,Hudson Talks Money,@hudsontalksmoney,https://www.youtube.com/@hudsontalksmoney,D,1,BD,2026-08-02T15:47:57.068299Z,35,0,19,44,2.3,,16.52,0,1,0,False
UCXOix1cCQJIvt6gc8qOwXBg,ابو امير الذهب الامن,@amirabdilah7541,https://www.youtube.com/@amirabdilah7541,B,1,,2022-07-01T21:16:05.884877Z,1528,18200,737,2270532,3080.8,124.75,14.68,1,1,0,False
UC_pARhgQOD3CCixjE4cAhKA,people bitcoin / المفتش في الكريبتو,@peoplebitcoin02,https://www.youtube.com/@peoplebitcoin02,B,1,MA,2017-05-04T12:10:23Z,3413,2120,83,29610,356.7,13.97,0.74,1,1,0,False
UCYpihgHD3tz96xqvXTcY5Kw,Indicator Insider,@insiderindicator,https://www.youtube.com/@insiderindicator,C,1,PK,2025-12-10T11:51:32.864878Z,271,1,4,68,17.0,68.0,0.45,0,1,0,False
UCYwhSPxPwR_xXe1CkePAbOg,الثقافة المالية (Financial Culture),@financialculture-fc,https://www.youtube.com/@financialculture-fc,A,1,MA,2025-12-18T22:29:06.596385Z,262,13,10,736,73.6,56.62,1.16,1,1,0,False
UCZ3u8vP-UNm8p231d4rRATA,Smart NYSE Investing,@smartnyseinvesting,https://www.youtube.com/@smartnyseinvesting,C,1,US,2009-04-26T21:38:49Z,6342,9,10,107,10.7,11.89,0.05,0,1,0,False
UCZ4AMrDcNrfy3X6nsU8-rPg,Economics Explained,@economicsexplained,https://www.youtube.com/@economicsexplained,D,2,US,2012-09-09T09:28:37Z,5111,2880000,446,372345967,834856.4,129.29,2.66,0,1,0,True
UCX32D2N84pyC3naxliol7_Q,بوصلة المال,@بوصلةالمال-ض9ص,https://www.youtube.com/@بوصلةالمال-ض9ص,A,2,AE,2026-07-17T13:50:04.340835Z,52,6,6,1257,209.5,209.5,3.51,1,1,0,False
UCXmXN1-Kftg4UJd_s8tW8kw,Indicator Trader,@indicatortrader99,https://www.youtube.com/@indicatortrader99,C,1,IN,2025-12-08T15:32:25.644489Z,272,615,100,24025,240.2,39.07,11.19,0,1,0,False
UCW80FUppzDRFNyZNmom39Ow,مجتمع البتكوين - people bitcoin,@redacrypto,https://www.youtube.com/@redacrypto,B,1,MA,2019-05-01T04:28:49Z,2686,17600,2282,1679579,736.0,95.43,25.86,1,1,0,False
UCZ8PH-oOaYbh7mjUT3-KIoQ,معهد التحليل الفني,@tahlilfani,https://www.youtube.com/@tahlilfani,B,1,,2024-10-24T11:15:37.380302Z,683,148,7,2431,347.3,16.43,0.31,1,1,0,False
UCZSnOyr49uWYYKGUOu2qQ-w,Personal Finance Explained,@pfepersonalfinanceexplained,https://www.youtube.com/@pfepersonalfinanceexplained,C,1,,2022-11-23T07:45:58.755906Z,1384,43,2,157,78.5,3.65,0.04,0,1,0,False
UCZHUCpwsEa1d2RdollBUdfA,تعلم التداول من الصفر,@ta3alamtadawol,https://www.youtube.com/@ta3alamtadawol,B,1,MA,2024-03-17T15:05:19.853873Z,903,69,27,1697,62.9,24.59,0.91,1,1,0,False
UCV1oxX3gVayLEJkHiM2UKAw,Personal Finance 101,@personal_finance101,https://www.youtube.com/@personal_finance101,C,1,BD,2013-09-25T16:05:14Z,4729,1890,41,39928,973.9,21.13,0.26,0,1,0,False
UCVcGUeKRzyvXi2NA7u62Zvg,تعليم انشاء مواقع الاستثمار الربح,@payeer5906,https://www.youtube.com/@payeer5906,A,1,EG,2020-12-31T01:38:13.4046Z,2076,3520,80,61109,763.9,17.36,1.17,1,1,0,False
UCX4tfYUa_HcK6O2BpXDjx-A,علاء أيمن ALaa Ayman,@ayyman_alaa,https://www.youtube.com/@ayyman_alaa,B,1,AE,2022-05-31T12:50:28.42116Z,1560,1710000,113,310388288,2746799.0,181.51,2.2,1,0,0,False
UCY7jXVa2xQMWnLphEJBjR1w,Investing Facts,@investingfacts15,https://www.youtube.com/@investingfacts15,C,1,IN,2021-08-04T11:23:23.88545Z,1860,2100,244,169735,695.6,80.83,3.99,0,1,0,False
UC_HeMu2IfmLRg11DP4aiWJw,حصريات الاقتصاد-Economy-Exclusive,@economy-exclusive,https://www.youtube.com/@economy-exclusive,A,1,EG,2022-11-01T14:22:17.057789Z,1406,0,2,55,27.5,,0.04,1,1,0,False
UCWZ8AGZTRnknein_ra14LgA,Ghaith Abohlal,@ghaithabohlal,https://www.youtube.com/@ghaithabohlal,B,1,AE,2020-03-26T19:18:42.069587Z,2355,1080000,3283,22493921,6851.6,20.83,42.44,1,1,0,True
UCZcp0gd220iLYfAsCqG6wbw,Econyx,@econyxoffical,https://www.youtube.com/@econyxoffical,D,1,,2025-08-13T16:30:48.234791Z,389,31,1,8,8.0,0.26,0.08,0,1,0,False
UCZbrRYrg09Efcebbz1dwoKQ,INVESTING WITH GIO,@investingwithgio,https://www.youtube.com/@investingwithgio,C,1,,2022-05-13T05:40:18.969235Z,1578,814,64,15856,247.8,19.48,1.23,0,1,0,False
UCZ8PJ38_S4zKaOUvexY7dFw,Mohamed Ezzat,@mohamedezzat884,https://www.youtube.com/@mohamedezzat884,A,1,EG,2017-12-04T15:26:10Z,3198,843,15,54611,3640.7,64.78,0.14,1,1,0,False
UCYTXHVJAcBPW_ad4RTaFhOw,Personal Finance Explained,@personalfinanceexplained1,https://www.youtube.com/@personalfinanceexplained1,C,1,US,2025-02-27T22:50:54.929714Z,556,40,52,10325,198.6,258.12,2.85,0,1,0,False
UCXbcV3njGLKsNCWE1RMm7rA,محمود مصطفى محمود ـ Businessawy,@mahmoud.mustafa.businessawy,https://www.youtube.com/@mahmoud.mustafa.businessawy,A,1,EG,2013-06-30T10:45:48Z,4817,1640,246,613072,2492.2,373.82,1.55,1,1,0,False
UCWoC-3IvdqZOXR0sXfmAUmg,Finance Explainer,@explainerfinance,https://www.youtube.com/@explainerfinance,D,1,US,2025-02-14T19:19:52.384466Z,569,5890,58,649436,11197.2,110.26,3.1,0,1,0,False
UCVff2FDoLZd0FwYzHyVKWLg,Stock Market Investing Advice - Topic,,https://www.youtube.com/channel/UCVff2FDoLZd0FwYzHyVKWLg,C,1,,2018-08-01T01:42:39Z,2959,13,25,5663,226.5,435.62,0.26,0,1,0,False
UCa9ON59wbl29915ge_ldSJQ,Best Indicators,@bestindicators,https://www.youtube.com/@bestindicators,C,1,US,2026-04-11T04:25:50.463761Z,149,7,16,424,26.5,60.57,3.27,0,1,0,False
UCV-gtadyt2LG9mheuNW6VGQ,InstaDoodle - Create AI WhiteboardVideos,@instadoodle,https://www.youtube.com/@instadoodle,D,1,,2024-02-21T09:37:49.321966Z,929,3210,51,152691,2993.9,47.57,1.67,0,1,0,False
UCYSWfPVcSFIIhKrnp7cAiXw,Strong Man Personal Finance,@vtmyet69420latesla,https://www.youtube.com/@vtmyet69420latesla,C,1,,2016-05-01T21:06:18Z,3780,16900,3409,7719490,2264.4,456.77,27.45,0,1,0,False
UC_tFC-M1sYlOFCW99pF6_jg,Quantum Trading Indicators,@quantumtradingindicators7377,https://www.youtube.com/@quantumtradingindicators7377,C,1,GB,2014-02-03T20:06:54Z,4598,9090,1111,1220068,1098.2,134.22,7.36,0,1,0,False
UCV6zvMF4xlhu_lvd6HYGWQw,بوصلتك,@bawsaltak,https://www.youtube.com/@bawsaltak,A,1,DZ,2026-07-31T18:26:30.172277Z,37,11,18,2858,158.8,259.82,14.81,1,1,0,False
UCZJzZxaBzKRj8r8SqIaDLaw,تحليل جميع الاسهم السعودية تاسي TASI,@tasi_y,https://www.youtube.com/@tasi_y,B,1,SA,2017-03-23T07:26:03Z,3455,48800,14189,14276133,1006.1,292.54,125.01,1,0,0,False
UCWeqA6O3quJZNwZWsnZrivg,Trading Strategy Testing,@tradingstrategytesting,https://www.youtube.com/@tradingstrategytesting,C,1,US,2020-07-04T13:29:48.574305Z,2256,914000,359,65343757,182016.0,71.49,4.84,0,1,0,True
UCZ3-BwpqRxotOzGIhMpjGSw,Doodle Animator,@doodleanimator7129,https://www.youtube.com/@doodleanimator7129,D,1,,2020-09-20T11:27:14.134818Z,2178,3,3,218,72.7,72.67,0.04,0,1,0,False
UCZthVp6ioS8ElcIJ28ub-3Q,Drawn_to_logic,@drawn_to_logic,https://www.youtube.com/@drawn_to_logic,D,1,,2025-04-18T18:02:09.176473Z,506,3,6,368,61.3,122.67,0.36,0,1,0,False
UCZ5RJhjVWT6Cl0y10PVsXKQ,Financial Whiteboard Shorts,@financialwhiteboardshorts,https://www.youtube.com/@financialwhiteboardshorts,D,1,,2026-05-10T14:50:29.000461Z,119,2,1,35,35.0,17.5,0.26,0,1,0,False
UC_9aihOX1SxBvFsN6pD3-0w,Indicator Edge,@indicatoredge,https://www.youtube.com/@indicatoredge,C,1,,2025-08-12T06:29:55.616433Z,391,11,10,1001,100.1,91.0,0.78,0,1,0,False
UCXBzvXm-pLWcLbYnBCnwkAw,الذكاء المالي lahoucine kahim,@lahoucinekahim1575,https://www.youtube.com/@lahoucinekahim1575,A,1,MA,2021-02-21T20:39:14.760452Z,2023,2,2,73,36.5,36.5,0.03,1,1,0,False
UC_ltPgqsBywtkBYu-DHKjWA,فن المال,@self-buildin,https://www.youtube.com/@self-buildin,A,1,SA,2022-10-16T01:36:58.200442Z,1422,302,16,17246,1077.9,57.11,0.34,1,1,0,False
UCZ7hl7annvdBBil_CXEJnbA,Economy Key,@economykey,https://www.youtube.com/@economykey,A,1,,2025-09-12T12:54:48.299174Z,360,633,38,32674,859.8,51.62,3.21,1,1,0,False
UCV8DcXxzmZdwYCe3GePwSBQ,المال بوعي,@moneyconsciously,https://www.youtube.com/@moneyconsciously,A,1,MA,2025-11-02T19:07:22.860696Z,308,2020,49,64331,1312.9,31.85,4.84,1,1,0,False
UCdkPOYrQ8khReV_8fyu7V_g,Dr. Seif Abu Rayyash - Economics,@drseifeconomics,https://www.youtube.com/@drseifeconomics,A,1,,2017-01-21T18:16:46Z,3515,31,6,1124,187.3,36.26,0.05,1,1,0,False
UCfuaXSZsSZLHk0uz1FOUMpA,سعر الذهب اليوم 24,@goldpricetoday24,https://www.youtube.com/@goldpricetoday24,B,1,MA,2023-09-15T16:03:14.375446Z,1087,16,26,1610,61.9,100.62,0.73,1,1,0,False
UCfwasTGF8DOCiUmDjVFOprA,Finance Decode,@financedecode-g3k,https://www.youtube.com/@financedecode-g3k,D,1,US,2024-10-22T03:48:50.588585Z,685,1270,7,22,3.1,0.02,0.31,0,1,0,False
UCaTNrYdNrRvJDyMlU3FX3BA,Whiteboard Finance Explained,@whiteboardfinanceexplained,https://www.youtube.com/@whiteboardfinanceexplained,D,1,DE,2025-05-31T12:59:46.709758Z,464,1,1,7,7.0,7.0,0.07,0,1,0,False
UCdCPp9PHWk6y_6a2YWgyjbA,Alex Finance,@alex_financeus,https://www.youtube.com/@alex_financeus,D,1,,2024-09-23T21:04:03.909194Z,713,0,1,0,0.0,,0.04,0,1,0,False
UCdah0KSf76OK9NzdDb0eHlA,Cash Flow Doodle,@cashflowdoodle,https://www.youtube.com/@cashflowdoodle,D,1,,2026-08-04T18:10:12.727607Z,33,3,9,377,41.9,125.67,8.3,0,1,0,False
UCfMsOCea7GxwcXFnBRhd7_Q,CRYPTO ENG. || مهندس العملات الرقمية,@crypto-eng,https://www.youtube.com/@crypto-eng,B,1,,2025-02-11T15:08:47.111532Z,572,4060,339,302022,890.9,74.39,18.04,1,1,0,False
UCgN-c_A40P4qEiSZ0hd_yjA,Doodle Decode,@d00dledec0de-f,https://www.youtube.com/@d00dledec0de-f,D,1,CA,2025-03-08T04:27:41.546846Z,548,23,33,21169,641.5,920.39,1.83,0,1,0,False
UCabwSCGQ3RfvGe2SXYxJSXQ,PHD in Cryptocurrency | If You Bought Bitcoin,@phd_cryptocurrency,https://www.youtube.com/@phd_cryptocurrency,C,1,US,2022-01-29T10:25:32.160974Z,1682,2250,61,288147,4723.7,128.07,1.1,0,1,0,False
UCavtKUSsXljcmWOi7EfxMVw,Plainly Explained,@plainlyexplainedreal,https://www.youtube.com/@plainlyexplainedreal,D,1,CA,2025-07-17T17:38:58.862834Z,416,262,2,32,16.0,0.12,0.15,0,1,0,False
UCc175wmuQB7X0HynBf7VifQ,Line of Profit,@line_of_profit,https://www.youtube.com/@line_of_profit,D,1,,2025-07-26T11:57:57.337859Z,408,8,12,508,42.3,63.5,0.9,0,1,0,False
UCfEx554HktT86L-vzLdcirw,برویز یستثمر,@parvizyastathmar,https://www.youtube.com/@parvizyastathmar,A,1,TR,2026-01-01T14:36:10.651799Z,248,1790,26,109424,4208.6,61.13,3.19,1,1,0,False
UCfHXFaWG9om81H7in_Q6Y4A,Money Mike,@moneymindset-009,https://www.youtube.com/@moneymindset-009,D,2,US,2026-01-14T01:32:55.758871Z,236,3,9,106,11.8,35.33,1.16,0,1,0,False
UCbOkZlwRtOP3EGGAYd-Zi1Q,IFMC - STOCK MARKET INSTITUTE ,@ifmcinstituteofficial,https://www.youtube.com/@ifmcinstituteofficial,C,1,IN,2017-07-23T06:53:05Z,3333,230000,1445,14794694,10238.5,64.32,13.2,0,1,0,True
UCduZgzju3NGIersgthzRNwg,Stick Tells Finance,@sticktellsfinance,https://www.youtube.com/@sticktellsfinance,D,1,AE,2026-08-17T18:56:33.681946Z,20,10,17,2182,128.4,218.2,,0,1,0,False
UCg0vQMefkRH0x148bW_jYfA,Finance Insights Hub,@financeinsightshub-d2n,https://www.youtube.com/@financeinsightshub-d2n,D,1,NG,2026-01-01T02:24:09.613296Z,249,1,10,83,8.3,83.0,1.22,0,1,0,False
UCgPEfLdSfqeteBIQjMgJFtA,Ahmed Fahim . أحمد فهيم,@ahmedfahim2709,https://www.youtube.com/@ahmedfahim2709,A,1,EG,2013-06-16T00:13:13Z,4831,22100,608,2000022,3289.5,90.5,3.83,1,1,0,True
UCfBvbkFS96v9SlVlJPsCFZg,Macro Horizon,@macrohorizon-w2d,https://www.youtube.com/@macrohorizon-w2d,C,1,US,2026-08-09T12:05:17.523485Z,29,518,27,38402,1422.3,74.14,,0,1,0,False
UCbCuLoW9H2IvpUBDQxBPtkA,Tim Finance,@timfinance.0ai,https://www.youtube.com/@timfinance.0ai,D,1,US,2026-07-26T09:24:58.99879Z,43,0,6,91,15.2,,4.25,0,1,0,False
UCah0Xuk588-U2DOnx8yD15g,ِAMR EASY FX,@easyfxchannel8,https://www.youtube.com/@easyfxchannel8,B,1,,2021-07-10T16:00:47.044103Z,1884,2760,62,71143,1147.5,25.78,1.0,1,1,0,False
UCgHeJizIAWAecifi_iYTEUg,ابورسيل الثقفي,@abu_raaseel22,https://www.youtube.com/@abu_raaseel22,B,1,SA,2014-01-14T05:46:36Z,4619,25500,60,911434,15190.6,35.74,0.4,1,1,0,True
UCc1tD3TIB3ZOz45UhvZuBqw,The Macro Lens,@macrolensglobal,https://www.youtube.com/@macrolensglobal,C,1,US,2026-02-21T04:30:34.108692Z,198,1,1,35,35.0,35.0,0.15,0,1,0,False
UCbKdotYtcY9SxoU8CYAXdvg,"Let's Talk Money! with Joseph Hogue, CFA",@josephhogue,https://www.youtube.com/@josephhogue,C,1,US,2015-05-03T16:45:28Z,4144,756000,1321,58829220,44533.9,77.82,9.7,0,1,0,True
UCdwcT0QqXu41K-u6SEcwc9Q,"Jordan Nietzel, CFA, CFP®",@trekwealthplanning,https://www.youtube.com/@trekwealthplanning,A,1,US,2020-05-25T22:23:13.431537Z,2295,1090,31,157584,5083.4,144.57,0.41,0,1,0,False
UCfyg3KffSND2uvftQ8qFzjw,AAA Profit Analytics,@aaaprofitanalytics7180,https://www.youtube.com/@aaaprofitanalytics7180,C,1,IN,2013-03-19T12:36:02Z,4920,61100,169,1046354,6191.4,17.13,1.05,0,1,0,True
UCaI4Jhn43toq10az_ZxhLdA,Metal Macro,@metalmacro-t7u,https://www.youtube.com/@metalmacro-t7u,C,1,US,2026-09-01T06:31:46.888026Z,6,1,5,0,0.0,0.0,,0,1,0,False
UCcsVDxIsL0pd6YOksxhEoHA,moneytalks_info,@moneytalks_info3664,https://www.youtube.com/@moneytalks_info3664,A,1,,2022-03-22T21:50:38.622298Z,1629,28300,46,1481620,32209.1,52.35,0.86,1,1,0,True
UCfdNM3NAhaBOXCafH7krzrA,The Infographics Show,@theinfographicsshow,https://www.youtube.com/@theinfographicsshow,D,1,US,2011-02-26T21:19:36Z,5671,15500000,6291,6897002741,1096328.5,444.97,33.77,0,0,0,False
UCado2GAZi5R4AeNHa7btfvg,Investing for Beginners,@paul-j2r6q,https://www.youtube.com/@paul-j2r6q,C,1,,2025-12-08T21:03:20.178792Z,272,3,8,262,32.8,87.33,0.9,0,1,0,False
UCaPbax1TTtvZF9h9SkoP1Ug,أحمد العبادي - Ahmed Alabadi,@ahmed-alabadi,https://www.youtube.com/@ahmed-alabadi,B,1,US,2021-05-04T01:38:57.491801Z,1952,142000,79,4541812,57491.3,31.98,1.23,1,1,0,True
UCfhj9AZoBjcCryxYY9ddWWw,الاستثمار عبر الانترنت,@user-rd9sc1pg2h,https://www.youtube.com/@user-rd9sc1pg2h,A,1,AE,2018-05-29T04:27:29Z,3023,1110,40,102815,2570.4,92.63,0.4,1,1,0,False
UCdhl39fG5MNa9NhHE6LDeKA,همّة,@himma01,https://www.youtube.com/@himma01,A,1,DZ,2025-07-12T11:25:42.180361Z,422,26700,165,3286843,19920.3,123.1,11.9,1,1,0,True
UCbKDl9RBCV8oVf3J1_ueCqg,Luke Finance,@lukefinance1,https://www.youtube.com/@lukefinance1,D,1,,2024-06-15T06:39:28.314141Z,814,15,32,645,20.2,43.0,1.2,0,1,0,False
UCgPeeHdxYRal0HTNeAkjqLg,fxalexg ,@fxalexg__,https://www.youtube.com/@fxalexg__,C,1,US,2021-03-12T21:36:17.82153Z,2004,1350000,208,80002987,384629.7,59.26,3.16,0,1,0,True
UCcePqKD353jsW9HP2aF8PNA,FINQURA ,@finqura,https://www.youtube.com/@finqura,D,1,US,2026-09-05T17:10:49.960744Z,1,1,1,0,0.0,0.0,,0,1,0,False
UCd7fOixenPGnkPETEAYv5vA,Karam كرم,@karamcrypto,https://www.youtube.com/@karamcrypto,B,1,,2020-11-11T18:24:57.089107Z,2125,28400,79,109384,1384.6,3.85,1.13,1,1,0,True
UCc23z8foFZ8v8K6s4fIbG2g,Paper Trail Finance,@papertrailfinances,https://www.youtube.com/@papertrailfinances,D,1,,2026-08-12T12:51:07.614663Z,26,2,3,137,45.7,68.5,,0,1,0,False
UCgSjebbafiHwGKPS03qLWtQ,Stock Market Analysis ,@stockmarketanalysis_ronak,https://www.youtube.com/@stockmarketanalysis_ronak,C,1,IN,2017-04-04T14:09:22Z,3443,231,18,8029,446.1,34.76,0.16,0,1,0,False
UCcJBKSzHb4NAfZNEgc2XV0g,البورصه مع محمد عطا,@1mohamedatta,https://www.youtube.com/@1mohamedatta,B,1,FR,2016-12-02T20:58:04Z,3565,41200,1312,2020730,1540.2,49.05,11.2,1,1,0,True
UCgOHoUCzElFju7HgkuHLzfw,evest,@evest,https://www.youtube.com/@evest,A,1,SA,2020-12-10T09:22:37.086149Z,2097,124000,1370,129789654,94737.0,1046.69,19.89,1,1,0,True
UCg5knEqLrU_XrrGkKj_8EPA,Tom's Personal Finance,@tomspersonalfinance,https://www.youtube.com/@tomspersonalfinance,C,1,GB,2023-07-21T15:03:39.699501Z,1143,12900,105,775983,7390.3,60.15,2.8,0,1,0,False
UCcdanXdlpAZDG_n8T_s1vew,الثقافه واستثمار المال,@slmanbbkr,https://www.youtube.com/@slmanbbkr,A,1,,2015-05-25T17:31:31Z,4122,0,9,9,1.0,,0.07,1,1,0,False
UCattGE5XTC9QIqkFHrqn7Lw,Acorn World,@acornworld-999,https://www.youtube.com/@acornworld-999,D,1,US,2026-06-01T01:07:03.780776Z,98,6,16,170,10.6,28.33,4.97,0,1,0,False
UCfh7LmlD0IIDrZgB55rVciQ,Zoo Economics,@zooeconomics,https://www.youtube.com/@zooeconomics,D,1,PK,2024-03-13T09:51:34.29522Z,908,193,14,13440,960.0,69.64,0.47,0,1,0,False
UCdy0T0KcGFed5azU91mcT0A,المسار الصاعد,@uptrendsa,https://www.youtube.com/@uptrendsa,B,1,SA,2021-10-05T08:54:04.575681Z,1798,3260,187,203449,1088.0,62.41,3.17,1,1,0,False
UCaMI_S8_MouKEK5IbKDyvxA,tadawulwise,@tadawulwise,https://www.youtube.com/@tadawulwise,B,1,,2022-04-14T00:12:54.483288Z,1607,9,3,128,42.7,14.22,0.06,1,1,0,False
UCehOlLEWoMQtY6bBsTH-wkQ,whiteboard animation,@whiteboardanimation1364,https://www.youtube.com/@whiteboardanimation1364,D,1,,2016-12-29T05:45:35Z,3539,8,12,1951,162.6,243.88,0.1,0,0,0,False
UCeZtkz7oj0DV-U3-UNVyP-Q,Successify,@successify_official,https://www.youtube.com/@successify_official,A,1,DZ,2026-08-27T14:21:04.36357Z,11,20,1,2,2.0,0.1,,1,1,0,False
UCeXH4Jg8SnkP2EkDX5VAONg, العدسة الاقتصادية | Economic Lens,@economiclens2,https://www.youtube.com/@economiclens2,A,1,,2021-03-18T20:49:32.031437Z,1998,0,5,107,21.4,,0.08,1,1,0,False
UCgFhex4DmXdFGzltb58IAoA,yourfinbuddy,@yourfinbuddy,https://www.youtube.com/@yourfinbuddy,C,1,IN,2023-06-27T13:42:40.961837Z,1168,11800,461,1689662,3665.2,143.19,12.01,0,1,0,False
UClaGaS-IfkAkfy46R4-RbKg,Pro Indicator Acses,@proindicatoracses,https://www.youtube.com/@proindicatoracses,C,1,,2025-10-02T11:01:15.752307Z,340,103,61,3574,58.6,34.7,5.46,0,1,0,False
UCksPMjCMu9s6AiOUcTg7cPQ,Doodle Wealth,@doodlewealth,https://www.youtube.com/@doodlewealth,D,1,IN,2025-04-14T13:20:30.411112Z,511,5,11,680,61.8,136.0,0.66,0,1,0,False
UClsS3T1SnsX__1g9COtfKCQ,Trades By Sci,@tradesbysci,https://www.youtube.com/@tradesbysci,C,1,US,2022-02-12T20:35:18.148002Z,1667,555000,126,21559382,171106.2,38.85,2.3,0,0,0,False
UCiEm44v2qEKeHlvIPFN_npg,Sketcher Baba,@sketcherbaba,https://www.youtube.com/@sketcherbaba,D,1,IN,2025-05-17T11:34:39.551287Z,478,13,2,22,11.0,1.69,0.13,0,1,0,False
UCl9dyqe3DFLfrSW6Xcr59Zg,اكاديمية نبض الأسواق  ,@egyptmarketpulse,https://www.youtube.com/@egyptmarketpulse,A,1,EG,2013-10-11T19:59:57Z,4713,140,90,35769,397.4,255.49,0.58,1,1,0,False
UCmpC2L7MdnZsOw57frrhu0A,الدكتور محمد مكني  استاذ المالية والاستثمار ,@msmakni,https://www.youtube.com/@msmakni,A,1,SA,2018-01-14T06:21:33Z,3158,91,17,9296,546.8,102.15,0.16,1,1,0,False
UCkNBeOB6zL7m5Zxe9UMmOtw,Bitcoin TV,@bitcoin-tv-21,https://www.youtube.com/@bitcoin-tv-21,B,1,DE,2022-12-18T09:02:59.760656Z,1359,9430,644,643174,998.7,68.21,14.42,1,1,0,False
UChWm6-a4eH8i0aV6-wtp--Q,اقتصاد الوعي,@economy-of-awareness,https://www.youtube.com/@economy-of-awareness,A,1,AE,2026-04-27T21:38:46.058548Z,132,1360,27,120308,4455.9,88.46,6.23,1,1,0,False
UCjaQB53BUBzG2EO37RX9Xvw,Everything explain ,@everythingexplain-y6k,https://www.youtube.com/@everythingexplain-y6k,D,1,,2026-09-01T07:06:34.055897Z,6,0,2,0,0.0,,,0,1,0,False
UCjSspz8MNgxxM9OmDet-OVg,Skyline Animation ,@skylineanimation-0,https://www.youtube.com/@skylineanimation-0,D,1,IN,2026-01-11T06:23:09.933749Z,239,5,1,4,4.0,0.8,0.13,0,1,0,False
UCiLq_JGglAV7sf5VS5pPucA,Narrator Of USA,@narratorofusa,https://www.youtube.com/@narratorofusa,D,1,US,2025-08-16T08:06:58.835955Z,387,536,10,31450,3145.0,58.68,0.79,0,1,0,False
UCj3m9Lr_44p3_2CE_M4zLkg,المتداول السعودي,@saudimtdawl,https://www.youtube.com/@saudimtdawl,B,1,SA,2023-10-08T18:23:38.757761Z,1064,35,9,1689,187.7,48.26,0.26,1,1,0,False
UChACOR5a0uxOLpN1PmTb7qA,Bitcoin Master,@bitcoinmaster12,https://www.youtube.com/@bitcoinmaster12,C,1,,2024-05-18T17:07:00.44674Z,841,203,20,302,15.1,1.49,0.72,0,1,0,False
UCjyaTm0KecOt1kknBOn9K6Q,Paisa Theory,@paisatheory1,https://www.youtube.com/@paisatheory1,D,1,IN,2026-03-25T11:10:25.408699Z,166,0,1,5,5.0,,0.18,0,1,0,False
UCidnbMHkurN4XzvJid4gw9A,Honest Personal Finance,@honestpersonalfinance,https://www.youtube.com/@honestpersonalfinance,C,1,,2022-08-04T15:02:39.09879Z,1494,598,178,168806,948.3,282.28,3.63,0,1,0,False
UCik3HXz0K3n9dAeAXc3RDfA,مركز ATFX,@atfx_forex,https://www.youtube.com/@atfx_forex,B,1,IQ,2021-07-26T23:02:35.636681Z,1868,15500,475,933211,1964.7,60.21,7.74,1,1,0,False
UCkCGANrihzExmu9QiqZpPlQ,How Money Works,@howmoneyworks,https://www.youtube.com/@howmoneyworks,D,2,US,2018-12-20T04:22:54Z,2818,1740000,323,292286828,904912.8,167.98,3.49,0,1,0,True
UCmAd0ddztsedS8_qS4tctyQ,The Travel Nurse Financial Advisor,@thetravelnurseadvisor,https://www.youtube.com/@thetravelnurseadvisor,A,1,,2021-01-28T14:36:26.949811Z,2047,626,16,19196,1199.8,30.66,0.24,0,1,0,False
UChym9B67MfU2xIIGoeJRc1g,ausama Riad,@ausama_raid,https://www.youtube.com/@ausama_raid,B,1,IQ,2017-06-16T09:56:27Z,3370,73,19,1719,90.5,23.55,0.17,1,1,0,False
UCliVusdwZqLxljVtYng15dw,أسهم السوق السعودى,@mahmoud2023-sa,https://www.youtube.com/@mahmoud2023-sa,B,1,EG,2021-12-09T11:44:07.180554Z,1733,8060,2108,1348409,639.7,167.3,37.03,1,1,0,False
UCheNn2wOrTLbuxGXDr1PAWw,منصة هدف الرقمية  و التحليل الفني ,@منصةهدفالرقميةوالتحليلالفني,https://www.youtube.com/@منصةهدفالرقميةوالتحليلالفني,B,1,,2021-07-20T01:39:54.688194Z,1875,77,14,1085,77.5,14.09,0.23,1,0,0,False
UCnD_A_w-XkG2B4CWOWBWY4g,LEADERS OF TRADING,@leaders_othman,https://www.youtube.com/@leaders_othman,B,1,JO,2018-10-05T07:47:46Z,2894,48600,18,2880,160.0,0.06,0.19,1,1,0,False
UClZ2CrUegwcTz0KAaztrwmw,شفرة - الأثرياء ,@thewealthcode_ar,https://www.youtube.com/@thewealthcode_ar,A,1,,2026-06-05T16:19:10.752643Z,93,1,3,38,12.7,38.0,0.98,1,1,0,False
UCglmCVsyEJj4WQzPDivI6vw,Bitcoin studio,@bitcoinstudio-ue8wk,https://www.youtube.com/@bitcoinstudio-ue8wk,C,1,US,2024-02-04T08:24:36.8766Z,946,0,7,1,0.1,,0.23,0,1,0,False
UCmNnVraLzc-CobgF5VSm16A,كنز المؤشرات و التداول الذكي,@indicator-treasure,https://www.youtube.com/@indicator-treasure,B,1,EG,2026-03-23T20:12:53.140711Z,167,15,3,1422,474.0,94.8,0.55,1,1,0,False
UCjhEEzAXlVB4ZSgFHy26ivQ, أكاديمية المال Mal Academy,@mal_academy,https://www.youtube.com/@mal_academy,A,1,SA,2012-04-08T08:25:32Z,5265,3410,104,59000,567.3,17.3,0.6,1,1,0,False
UClwcbx2Gm0jwwZY5zqB4tHg,Fortune Theory,@fortunetheoryhq,https://www.youtube.com/@fortunetheoryhq,D,1,NG,2026-08-05T22:15:25.060737Z,32,11,17,951,55.9,86.45,16.17,0,1,0,False
UChh_V6iONxBc6WcEWisEqhA,R.W.B,@real.world.dollars,https://www.youtube.com/@real.world.dollars,D,1,US,2025-08-17T10:40:15.992681Z,386,1,4,2635,658.8,2635.0,0.32,0,1,0,False
UCmqS13G_ofWMvgxLLUpOmXQ,WealthWise,@wealth_wise007,https://www.youtube.com/@wealth_wise007,D,1,IN,2022-09-29T06:12:07.335261Z,1439,45900,205,2562868,12501.8,55.84,4.34,0,1,0,True
UCiTPD1PdzmlAbB7x0R4H-tQ,مؤشرات اوسي التداول بالزمن Time based trading,@ociechartchart579,https://www.youtube.com/@ociechartchart579,B,1,SA,2019-10-21T18:49:23.009504Z,2512,101000,143,87446,611.5,0.87,1.73,1,1,0,True
UCgY_eHY4NCTcRnU6CCZXWng,TRADING RUSH,@tradingrush,https://www.youtube.com/@tradingrush,C,1,,2020-01-23T09:14:18.690283Z,2419,352000,201,16050683,79854.1,45.6,2.53,0,1,0,True
UCm9vZZ7wcN0FBcORSKn4IdA,StickFigDoc,@stickfigdocofficial,https://www.youtube.com/@stickfigdocofficial,D,1,US,2026-05-25T15:01:45.531222Z,104,44,10,11407,1140.7,259.25,2.93,0,1,0,False
UCi_DqmFq_OqETC395ma56dw,اقتصاد منزلي ببساطة ,@eqtisadmanzely,https://www.youtube.com/@eqtisadmanzely,A,1,,2026-08-13T07:59:17.068236Z,25,67,22,9495,431.6,141.72,,1,1,0,False
UChhx73M4PvEJMwIvD0FTRoA,المحترف الاول للتداول ,@forexmohtaref,https://www.youtube.com/@forexmohtaref,A,1,EG,2024-02-06T18:33:59.309543Z,943,1080,996,21981,22.1,20.35,32.15,1,1,0,False
UCh1rtHQwDKsCpItpm528HTQ,ADEL,@adel_alhmyani,https://www.youtube.com/@adel_alhmyani,B,1,SA,2007-01-11T18:53:36Z,7178,9570,688,1198350,1741.8,125.22,2.92,1,0,0,False
UCh0MOhrzWNIgwXtMzss88gw,Quik and Clear,@quikandclear,https://www.youtube.com/@quikandclear,D,1,,2025-11-03T07:56:16.44047Z,308,1,6,71,11.8,71.0,0.59,0,0,0,False
UCifiRyWskTPUB5i9f1IlabQ,Radical Personal Finance,@radicalpersonalfinance,https://www.youtube.com/@radicalpersonalfinance,C,1,US,2015-01-30T19:38:37Z,4237,12400,351,41203,117.4,3.32,2.52,0,1,0,False
UCjHouH1_iEXvBVBQr8ee1kQ,Bitcoin Rachy,@bitcoinrachy,https://www.youtube.com/@bitcoinrachy,C,1,,2025-01-20T05:42:54.370476Z,595,593,14,21139,1509.9,35.65,0.72,0,1,0,False
UCjxK94XQv29_nNirjMoR7bg,الخبير المالي,@mohamedkhairuldin,https://www.youtube.com/@mohamedkhairuldin,B,1,EG,2018-02-04T17:54:08Z,3136,162000,1452,21588726,14868.3,133.26,14.09,1,1,0,True
UCkfRwTzo-FMkiRrucJztA9Q,Bitcoin Saga,@bitcoinsaga,https://www.youtube.com/@bitcoinsaga,C,1,,2022-04-17T14:31:49.350021Z,1603,23,9,648,72.0,28.17,0.17,0,1,0,False
UChjOp6lOP74mGKeuCIZrSrg,محمد هلال Mohamed HeLaL,@helal_forex,https://www.youtube.com/@helal_forex,B,1,AE,2015-11-07T15:40:17Z,3956,240000,143,13523026,94566.6,56.35,1.1,1,1,0,True
UCjSprmrS59keS_n2iuAzt_A,دهاء الاثرياء ,@vaultsmarthq,https://www.youtube.com/@vaultsmarthq,A,1,EG,2026-01-09T07:52:33.097889Z,241,13,12,11389,949.1,876.08,1.52,1,1,0,False
UCktNrMO9OMd-BJliAaG7xWg,WeekendInvesting,@alokjain,https://www.youtube.com/@alokjain,C,1,IN,2011-02-24T19:00:53Z,5673,128000,2119,17975731,8483.1,140.44,11.37,0,1,0,True
UCn7BHlSM9Q4moYVEVf3KNzw,أفضل مؤشر تداول كفو | KFOO BOT,@kfoobot,https://www.youtube.com/@kfoobot,B,1,,2024-04-01T18:00:08.689041Z,888,14900,19,110772,5830.1,7.43,0.65,1,1,0,False
UCie3_EVF6IqeB8M718M8BAg,Finance Board ,@financeboard6,https://www.youtube.com/@financeboard6,D,1,,2026-06-11T16:57:53.206105Z,87,10,8,90,11.2,9.0,2.8,0,1,0,False
UCiQpvtOQk1Iz95h9xbIgHsw,Mekawi's Finance,@imekawii,https://www.youtube.com/@imekawii,B,1,AE,2022-08-31T14:26:10.709656Z,1467,319000,672,46592574,69334.2,146.06,13.94,1,1,0,True
UCl1zsq0pmEh9ytP2BfR2Drw,Financial Whiteboard,@financialwhiteboard101,https://www.youtube.com/@financialwhiteboard101,D,1,CA,2025-10-05T17:22:15.307446Z,336,335,46,32395,704.2,96.7,4.17,0,1,0,False
UChU3mWMxSpajb5DsWUzN0Mg,Tom Explains Money,@tomexplainsmoney,https://www.youtube.com/@tomexplainsmoney,D,1,US,2026-01-24T20:31:50.747475Z,225,7,20,183,9.2,26.14,2.71,0,1,0,False
UCh3DXzJuQ_B_RRtnjrGsEEA,الأسهم السعودية,@saudistocks,https://www.youtube.com/@saudistocks,B,1,,2012-12-12T14:25:28Z,5016,52,9,1323,147.0,25.44,0.05,1,1,0,False
UCkJ_dyEpowKQR6HRHWLN7ig,إيكونوميا,@economeya,https://www.youtube.com/@economeya,A,1,EG,2026-03-11T00:07:26.362103Z,180,1,3,23,7.7,23.0,0.51,1,1,0,False
UCr9oXJ48WOTSU7ijaB2RakQ,الهزامfx لتعليم التداول ,@al-hazzam-fx,https://www.youtube.com/@al-hazzam-fx,B,1,YE,2024-01-26T15:17:45.083858Z,954,8660,115,345672,3005.8,39.92,3.67,1,1,0,False
UCq4T-aeYC9CONuju_UVS8Sg,الأستاذ مروان المحارمه - أبو الثقافة المالية,@marwanalmaharmeh,https://www.youtube.com/@marwanalmaharmeh,A,1,JO,2020-01-15T14:32:00.832517Z,2426,9050,40,104915,2622.9,11.59,0.5,1,1,0,False
UCodMWwN98yJ0Wd7Kiy9XQ7w,استثمر صح مع عمر القاسم,@استثمرصحمععمرالقاسم,https://www.youtube.com/@استثمرصحمععمرالقاسم,B,1,SA,2021-02-21T11:16:20.80086Z,2024,2750,16,108207,6762.9,39.35,0.24,1,1,0,False
UCqvaXJ1K3HheTPNjH-KpwXQ,Principles by Ray Dalio,@principlesbyraydalio,https://www.youtube.com/@principlesbyraydalio,D,1,,2006-04-02T00:37:15Z,7463,3180000,645,1209215043,1874752.0,380.26,2.63,0,1,0,True
UCq8Npq_qSAYJHxUuaLhCqkA,Smart Trading Indicators,@smarttradingindicators,https://www.youtube.com/@smarttradingindicators,C,1,US,2021-10-16T17:09:05.469949Z,1786,679,94,19549,208.0,28.79,1.6,0,1,0,False
UCqFKsGkbi1hZK9sFR6ZQl4Q,Money Mysteries,@moneymysteriessolved,https://www.youtube.com/@moneymysteriessolved,D,1,IN,2026-07-26T12:19:57.082293Z,43,1,2,215,107.5,215.0,1.42,0,1,0,False
UCrDRUTldY6Sex2gyj2hWOeg,Money Explained,@moneyexplained5,https://www.youtube.com/@moneyexplained5,D,1,,2025-10-25T11:43:56.396243Z,317,1,5,42,8.4,42.0,0.48,0,1,0,False
UCrCCQxCuFSO8SLebN_h9z9A,أكاديمية السوق السعودي,@abu.malek.academy,https://www.youtube.com/@abu.malek.academy,B,1,SA,2020-02-14T15:30:07.732166Z,2396,9810,964,1007456,1045.1,102.7,12.25,1,0,0,False
UCnbOdp2-TNXUGi8w8vU4BTg,مقتطفات اقتصاديه للدكتور صلاح جوده,@salahgoda-b6w,https://www.youtube.com/@salahgoda-b6w,A,2,,2026-03-20T21:54:52.018727Z,170,302,39,86290,2212.6,285.73,6.98,1,1,0,False
UCoZHe0WjZ-9CRoeh1-ffBUA,White Board Stories,@mokshved80,https://www.youtube.com/@mokshved80,D,1,,2026-07-06T08:36:09.908725Z,63,1,2,65,32.5,65.0,0.97,0,1,0,False
UCpE6hQdKe3Mo2Oqcfu8VxOQ,تحليل الأسهم السعودية,@تحليلالاسهمالسعودية,https://www.youtube.com/@تحليلالاسهمالسعودية,B,1,,2024-04-04T17:52:54.210371Z,885,3,3,218,72.7,72.67,0.1,1,1,0,False
UCp-VC-23lmviJCZhIIvvZVw,The Finance Doodle,@finance_doodle,https://www.youtube.com/@finance_doodle,D,1,US,2025-12-27T01:34:25.485006Z,254,6,21,6555,312.1,1092.5,2.52,0,1,0,False
UCqGXvpYkG1PbTXhzqvFFVaA,Personal Finance & Coffee,@personalfinancecoffee,https://www.youtube.com/@personalfinancecoffee,C,1,UG,2023-08-16T15:18:16.824146Z,1117,3900,179,100314,560.4,25.72,4.88,0,1,0,False
UCns-bcxd7vAfIFG3KY4rm6A,BENEATH IT ALL,@beneathitalltv,https://www.youtube.com/@beneathitalltv,D,1,US,2026-07-29T02:52:27.812866Z,40,7,9,446,49.6,63.71,6.85,0,1,0,False
UCqQCjgVGwOtbSzHnXXtGh7g,Boyka Crypto Currency,@boykacryptocurrency1,https://www.youtube.com/@boykacryptocurrency1,B,1,,2021-09-12T16:08:53.955591Z,1820,30600,918,2014738,2194.7,65.84,15.35,1,1,0,True
UCrXfrdIuDAEjkMaDLhVsUgA, Souma Aurévana🎀 مولات الذهب ,@aurevana-40,https://www.youtube.com/@aurevana-40,A,1,,2026-08-06T23:00:50.632743Z,31,7,4,132,33.0,18.86,3.93,1,1,0,False
UCnscFkuE6-FTjy3BIzFv_Bw,Bullion Macro,@bullionmacro,https://www.youtube.com/@bullionmacro,C,1,,2026-08-09T07:45:44.728117Z,29,0,1,5,5.0,,,0,1,0,False
UCphZKiXfVTG94JjFgTRxfmg,Rajendra Suryawanshi Stock Market Academy,@rajendrasuryawanshistockmarket,https://www.youtube.com/@rajendrasuryawanshistockmarket,C,1,IN,2013-06-15T19:37:39Z,4831,199000,2,38620,19310.0,0.19,0.01,0,1,0,False
UCqZ04pmh7AjoI1K3FrXNAPA,تحليلات اللفتاوي (Liftawi's analysis),@liftawi1986,https://www.youtube.com/@liftawi1986,B,1,JO,2013-05-04T19:09:28Z,4873,449,157,34831,221.9,77.57,0.98,1,0,0,False
UCrRuSWt2mNNtSRdz-P3XdTA,The 2% Brief,@the2percentbrief,https://www.youtube.com/@the2percentbrief,C,1,GB,2015-03-15T22:11:06Z,4193,22900,2386,5056174,2119.1,220.79,17.32,0,1,0,True
UCrAYfdRQsdKiEyYY-qkMbrQ,Stock market analysis,@stockanalysisvideos,https://www.youtube.com/@stockanalysisvideos,C,1,,2025-02-17T18:16:46.979914Z,566,1,5,765,153.0,765.0,0.27,0,1,0,False
UCqNfjufo-Y52eEbzmbdhAKw,المُضارب في سوق الاسهم السعودية - TASI - تداول,@sastocktadawul,https://www.youtube.com/@sastocktadawul,B,1,SA,2014-08-15T15:52:28Z,4405,5560,56,157582,2814.0,28.34,0.39,1,1,0,False
UCoeKaA2MR734lsNg9vQmtQQ,Investing.com: Stock Market,,https://www.youtube.com/channel/UCoeKaA2MR734lsNg9vQmtQQ,C,1,,2025-10-30T14:00:35.294522Z,312,0,0,0,,,0.0,0,1,0,False
UCq2ETlB3I54ktVkquhly2ZA,لايف استراتيجي Live Strategy,@لايفاستراتيجي,https://www.youtube.com/@لايفاستراتيجي,B,1,,2025-02-18T17:36:45.016685Z,565,131,3,3154,1051.3,24.08,0.16,1,1,0,False
UCndddV7nMdD6OHveqWH6MsA,Otetmarkets-ar,@otetmarkets-ar,https://www.youtube.com/@otetmarkets-ar,A,1,TR,2024-05-16T13:15:43.390114Z,844,6560,545,2009098,3686.4,306.26,19.66,1,1,0,False
UCnr__quvl8SoqJ39XKB5mdg,Smart Money | المال الذكي,@smartmoney-c6w,https://www.youtube.com/@smartmoney-c6w,A,1,AE,2026-08-06T15:57:01.974302Z,31,5,4,1706,426.5,341.2,3.93,1,1,0,False
UCo-ULUnZ95CEOCLiqUARN3w,فريق نصّار,@nassarteam,https://www.youtube.com/@nassarteam,B,1,,2024-07-04T13:51:25.575907Z,795,42300,7,124227,17746.7,2.94,0.27,1,0,0,False
UCoHwG_JuqxPt_HlPYt5RCcw,HENNAWIFX,@hennawifx,https://www.youtube.com/@hennawifx,B,1,OM,2007-11-24T11:32:14Z,6862,58400,1244,3468831,2788.4,59.4,5.52,1,1,0,True
UCrBr-V1fRbS1FuobVapm07Q,Whiteboard Wealth,@whiteboardwealth-f6b,https://www.youtube.com/@whiteboardwealth-f6b,D,1,US,2026-07-12T10:28:06.770827Z,57,44,9,92,10.2,2.09,4.81,0,1,0,False
UCpp2ezQjpSQPCEx9vGd8-Nw,Zaki on Bitcoin,@zakionbitcoin,https://www.youtube.com/@zakionbitcoin,B,1,SA,2021-05-18T14:32:13.964534Z,1937,39700,197,2497048,12675.4,62.9,3.1,1,1,0,True
UCqkHnLGW-DxbWI_aCDveSNg,Bitcoin Master,@bcoinmaster,https://www.youtube.com/@bcoinmaster,B,1,,2017-06-22T02:31:03Z,3364,2380,588,152198,258.8,63.95,5.32,1,1,0,False
UCqtr9DA6lp86xAswJSfAITA,نصائح في الاستثمار,@investmenttipsall,https://www.youtube.com/@investmenttipsall,A,1,SA,2014-01-01T14:51:41Z,4631,1050,155,50877,328.2,48.45,1.02,1,1,0,False
UCoEV9aZ4jEJe7EQTBaLZYnA,Kaya's Money,@kayasmoney,https://www.youtube.com/@kayasmoney,D,1,US,2026-07-21T15:46:01.81219Z,47,10,5,1023,204.6,102.3,3.24,0,1,0,False
UCnYgtJzauIdVLq7pFEgv_UQ,Create-if Studios,@create-ifstudios4969,https://www.youtube.com/@create-ifstudios4969,D,1,,2021-04-21T23:26:48.677376Z,1964,0,21,529,25.2,,0.33,0,1,0,False
UCoEwXlpZvSMrokkS6bAkf7g,Animated economics,@animatedeconomics-zc1un,https://www.youtube.com/@animatedeconomics-zc1un,D,1,,2023-03-27T10:31:16.737005Z,1260,27,184,3454,18.8,127.93,4.45,0,1,0,False
UCo_nWik261ZKSnjgoaIjz0w,Personal Finance with Ravi Sharma,@personalfinancewithravisharma,https://www.youtube.com/@personalfinancewithravisharma,C,1,AU,2020-02-18T01:27:02.269098Z,2393,115000,1772,15616321,8812.8,135.79,22.54,0,1,0,True
UCqiW-g-FwZ6HJ0fsNHC-Iew,مـــؤشــرات  الاقتصـــاد 🧽  💲,@mostafaosama0,https://www.youtube.com/@mostafaosama0,A,1,EG,2021-11-06T07:13:32.607698Z,1766,61000,2024,9204949,4547.9,150.9,34.89,1,1,0,True
UCqVBxwpzVyC08qIMtWqHRWw,Mohamed Ğőĺď FX,@mohamedgoldfx,https://www.youtube.com/@mohamedgoldfx,B,1,EG,2021-02-09T12:55:25.470189Z,2036,6110,144,221949,1541.3,36.33,2.15,1,1,0,False
UCqKB2FXVDF9gBhs-YRf2NOQ,تحليلات الاسهم السعودية | Saudi stock analysis,@saudi-r7i,https://www.youtube.com/@saudi-r7i,B,1,EG,2024-07-15T11:43:40.674544Z,784,4,4,111,27.8,27.75,0.16,1,1,0,False
UCrY5Q9jfzXApLVh0gaNSGjQ,Ruya Funds | رؤية لإدارة المحافظ الإستثمارية ,@ruyafunds,https://www.youtube.com/@ruyafunds,A,1,SA,2024-11-21T13:46:06.806709Z,655,3,38,469,12.3,156.33,1.77,1,1,0,False
UCr3cBLTYmIK9kY0F_OdFWFQ,Casually Explained,@casuallyexplained,https://www.youtube.com/@casuallyexplained,D,1,CA,2015-12-07T22:39:35Z,3926,4200000,110,533953273,4854120.7,127.13,0.85,0,0,0,False
UCpQB0jxQSofvzOt7HoxPc5g,اسهم تاسي ماجد المساعدي ,@ماجدالمساعدي1,https://www.youtube.com/@ماجدالمساعدي1,B,1,SA,2014-05-14T18:03:10Z,4498,912,272,47001,172.8,51.54,1.84,1,1,0,False
UCnYN4H4Td5Alt_k6fKS9Okg,Bitcoin EMA,@bitcoinema,https://www.youtube.com/@bitcoinema,C,1,,2026-07-02T06:15:16.77693Z,67,0,1,3,3.0,,0.45,0,1,0,False
UCpSHbZO07BBkiXSaR6f65-w,قناة القيصر للذهب - تحليل واستثمار,@al-qaisergold,https://www.youtube.com/@al-qaisergold,B,1,,2026-05-16T03:34:48.372253Z,114,220,211,44876,212.7,203.98,56.34,1,1,0,False
UCrNfRFWnLC3tCy1TnyhVQ7g,Casual Finance,@casuallyfinance,https://www.youtube.com/@casuallyfinance,D,1,US,2025-07-16T20:07:32.438617Z,417,361000,186,18009416,96824.8,49.89,13.58,0,1,0,True
UCroV52yaP8hYtBzFVNDHOrw,EB Whiteboard Finance,@ebwhiteboard-finance,https://www.youtube.com/@ebwhiteboard-finance,D,1,IN,2026-07-28T18:53:47.771737Z,40,0,2,8,4.0,,1.52,0,1,0,False
UCpH_qlKdyyjBk4mLAZTEKAA,اقتصاد موازي,@actsadmowzee,https://www.youtube.com/@actsadmowzee,B,1,EG,2021-12-26T21:19:05.396066Z,1715,115000,1734,27506097,15862.8,239.18,30.78,1,1,0,True
UCrTFPf6rq5OUSWb7ILW9trg,Chris Sain,@chrissain1,https://www.youtube.com/@chrissain1,C,2,US,2013-10-24T01:16:25Z,4701,1110000,2581,113341062,43913.6,102.11,16.71,0,1,0,True
UCqCQRW6MyqX5F-35lzfN3Lw,"Your Money, Your Wealth",@yourmoneyyourwealth,https://www.youtube.com/@yourmoneyyourwealth,A,1,US,2013-12-10T23:16:32Z,4653,34800,1863,7865914,4222.2,226.03,12.19,0,1,0,False
UCnEDksKDx3-pJSbJ2sTh-ig,الذكاء المالي,@thakamaly,https://www.youtube.com/@thakamaly,A,1,NL,2021-01-07T09:01:10.22834Z,2069,7110,23,203336,8840.7,28.6,0.34,1,1,0,False
UCuwNlvUgUmLROlH-sBMng8g,الفوركس العربي,@forexaraby,https://www.youtube.com/@forexaraby,B,1,EG,2014-08-24T17:35:31Z,4396,148000,4190,9530543,2274.6,64.4,29.01,1,1,0,True
UCsTe0NVZ-yU0-xf0wUdeTyQ,تداول مع بات,@tradewithpatarabic,https://www.youtube.com/@tradewithpatarabic,B,1,CA,2023-08-17T18:35:54.359056Z,1116,63000,178,3145907,17673.6,49.94,4.86,1,1,0,True
UCxH2HgyINJnROn6TgrTzJkw,How Money Works Uncut,@howmoneyworksuncut,https://www.youtube.com/@howmoneyworksuncut,D,1,US,2024-08-30T17:07:51.941691Z,737,117000,50,13088176,261763.5,111.86,2.07,0,1,0,True
UCsXVk37bltHxD1rDPwtNM8Q,Kurzgesagt – In a Nutshell,@kurzgesagt,https://www.youtube.com/@kurzgesagt,D,2,DE,2013-07-09T20:17:20Z,4807,25500000,386,3835877783,9937507.2,150.43,2.44,0,0,0,False
UCwFzktSPFngzycXKDhOq9kg,المقصد | Almaqsad,@almaaqsad,https://www.youtube.com/@almaaqsad,A,2,EG,2026-04-11T09:29:56.763523Z,149,2,1,116,116.0,58.0,0.2,1,1,0,False
UCvJsQtYbqH0Sb1mXScH_qZw,SMART Stock Market Analysis & Research Team,@smartnepse,https://www.youtube.com/@smartnepse,C,1,,2024-10-27T14:48:42.072099Z,679,2670,225,66774,296.8,25.01,10.09,0,1,0,False
UCvWpf6aN45jIFIifAvBF_aA,سبائك الذهب ..كريم الزينى,@user-karim1984,https://www.youtube.com/@user-karim1984,B,1,,2021-11-14T17:54:03.870264Z,1757,60300,2318,16473481,7106.8,273.19,40.16,1,1,0,True
UCxADLHs9aspx0-OaxFeF_Ow,Cryptocurrency,@cryptocurrency4611,https://www.youtube.com/@cryptocurrency4611,C,1,US,2017-12-11T12:54:52Z,3192,245,13,24904,1915.7,101.65,0.12,0,1,0,False
UCsK1dOqeNp--H4Y7nR9EeXg,Money Explained Lab,@moneyexplainedlabtv,https://www.youtube.com/@moneyexplainedlabtv,D,1,GB,2026-01-09T15:49:12.57906Z,240,7,1,41,41.0,5.86,0.13,0,1,0,False
UCtGwOYMRnVxs8Ge38d8lxVg,The Wealth Board,@thewealthboardhq1,https://www.youtube.com/@thewealthboardhq1,D,1,US,2016-12-22T07:22:04Z,3546,42,8,1045,130.6,24.88,0.07,0,1,0,False
UCvEpBSmWqqT-_0mLir-rVsQ,Personal Finance With Lerato Mochaki,@lerato_mochaki,https://www.youtube.com/@lerato_mochaki,C,1,ZA,2015-11-14T10:24:51Z,3950,5660,230,281981,1226.0,49.82,1.77,0,1,0,False
UCvzN5Tzm-TrmbpO_H1uDcqg,US Stock Market Analysis,@stockanalysis101,https://www.youtube.com/@stockanalysis101,C,1,,2024-11-21T04:57:09.771437Z,655,5,30,235,7.8,47.0,1.39,0,1,0,False
UCuCL2wCePWeblnWDnNjoy-g,Principles Personal Finance,@principlespersonalfinance,https://www.youtube.com/@principlespersonalfinance,C,1,GB,2020-10-29T22:46:15.645541Z,2138,30100,136,2513969,18485.1,83.52,1.94,0,1,0,True
UCwIsRM8qBXobpAnzVJ0c4IQ,Data Trader,@datatraders,https://www.youtube.com/@datatraders,C,1,US,2020-08-21T16:46:21.615462Z,2207,912000,56,35487980,633713.9,38.91,0.77,0,1,0,True
UCvKMf5p72OlQzRf7AyRq3XQ,Total Money Gyan Crypto,@totalmoneygyancrypto,https://www.youtube.com/@totalmoneygyancrypto,C,1,IN,2025-11-14T18:31:53.784446Z,296,294,80,38383,479.8,130.55,8.23,0,1,0,False
UCtMTq5s-i2WDtIl29r7ryoA,Fiscus Fact,@fiscusfact,https://www.youtube.com/@fiscusfact,D,1,,2026-02-03T03:25:00.511498Z,216,1,1,7,7.0,7.0,0.14,0,1,0,False
UCwp9GbPASoPs6BIxVWm_-2A,Fidelity Investments,@fidelityinvestments,https://www.youtube.com/@fidelityinvestments,C,1,US,2006-09-27T21:11:11Z,7284,170000,520,5848624,11247.4,34.4,2.17,0,1,0,True
UCtqisbyax85fZnWD_wEJP8g,moneymaxing ,@nexus-z3g,https://www.youtube.com/@nexus-z3g,D,1,NO,2026-05-04T18:42:15.867578Z,125,21,17,1679,98.8,79.95,4.14,0,1,0,False
UCweEjzYilZFK339a0-gT-1Q,Domenico Marti - Stock Market Investing,@domenicomartistocks,https://www.youtube.com/@domenicomartistocks,C,1,CA,2014-11-07T20:46:47Z,4321,1050,32,130964,4092.6,124.73,0.23,0,1,0,False
UCvtMzybr9szdjjervylJfgA,مدرسة الاستثمار - Investing School,@مدرسةالاستثمار,https://www.youtube.com/@مدرسةالاستثمار,A,1,EG,2026-01-23T15:19:19.718121Z,226,858,101,32789,324.6,38.22,13.6,1,1,0,False
UCttHw7iySQ1Yh_mmAOnlUuA,Mohamed Makhlouf,@mohamedmakhlouf3141,https://www.youtube.com/@mohamedmakhlouf3141,A,1,,2013-03-28T23:31:58Z,4910,835,10,70165,7016.5,84.03,0.06,1,1,0,False
UCuCjd3yNU9IPDxkvgk7wu3A,كرار علي | Forex,@forexkrar,https://www.youtube.com/@forexkrar,B,1,IQ,2022-05-27T02:14:12.778856Z,1564,9050,230,446946,1943.2,49.39,4.48,1,1,0,False
UCuRoJTo15F0eWhzBBLK_D5w,مؤشرات الذهب اليوم,@aevicoin,https://www.youtube.com/@aevicoin,B,1,AE,2025-02-12T08:06:04.615095Z,572,601,106,19400,183.0,32.28,5.64,1,1,0,False
UCvkkCoD0No8yUAHupy047Ew,Brian Explains Money,@brianinvestsus,https://www.youtube.com/@brianinvestsus,D,1,US,2026-01-17T15:43:25.630498Z,232,947,130,54294,417.6,57.33,17.06,0,1,0,False
UCu6JxJi-InT3XE46bwUsWbA,أســـأل مجــرب,@askaldoktor,https://www.youtube.com/@askaldoktor,A,1,,2026-06-05T09:08:55.216813Z,94,10,28,798,28.5,79.8,9.07,1,1,0,False
UCtPnGAPYWSeZT0ciC_cm0Dw,تعلم التداول  Trading Forex ,@fore24x,https://www.youtube.com/@fore24x,B,1,,2017-11-30T20:37:16Z,3202,83,14,4129,294.9,49.75,0.13,1,1,0,False
UCvbZSx1RUCujQMw2AbisgFw,تعلم التداول من الصفر للمبتدئين ,@almahasneh-308,https://www.youtube.com/@almahasneh-308,A,1,,2023-12-05T16:30:54.790637Z,1006,184,342,12201,35.7,66.31,10.35,1,1,0,False
UCtyQEIjfYZ0r1gb37p0wLxA,أكاديمية الاستثمار | INVESTMENT ACADEMY,@iainvestacademy,https://www.youtube.com/@iainvestacademy,A,1,SA,2010-02-13T03:52:37Z,6050,21800,287,1000534,3486.2,45.9,1.44,1,1,0,True
UCvBkfVi6dGbUD0i1LXb4nLA,أسرار الاقتصاد,@اسرار-الاقتصاد,https://www.youtube.com/@اسرار-الاقتصاد,A,1,EG,2025-10-29T07:51:53.403228Z,313,40,37,12186,329.4,304.65,3.6,1,1,0,False
UCtP_42-6Gxk3GFRRn4pXXlg,PW Creations,@pw-creations1,https://www.youtube.com/@pw-creations1,D,1,IN,2025-06-29T18:41:03.262177Z,434,194000,127,9436535,74303.4,48.64,8.91,0,0,0,False
UCvSvmOUTAHfooYOJDo32ZDg,البنك الخفي,@البنكالخفي,https://www.youtube.com/@البنكالخفي,A,1,TN,2025-01-12T16:32:33.811596Z,602,84,6,6018,1003.0,71.64,0.3,1,1,0,False
UCvrPEni5SLR21k0spbgUu_w,الثقافة المالية ,@culturefinanciere,https://www.youtube.com/@culturefinanciere,A,1,,2025-09-25T18:24:18.073864Z,346,45,40,16365,409.1,363.67,3.52,1,1,0,False
UCtnJmiK9f4pLWhh61ySbdvQ,ِAhmed Abdrabo - أحمد عبدربه,@aabdrabo,https://www.youtube.com/@aabdrabo,A,1,EG,2020-04-11T17:44:46.755925Z,2339,53000,866,8229705,9503.1,155.28,11.27,1,1,0,True
UCupacIS5np61DmC7C5KpPVg,cristyyyy,@outdoeveryone,https://www.youtube.com/@outdoeveryone,D,1,,2026-06-26T21:31:22.96836Z,72,2,1,14,14.0,7.0,0.42,0,1,0,False
UCx65Bt6HWrH73dRVYVIBDOw,Riyali,@riyalifoundation,https://www.youtube.com/@riyalifoundation,A,1,,2015-04-19T08:33:58Z,4159,10000,145,4576924,31565.0,457.69,1.06,1,1,0,False
UCtkq5tpstF315LLIs-Z_zEQ,تعلم أولاً ثم استثمر.,@learnthenivest,https://www.youtube.com/@learnthenivest,A,1,,2026-04-22T01:23:37.221001Z,138,86,12,1455,121.2,16.92,2.65,1,1,0,False
UCxGq5aQWVZacjjXEvBpQYYQ,Stock Market Analysis,@stockmarketanalysis,https://www.youtube.com/@stockmarketanalysis,C,1,IN,2020-04-05T12:12:18.279098Z,2346,122000,0,0,,0.0,0.0,0,1,0,False
UCtJdCE2a1y39GI5qbeuwbyw,The Investing Coach,@theinvestingcoach,https://www.youtube.com/@theinvestingcoach,C,1,CZ,2025-05-31T19:25:46.7691Z,463,5,9,10102,1122.4,2020.4,0.59,0,1,0,False
UCsooa4yRKGN_zEE8iknghZA,TED-Ed,@teded,https://www.youtube.com/@teded,D,1,US,2011-03-01T20:33:10Z,5668,22900000,2375,4692058027,1975603.4,204.89,12.75,0,0,0,False
UCsR-oBB7cabU76oTguE17Qw,EA Trading,@eatrading,https://www.youtube.com/@eatrading,B,2,AE,2018-05-22T07:24:47Z,3030,524000,335,23564380,70341.4,44.97,3.37,1,1,0,True
UCusqQ4ILGOMFdfUmmtBeGqg,BITCOIN AK LIVE ,@bitcoinaklive,https://www.youtube.com/@bitcoinaklive,C,1,IN,2022-11-24T10:35:32.985995Z,1383,7,26,195,7.5,27.86,0.57,0,1,0,False
UCsYYksPHiGqXHPoHI-fm5sg,Whiteboard Crypto,@whiteboardcrypto,https://www.youtube.com/@whiteboardcrypto,D,1,US,2021-03-19T21:06:12.052309Z,1997,1020000,152,34163103,224757.3,33.49,2.32,0,1,0,True
UCw4QS5PlhVTIFvusm27X-8Q,Investing with Dev | Stock Market Education ,@investingwithdev,https://www.youtube.com/@investingwithdev,C,1,IN,2025-11-20T01:58:11.151657Z,291,24,17,7498,441.1,312.42,1.78,0,1,0,False
UCwTu6kD2igaLMpxswtcdxlg,Gareth Soloway,@garethsolowayprotrader,https://www.youtube.com/@garethsolowayprotrader,C,1,US,2021-06-09T21:40:59.859286Z,1915,294000,1838,49265327,26803.8,167.57,29.22,0,1,0,True
UCsOEfzs6zPvPxz2h5WjNIkQ,XBRAT Trading Indicators,@xbrattradingindicators,https://www.youtube.com/@xbrattradingindicators,C,1,ES,2014-01-17T15:29:56Z,4615,4800,917,605816,660.6,126.21,6.05,0,1,0,False
UCtDnxj8sBIqsIFxnPhDdNlg,The Oldest Game,@theoldestgame,https://www.youtube.com/@theoldestgame,D,1,US,2026-04-27T00:07:35.31126Z,133,0,6,20,3.3,,1.37,0,1,0,False
UCw5TLrz3qADabwezTEcOmgQ,Groww,@groww,https://www.youtube.com/@groww,C,1,IN,2017-06-23T09:38:45Z,3363,2470000,3285,248471365,75638.2,100.6,29.73,0,1,0,True
UCvYUla1EeDD4MKX-fmCQINg,Valkyrie Investing,@valkyrieinvesting,https://www.youtube.com/@valkyrieinvesting,C,1,,2026-07-01T08:29:33.664364Z,68,14,39,1102,28.3,78.71,17.46,0,1,0,False
UCt9KuRXwU6VHdg-H5JMk-gw,Keyser Soze (أبسط واقوى تحليل فني للأسهم والبورصة),@qeyser_soze,https://www.youtube.com/@qeyser_soze,B,1,EG,2023-02-20T11:37:59.953062Z,1295,1330,21,19275,917.9,14.49,0.49,1,1,0,False
UCwL77qyMuj0BnhF6zeCetPw,OSAMA AHMAD - TRADE,@osama-ahmad1,https://www.youtube.com/@osama-ahmad1,B,1,TR,2021-07-14T12:39:24.453901Z,1881,24300,59,1008559,17094.2,41.5,0.95,1,1,0,True
UCxJXEvYMY2CslHaWYtL53Ww,SquirrelExplains,@squirrelexplainss,https://www.youtube.com/@squirrelexplainss,D,1,,2025-11-09T16:03:05.219941Z,301,2,5,943,188.6,471.5,0.51,0,1,0,False
UCzpHLgy4X1T8zNoU9FXGcUg,investment bdarija,@investmentbdarija,https://www.youtube.com/@investmentbdarija,A,1,,2026-04-21T13:49:32.103394Z,139,7,11,484,44.0,69.14,2.41,1,1,0,False
UCzAoDl3WxFOsfsEFKy-HyDw,تداول الأسهم السعودية,@user-abonasser,https://www.youtube.com/@user-abonasser,B,1,SA,2015-10-24T20:48:37Z,3970,13400,4988,3156783,632.9,235.58,38.25,1,1,0,False
UCyRqZIEdQoR77ZflpHe9lFA,The Quiet Chart,@thequietchart,https://www.youtube.com/@thequietchart,D,1,,2026-07-26T17:12:04.726452Z,42,3,9,166,18.4,55.33,6.52,0,1,0,False
UCyJgT3OvRWmsJmda4prRfuw,TheFintales,@watchfintales,https://www.youtube.com/@watchfintales,D,1,IN,2026-07-09T18:01:59.450039Z,59,34,21,2919,139.0,85.85,10.83,0,1,0,False
UCycmB7NH2rvDBvHD7sM-QiA,تعلم الاستثمار,@تعلمالاستثمار-ي5ح,https://www.youtube.com/@تعلمالاستثمار-ي5ح,A,1,EG,2018-04-10T18:12:14Z,3071,22,2,158,79.0,7.18,0.02,1,1,0,False
UCyIShfI-_Ibhg31hnGBEFvw,سلطان بن سعيد - استثمار / اسهم ,@albasatah2030,https://www.youtube.com/@albasatah2030,A,1,SA,2015-08-20T23:42:26Z,4035,19800,89,639894,7189.8,32.32,0.67,1,1,0,False
UCx_vn8XWtuen68NEEkfWRCA,WhiteBoard Wealth,@whiteboardwealth-h1n,https://www.youtube.com/@whiteboardwealth-h1n,D,1,US,2026-08-14T11:38:59.432858Z,24,9,9,379,42.1,42.11,,0,1,0,False
UCye8rv0cVm0vtUkBX9pfX5g,bitcoin : تحليل البيتكوين,@bitcoin2186,https://www.youtube.com/@bitcoin2186,B,1,MA,2020-10-03T09:23:40.178364Z,2165,9,1,79,79.0,8.78,0.01,1,1,0,False
UCz53FesQTPT2wDwliNq6oYA,فلوس بذكاء,@فلوسبذكاء-م8غ,https://www.youtube.com/@فلوسبذكاء-م8غ,A,1,SA,2026-04-09T22:44:40.022626Z,150,36,18,15136,840.9,420.44,3.65,1,1,0,False
UCxN6cAMLxQoKoHJXl5yZL9A,Draw My Money,@drawmymoney-l5d,https://www.youtube.com/@drawmymoney-l5d,D,1,KZ,2025-10-14T17:36:53.576952Z,327,3,8,205,25.6,68.33,0.74,0,1,0,False
UCzNzQPhNY-fJDZ3YWDZLkKw,Bitcoin News,@bitcoinnews100,https://www.youtube.com/@bitcoinnews100,B,1,,2024-05-10T10:43:15.987435Z,850,583,88,80656,916.5,138.35,3.15,1,1,0,False
UCxtjWwx73cE81ymVc3Y5kzA,دكتور عبدالفتاح - ​ذو أثـر,@dr_athar,https://www.youtube.com/@dr_athar,A,1,,2026-05-31T20:19:00.433715Z,98,1100,25,13736,549.4,12.49,7.77,1,1,0,False
UCzCZuiiDsxZr1w9WuuNWQNA,MoneyInMotionStudio,@moneyinmotionstudio,https://www.youtube.com/@moneyinmotionstudio,D,1,,2023-05-07T16:39:17.809435Z,1218,10,1,72,72.0,7.2,0.02,0,1,0,False
UCztR-N6YAa8KcZwUgdycLWA,Salman Animates,@salman_animates,https://www.youtube.com/@salman_animates,D,1,,2023-02-11T19:58:39.052446Z,1303,0,5,215,43.0,,0.12,0,1,0,False
UCxtRwmGlVKNod-hB80hxr7w,money economy ,@moneyeco1,https://www.youtube.com/@moneyeco1,A,1,,2024-08-24T15:55:44.376712Z,743,2,7,165,23.6,82.5,0.29,1,1,0,False
UCyeHDGIpBZL-Bq5ZvyMNR-w,Macro Nexus,@macronexus04,https://www.youtube.com/@macronexus04,C,1,GB,2026-09-06T08:54:33.84861Z,1,0,4,0,0.0,,,0,1,0,False
UCyCGRqCNcwOVYbL27lA82PA,Personal Finance With Hawa,@personalfinancewithhawa,https://www.youtube.com/@personalfinancewithhawa,C,1,BE,2025-08-23T16:47:39.966557Z,379,565,50,17321,346.4,30.66,4.02,0,1,0,False
UCzGREyAr5iPdy__D5GKMLiA,Into Investing - Everything Stocks Investing ,@intoinvesting-everythingst306,https://www.youtube.com/@intoinvesting-everythingst306,C,1,IN,2021-07-06T08:51:30.199938Z,1889,253,15,129581,8638.7,512.18,0.24,0,1,0,False
